Price,Close,High,Low,Open,Volume
Ticker,SPY,SPY,SPY,SPY,SPY
Date,,,,,
1993-01-29,24.175392150878906,24.192586597643402,24.072225470291944,24.192586597643402,1003200
1993-02-01,24.347328186035156,24.347328186035156,24.192578218751034,24.192578218751034,480500
1993-02-02,24.39891815185547,24.41611259734656,24.278557033417847,24.330140369891115,201300
1993-02-03,24.656831741333008,24.67402618466727,24.416109534653327,24.43330397798759,529400
1993-02-04,24.75999641418457,24.811579740047453,24.467690900961557,24.74280197223027,531500
1993-02-05,24.7428035736084,24.794386902809805,24.605248029071312,24.7428035736084,492100
1993-02-08,24.7428035736084,24.828775788944075,24.708414687474125,24.7428035736084,596100
1993-02-09,24.57086181640625,24.656834041096264,24.51927848159224,24.656834041096264,122100
1993-02-10,24.60523796081543,24.622432396846747,24.502071344627524,24.570849088752794,379600
1993-02-11,24.72561264038086,24.828779313428345,24.639640412841285,24.639640412841285,19500
1993-02-12,24.53645896911621,24.691208885529697,24.53645896911621,24.691208885529697,42500
1993-02-16,23.917465209960938,24.467687270865863,23.88307633115438,24.467687270865863,374800
1993-02-17,23.900266647338867,23.95184995664967,23.814294465154195,23.9174610837758,210900
1993-02-18,23.883075714111328,24.17538117641507,23.556381373889504,24.17538117641507,378100
1993-02-19,23.969038009643555,23.969038009643555,23.848676986639607,23.88306585035502,34900
1993-02-22,24.055028915405273,24.089417805920508,23.969056689117192,24.037834470147658,513600
1993-02-23,24.037824630737305,24.140991260053774,23.917463563201423,24.12379682183436,373700
1993-02-24,24.347328186035156,24.347328186035156,24.05502269227626,24.05502269227626,26300
1993-02-25,24.39891815185547,24.41611259734656,24.278557033417847,24.330140369891115,44500
1993-02-26,24.43329429626465,24.450488732785594,24.312933240618026,24.450488732785594,66200
1993-03-01,24.364532470703125,24.51928250050999,24.33014357519049,24.51928250050999,66500
1993-03-02,24.72561264038086,24.72561264038086,24.34733483920674,24.38172373022257,182400
1993-03-03,24.828773498535156,24.845967940016134,24.725606849649274,24.759995732611234,280100
1993-03-04,24.691219329833984,24.863163754136448,24.69121932983398,24.863163754136448,89500
1993-03-05,24.62244415283203,24.828777483721684,24.605249708591227,24.72561081827686,40000
1993-03-08,25.172653198242188,25.172653198242188,24.67401457614586,24.67401457614586,50800
1993-03-09,25.086687088012695,25.13827040621971,25.035103769805676,25.121075966817372,169300
1993-03-10,25.138275146484375,25.13827514648437,24.983525162682486,25.08669181855041,194400
1993-03-11,25.069480895996094,25.22423077807014,25.03509203331297,25.155453052703898,70900
1993-03-12,24.81159019470215,24.88036799149966,24.65684015190775,24.863173542300284,643600
1993-03-15,24.931934356689453,24.93193435668945,24.794378856790473,24.794378856790473,310800
1993-03-16,24.931934356689453,25.00071210663894,24.93193435668945,24.93193435668945,30800
1993-03-17,24.777191162109375,24.897552257275763,24.74280227777612,24.897552257275763,21800
1993-03-18,24.931934356689453,25.035100981613684,24.880351044227336,24.880351044227336,59300
1993-03-19,24.89420509338379,25.03241025698342,24.89420509338379,25.03241025698342,66900
1993-03-22,24.75600242614746,24.807829367723485,24.635072895803404,24.652348542995412,183400
1993-03-23,24.807828903198242,24.842380196935288,24.7732776094612,24.825104550066765,55200
1993-03-24,24.807828903198242,24.91148278440938,24.652348081381543,24.7732776094612,37200
1993-03-25,24.96332359313965,25.015150562537173,24.790567028481245,24.825118341412924,110100
1993-03-26,24.825101852416992,24.96330701234694,24.80782620742575,24.9460313673557,101500
1993-03-29,24.928773880004883,25.049703483026388,24.842395592132377,24.842395592132377,87100
1993-03-30,24.99786376953125,24.99786376953125,24.928761174453072,24.96331247199216,56000
1993-03-31,24.980581283569336,25.1360620799401,24.980581283569336,25.066959503775315,111600
1993-04-01,24.89420509338379,25.01513461153347,24.842378157033927,25.01513461153347,129500
1993-04-02,24.375930786132812,24.686892341164985,24.375930786132812,24.686892341164985,59400
1993-04-05,24.49686622619629,24.565968810755376,24.427763641637203,24.565968810755376,172200
1993-04-06,24.427753448486328,24.548682921003586,24.35865089276218,24.548682921003586,129700
1993-04-07,24.51414680480957,24.51414680480957,24.410492907114815,24.462319855962193,28000
1993-04-08,24.47960090637207,24.617806133789838,24.375946985808742,24.617806133789838,180800
1993-04-12,24.825101852416992,24.84237749740824,24.686896692487046,24.721447982469535,348500
1993-04-13,24.876935958862305,24.963314208719467,24.790557709005146,24.807833358976577,146100
1993-04-14,24.84238624572754,24.911488850027197,24.82511059465262,24.894213198952283,119600
1993-04-15,24.84238624572754,24.894213198952283,24.738732339278048,24.82511059465262,148600
1993-04-16,24.84238624572754,24.894213198952283,24.807834943577706,24.85966189680245,47900
1993-04-19,24.73873519897461,24.911491729693704,24.7214595459027,24.842389117406068,157000
1993-04-20,24.617801666259766,24.73873121830455,24.462320813630757,24.704179917720325,279500
1993-04-21,24.600522994995117,24.66962558767769,24.53142040231255,24.66962558767769,67900
1993-04-22,24.289567947387695,24.704183616475394,24.289567947387695,24.496875781931543,97700
1993-04-23,24.185916900634766,24.306846485137942,24.151365590776717,24.23774386542184,106000
1993-04-26,23.99587631225586,24.289562343435378,23.92677371668421,24.203184098970812,62600
1993-04-27,24.255022048950195,24.255022048950195,23.961335884539828,23.961335884539828,156800
1993-04-28,24.203189849853516,24.27229246184453,24.168638543858005,24.22046550285127,85900
1993-04-29,24.30682945251465,24.30682945251465,24.11679738145732,24.255002524044468,85000
1993-04-30,24.34139060974121,24.479595808377073,24.34139060974121,24.393217559229658,88500
1993-05-03,24.49686622619629,24.49686622619629,24.272282826379257,24.37593670321789,80500
1993-05-04,24.583250045776367,24.669628296112894,24.51414744550714,24.548698745641754,149100
1993-05-05,24.65233612060547,24.738714313039267,24.583233566658432,24.583233566658432,109000
1993-05-06,24.565969467163086,24.635072053568607,24.548693820561706,24.617796406967226,54700
1993-05-07,24.51414680480957,24.583249403272738,24.479595505577983,24.583249403272738,68000
1993-05-10,24.565969467163086,24.70417463997413,24.548693820561706,24.548693820561706,113900
1993-05-11,24.66963005065918,24.66963005065918,24.49687353769938,24.5659761428833,42600
1993-05-12,24.635068893432617,24.65234453781791,24.56596631589143,24.56596631589143,31000
1993-05-13,24.34139060974121,24.53142275786552,24.32411495991173,24.53142275786552,129100
1993-05-14,24.324106216430664,24.410484434528783,24.306830572811037,24.341381860050287,63500
1993-05-17,24.410484313964844,24.41048431396484,24.289554809224747,24.393208670430543,34000
1993-05-18,24.393205642700195,24.44503256687024,24.306827435750126,24.427756925480224,105200
1993-05-19,24.89420509338379,24.89420509338379,24.237730566285535,24.39321137533512,50200
1993-05-20,24.96332359313965,24.963323593139652,24.842393997878766,24.89422096727629,98200
1993-05-21,24.73873519897461,25.015145648125163,24.7214595459027,24.980594341981345,221400
1993-05-24,24.84238624572754,24.928764501102112,24.790559292502792,24.790559292502792,30500
1993-05-25,24.89420509338379,24.94603202973365,24.89420509338379,24.94603202973365,191800
1993-05-26,25.205171585083008,25.222447233873332,24.946036853228144,24.963312502018468,102400
1993-05-27,25.118797302246094,25.23972686284838,25.08424599921687,25.23972686284838,53800
1993-05-28,24.99786376953125,25.10151766214852,24.87693422814444,25.10151766214852,79100
1993-06-01,25.239709854125977,25.32608805348986,25.049677815525442,25.08422909527099,28300
1993-06-02,25.205171585083008,25.29154982903463,25.066966394760414,25.17062028750236,20300
1993-06-03,25.118797302246094,25.153348605275315,25.066970347702256,25.153348605275315,21600
1993-06-04,25.032407760620117,25.049683404347252,24.9287538982573,25.049683404347252,32000
1993-06-07,24.946044921875,25.084250156899238,24.946044921875,25.084250156899238,121400
1993-06-08,24.721445083618164,24.876925870307584,24.721445083618164,24.876925870307584,104500
1993-06-09,24.807828903198242,24.91148278440938,24.7732776094612,24.807828903198242,43300
1993-06-10,24.825101852416992,24.84237749740824,24.738723627460775,24.790550562434507,17900
1993-06-11,24.928773880004883,24.96332519515388,24.825119934557875,24.91149822243038,647400
1993-06-14,24.89420509338379,24.98058332063356,24.89420509338379,24.963307675183607,64200
1993-06-15,24.84238624572754,24.946040152177027,24.842386245727536,24.928764501102112,142400
1993-06-16,24.89420509338379,24.89420509338379,24.773275575234113,24.842378157033927,330900
1993-06-17,24.980581283569336,24.980581283569336,24.894203063363356,24.946029995486946,37400
1993-06-18,24.774873733520508,24.966252673877758,24.774873733520508,24.966252673877758,58500
1993-06-21,24.827054977416992,24.84445305378519,24.7922588246806,24.84445305378519,29300
1993-06-22,24.84446907043457,24.86186715801891,24.809672895265894,24.86186715801891,137500
1993-06-23,24.618284225463867,24.844459274885093,24.61828422546387,24.844459274885093,227600
1993-06-24,24.948850631713867,24.948850631713867,24.687879390796358,24.687879390796358,243700
1993-06-25,24.931453704833984,25.001046038971694,24.91405562129956,24.931453704833988,44800
1993-06-28,25.20981788635254,25.209817886352536,25.01843900660797,25.053235166561528,439900
1993-06-29,25.08802604675293,25.17501642832974,25.053229894122204,25.17501642832974,207500
1993-06-30,25.08802604675293,25.17501642832974,25.053229894122204,25.122822199383652,437600
1993-07-01,25.018447875976562,25.122836392844334,24.983651703687304,25.122836392844334,605700
1993-07-02,24.87925148010254,24.94884379193499,24.79226109031197,24.931445713976878,285400
1993-07-06,24.618284225463867,24.91405159778393,24.58348806401445,24.844459274885093,246400
1993-07-07,24.68787956237793,24.72267572807543,24.600889148134172,24.600889148134172,343700
1993-07-08,24.966243743896484,25.018437981688606,24.670476396407818,24.705272554935895,248200
1993-07-09,25.035846710205078,25.035846710205075,24.914060103553627,24.966254363547105,378200
1993-07-12,25.018447875976562,25.03584596212119,24.966253617542673,25.00104978983193,373700
1993-07-13,25.001041412353516,25.105429894242256,24.861856769835192,25.035837572983095,389600
1993-07-14,25.08802604675293,25.157618352014378,25.001035665176115,25.018433741491478,617300
1993-07-15,24.9836483001709,25.070638719043362,24.931454048847424,25.070638719043362,443800
1993-07-16,24.914064407348633,25.01845294536825,24.87926822800876,25.001054855698314,216400
1993-07-19,24.89665412902832,24.91405221018068,24.82706180441888,24.91405221018068,188200
1993-07-20,24.966243743896484,24.966243743896488,24.757466792728014,24.87925334757629,68500
1993-07-21,24.948850631713867,24.948850631713867,24.861860218074696,24.931452548986034,142700
1993-07-22,24.774873733520508,24.948854588390738,24.774873733520508,24.91405841741669,632400
1993-07-23,24.89665412902832,24.89665412902832,24.809663723266517,24.82706180441888,286200
1993-07-26,25.035846710205078,25.088040970198556,24.966254363547105,24.966254363547105,121300
1993-07-27,25.018447875976562,25.07064213441045,24.931457445253418,25.05324404826582,92800
1993-07-28,24.966243743896484,25.018437981688606,24.931447585368407,24.966243743896488,30800
1993-07-29,25.105453491210938,25.17504587788096,24.983666814538395,25.018463007873407,331000
1993-07-30,24.966243743896484,25.105428378008803,24.931447585368407,25.105428378008803,75300
1993-08-02,25.035846710205078,25.12283714352754,25.00105053687609,25.00105053687609,41300
1993-08-03,25.05324363708496,25.157632152239483,24.966253207789528,25.088039808803135,81600
1993-08-04,25.05324363708496,25.10543789466222,24.983651293648613,25.05324363708496,434000
1993-08-05,25.001041412353516,25.053235653297882,24.966245251723933,25.053235653297882,36800
1993-08-06,25.035846710205078,25.088040970198556,25.00105053687609,25.070642883534063,402300
1993-08-09,25.17502784729004,25.244620184117377,25.053241257842192,25.105435510462698,828200
1993-08-10,25.157625198364258,25.1750232794143,25.122829036264168,25.157625198364254,604900
1993-08-11,25.157625198364258,25.227217522564434,25.14022711731421,25.14022711731421,542200
1993-08-12,25.08802604675293,25.22721065727583,25.001035665176115,25.22721065727583,303700
1993-08-13,25.122840881347656,25.14023897060067,25.105442792094646,25.105442792094646,103500
1993-08-16,25.262012481689453,25.331604802575647,25.140225920138608,25.140225920138608,241800
1993-08-17,25.34900665283203,25.34900665283203,25.24461815597754,25.24461815597754,369300
1993-08-18,25.488203048706055,25.540397321160743,25.418610685433137,25.436008776251366,414300
1993-08-19,25.488203048706055,25.505601139524284,25.453406867069596,25.505601139524284,28500
1993-08-20,25.505590438842773,25.50559043884277,25.41860002124781,25.435998104766803,80700
1993-08-23,25.453397750854492,25.47079583544154,25.401203497093338,25.401203497093338,15600
1993-08-24,25.73176383972168,25.73176383972168,25.453394521644906,25.453394521644906,273400
1993-08-25,25.74917221069336,25.853560746682657,25.696977942698712,25.73177412136181,242300
1993-08-26,25.766551971435547,25.905736587081382,25.662163509701166,25.766551971435543,120000
1993-08-27,25.74917221069336,25.74917221069336,25.696977942698712,25.696977942698712,25700
1993-08-30,25.853559494018555,25.8883556709957,25.766569051575694,25.766569051575694,183500
1993-08-31,25.92314338684082,25.92314338684082,25.801356807171096,25.83615297279102,66500
1993-09-01,25.88834571838379,25.940539963783756,25.836151472983822,25.836151472983822,136500
1993-09-02,25.801359176635742,25.940543851897434,25.783961092228033,25.905747683082012,472400
1993-09-03,25.81874656677246,25.85354272117512,25.749154257967145,25.783950412369805,630500
1993-09-07,25.6447811126709,25.853558163791693,25.6099849374841,25.818761988604894,196400
1993-09-08,25.55778694152832,25.644777366788794,25.38380609100736,25.644777366788794,269900
1993-09-09,25.6099796295166,25.627377713504046,25.45339687362961,25.45339687362961,239200
1993-09-10,25.836149215698242,25.853547295978174,25.644770332618997,25.67956649317886,106500
1993-09-13,25.853559494018555,25.923151847972846,25.853559494018555,25.923151847972846,66900
1993-09-14,25.74917221069336,25.78396838935646,25.662181764035612,25.78396838935646,184500
1993-09-15,25.81874656677246,25.836144643973793,25.557775408752526,25.64476579475917,101000
1993-09-16,25.71436882019043,25.801359242450882,25.696970735738336,25.783961157998792,54300
1993-09-17,25.66451072692871,25.717030189534977,25.62949775185787,25.699523701999556,200900
1993-09-20,25.45444107055664,25.752051454462737,25.45444107055664,25.699531974949895,57800
1993-09-21,25.366891860961914,25.524450195502048,25.104294636728355,25.48943723227091,318200
1993-09-22,25.576988220214844,25.612001208880436,25.419429771219683,25.45444275988527,439700
1993-09-23,25.7170352935791,25.734541784589027,25.611996347519554,25.647009329539404,88500
1993-09-24,25.647001266479492,25.699520722997878,25.61198829546723,25.68201423749175,53500
1993-09-27,25.92709732055664,25.927097320556644,25.839564919069282,25.839564919069282,274600
1993-09-28,25.874589920043945,25.944615873819437,25.857083431600074,25.944615873819437,158300
1993-09-29,25.787063598632812,25.94462203202568,25.7520506134344,25.87459606162885,221000
1993-09-30,25.734556198120117,25.8395952030104,25.68203669567497,25.787075700565257,99300
1993-10-01,25.85708236694336,25.892095342389457,25.66451100198982,25.699523977435916,22700
1993-10-04,25.8920955657959,25.8920955657959,25.822069614299494,25.8920955657959,1038500
1993-10-05,25.85708236694336,25.944614805558604,25.769549928328114,25.944614805558604,436500
1993-10-06,25.839576721191406,25.979628627539324,25.839576721191403,25.874589697778383,209200
1993-10-07,25.769554138183594,25.874593081681624,25.752047647600588,25.874593081681624,59400
1993-10-08,25.80455207824707,25.857071519383258,25.611980794081045,25.839565039004526,54400
1993-10-11,25.85708236694336,25.909601830112504,25.85708236694336,25.85708236694336,467100
1993-10-12,25.8920955657959,25.90960205367,25.874589077921797,25.8920955657959,26200
1993-10-13,25.8920955657959,25.90960205367,25.857082590047696,25.90960205367,139100
1993-10-14,26.2247314453125,26.224731445312496,25.927121008349673,25.997146993517397,108100
1993-10-15,26.36475372314453,26.41727315287191,26.277221340265562,26.347247246568738,1502500
1993-10-18,26.29474639892578,26.347265865767845,26.259733421031076,26.347265865767845,722400
1993-10-19,26.102184295654297,26.31226223767164,26.1021842956543,26.259742752167302,880100
1993-10-20,26.137182235717773,26.18970169098043,26.08466278045511,26.18970169098043,230400
1993-10-21,26.102184295654297,26.154703781158634,26.067171305318077,26.154703781158634,56200
1993-10-22,25.979604721069336,26.24220180382947,25.979604721069336,26.137162970725416,390700
1993-10-25,26.04964256286621,26.08465552330017,25.92709720134735,25.99712312221527,114500
1993-10-26,26.032146453857422,26.049652941048986,25.944614017899593,26.03214645385742,186200
1993-10-27,26.04964256286621,26.06714904308319,25.99712312221527,25.99712312221527,118400
1993-10-28,26.24222755432129,26.31225351177111,26.084669150059185,26.084669150059185,129600
1993-10-29,26.24222755432129,26.259734043683743,26.207214575596378,26.224721064958832,80700
1993-11-01,26.312246322631836,26.3297528072111,26.20720741515626,26.20720741515626,36400
1993-11-02,26.29474639892578,26.32975937682049,26.137187998399597,26.27723990997843,262100
1993-11-03,25.962116241455078,26.277232959153118,25.839570851239174,26.277232959153118,479100
1993-11-04,25.6820068359375,25.96211052330969,25.66450035547674,25.96211052330969,130400
1993-11-05,25.80455207824707,25.80455207824707,25.50694191180867,25.611980794081045,363200
1993-11-08,25.839576721191406,25.909602674365363,25.752044279723954,25.822070232897914,367600
1993-11-09,25.85708236694336,26.03214724417385,25.83957587922031,26.0146407564508,246900
1993-11-10,26.04964256286621,26.04964256286621,25.78704535961151,25.85707128047943,46500
1993-11-11,25.979604721069336,26.11965649854141,25.96209824888533,26.049630609805373,88900
1993-11-12,26.102184295654297,26.189716771494858,26.014651819813743,26.032158314981853,108200
1993-11-15,26.084653854370117,26.15467977075769,26.01462793798255,26.15467977075769,243300
1993-11-16,26.207212448120117,26.224718936061414,26.03214756870716,26.137186496354936,492600
1993-11-17,26.06716537475586,26.224723795422616,25.997139410015077,26.224723795422616,39600
1993-11-18,25.997127532958984,26.08465994889487,25.92710160021027,26.032140499333337,240800
1993-11-19,25.944616317749023,25.979629295235867,25.892096851518765,25.909603340262183,106000
1993-11-22,25.787063598632812,25.89210255422806,25.699531135636775,25.87459606162885,165300
1993-11-23,25.92709732055664,25.944603800854114,25.787045478176864,25.927097320556644,89700
1993-11-24,26.032146453857422,26.049652941048986,25.96212050509116,25.99713347947429,77200
1993-11-26,26.04964256286621,26.10216200351715,26.03213608264923,26.10216200351715,1019800
1993-11-29,25.944616317749023,26.172200671413492,25.944616317749027,26.11968120518323,517500
1993-11-30,25.962116241455078,26.084661631670983,25.909596788505404,25.927103272821963,230000
1993-12-01,25.997127532958984,26.119672915269227,25.997127532958984,26.10216643208205,379200
1993-12-02,26.06716537475586,26.084671865941054,25.997139410015077,26.04965888357066,352000
1993-12-03,26.172195434570312,26.172195434570312,26.049650037886707,26.049650037886707,306000
1993-12-06,26.259719848632812,26.29473280843099,26.207200408935545,26.207200408935545,99500
1993-12-07,26.24222755432129,26.2772405330462,26.207214575596378,26.259734043683743,88800
1993-12-08,26.24222755432129,26.24222755432129,26.207214575596378,26.24222755432129,146700
1993-12-09,26.154699325561523,26.277244770862016,26.119686341189958,26.242231786490446,416500
1993-12-10,26.102184295654297,26.172210276326744,26.049664810149963,26.172210276326744,412900
1993-12-13,26.259719848632812,26.259719848632812,26.067148569742837,26.102161529541014,273200
1993-12-14,26.06716537475586,26.2772432689782,26.067165374755856,26.2772432689782,41900
1993-12-15,26.032146453857422,26.119678889815244,26.03214645385742,26.10217240262368,82600
1993-12-16,26.119672775268555,26.137179258361897,26.084659809081867,26.137179258361897,78200
1993-12-17,26.263212203979492,26.280838520894914,26.157454302486954,26.17508061940238,104700
1993-12-20,26.298471450805664,26.31609777215339,26.227966165414767,26.24559248676249,68800
1993-12-21,26.210350036621094,26.26322902122759,26.175097380216762,26.26322902122759,205700
1993-12-22,26.386611938476562,26.404238265756774,26.22797499295466,26.280853974795296,410300
1993-12-23,26.36897850036621,26.421857467947163,26.33372585531225,26.368978500366214,533800
1993-12-27,26.51000213623047,26.51000213623047,26.36899148656967,26.36899148656967,447100
1993-12-28,26.56287384033203,26.58050016670252,26.474742208479565,26.49236853485006,880600
1993-12-29,26.527612686157227,26.598117969044022,26.509986365435527,26.580491648322322,266700
1993-12-30,26.421871185302734,26.51000284369267,26.368992190268774,26.51000284369267,219900
1993-12-31,26.280864715576172,26.510007063867583,26.26323838109222,26.474754394899673,312900
1994-01-03,26.210350036621094,26.316108005834092,26.175097380216762,26.280855349429757,960900
1994-01-04,26.316102981567383,26.316102981567383,26.21034503254568,26.24559768221958,164300
1994-01-05,26.36897850036621,26.386604822893197,26.245594242677335,26.35135217783923,710900
1994-01-06,26.36897850036621,26.421857467947163,26.33372585531225,26.40423114542018,201000
1994-01-07,26.527612686157227,26.545239006878923,26.351349478940232,26.42185476182703,775500
1994-01-10,26.844890594482422,26.844890594482422,26.492364125743322,26.562869419491143,593700
1994-01-11,26.79201889038086,26.82727154681557,26.70388724929408,26.82727154681557,295200
1994-01-12,26.70387840270996,26.80963633697812,26.61574679081983,26.80963633697812,158400
1994-01-13,26.633384704589844,26.68626369473794,26.598132044491116,26.633384704589844,244300
1994-01-14,26.739139556884766,26.792018540846964,26.72151322889737,26.72151322889737,137200
1994-01-17,26.739139556884766,26.774392212859567,26.68626057292257,26.739139556884766,17700
1994-01-18,26.77439308166504,26.809645738783757,26.721514095986965,26.77439308166504,166400
1994-01-19,26.70387840270996,26.774383692222067,26.650999435575883,26.739131047466014,200800
1994-01-20,26.77439308166504,26.7920194102244,26.721514095986965,26.739140424546324,281100
1994-01-21,26.721500396728516,26.809631994343057,26.703874077205608,26.809631994343057,85600
1994-01-24,26.61574935913086,26.827265248077595,26.61574935913086,26.70388097952533,373800
1994-01-25,26.61574935913086,26.651002007288646,26.562870386894176,26.633375683209753,310400
1994-01-26,26.686262130737305,26.703888459753642,26.580504156639268,26.615756814671947,145100
1994-01-27,26.93302345275879,26.968276101257167,26.70388123751935,26.739133886017726,344500
1994-01-28,27.003515243530273,27.091646820695843,27.003515243530277,27.038767874396502,356500
1994-01-31,27.197429656982422,27.250308651778887,27.074045335790668,27.10929799898831,313800
1994-02-01,27.05641746520996,27.162175448787327,27.021164804017502,27.162175448787327,303600
1994-02-02,27.23267364501953,27.232673645019528,27.12691568911654,27.144542015100374,307600
1994-02-03,27.109289169311523,27.17979447274276,27.02115754002247,27.17979447274276,466100
1994-02-04,26.49236488342285,27.14453886924231,26.49236488342285,27.10928622136018,1403200
1994-02-07,26.61574935913086,26.686254655446437,26.421859794263018,26.421859794263018,516400
1994-02-08,26.633384704589844,26.668637364688575,26.527626724293658,26.668637364688575,188200
1994-02-09,26.739139556884766,26.756765884872166,26.61575526097297,26.65100791694777,144600
1994-02-10,26.51000213623047,26.73914444192927,26.51000213623047,26.72151811072167,883900
1994-02-11,26.59812355041504,26.668628848096724,26.404233981790412,26.527618252733358,519400
1994-02-14,26.633384704589844,26.72151635483667,26.510000394244294,26.54525305434302,2742100
1994-02-15,26.77439308166504,26.7920194102244,26.651008781749535,26.68626143886825,374700
1994-02-16,26.75676727294922,26.809646259654652,26.70388828624379,26.809646259654652,287600
1994-02-17,26.59812355041504,26.897771065562196,26.527618252733358,26.880144741141773,342400
1994-02-18,26.439485549926758,26.633375110626222,26.368980255126953,26.61574878692627,313300
1994-02-22,26.70387840270996,26.70387840270996,26.509988856551672,26.509988856551672,154500
1994-02-23,26.633384704589844,26.756769014935397,26.54525305434302,26.739142684886033,391700
1994-02-24,26.280864715576172,26.54525973283549,26.26323838109222,26.54525973283549,770800
1994-02-25,26.40424919128418,26.404249191284176,26.26323851469521,26.31611751841607,531300
1994-02-28,26.40424919128418,26.545259867873146,26.404249191284176,26.47475452957866,333000
1994-03-01,26.298471450805664,26.457108342935193,26.157460880023866,26.404229378892015,423600
1994-03-02,26.333740234375,26.333740234375,25.89308193058693,25.963587259193023,581500
1994-03-03,26.263212203979492,26.298464837810336,26.1927069363178,26.298464837810336,223200
1994-03-04,26.333740234375,26.404245562981092,26.175103245011297,26.263234905768908,595800
1994-03-07,26.47474479675293,26.50999745294035,26.421865812471797,26.421865812471797,539800
1994-03-08,26.36897850036621,26.492362758055094,26.33372585531225,26.492362758055094,880300
1994-03-09,26.49236488342285,26.50999120736392,26.280848996130057,26.404233263717522,2500100
1994-03-10,26.280864715576172,26.474754394899673,26.1927330431564,26.474754394899673,207400
1994-03-11,26.421871185302734,26.457123848658707,26.175102541810915,26.316113195234813,576600
1994-03-14,26.457115173339844,26.527620476933023,26.421862521543257,26.527620476933023,345900
1994-03-15,26.439485549926758,26.562869815826417,26.421859226226807,26.509990844726563,748600
1994-03-16,26.6509952545166,26.6509952545166,26.386600460324967,26.474732058388845,455500
1994-03-17,26.6509952545166,26.686247893742152,26.562863656452723,26.562863656452723,133000
1994-03-18,26.645183563232422,26.680639562651226,26.503359565557197,26.5210875652666,365500
1994-03-21,26.574268341064453,26.627452333741697,26.50335635082812,26.556540343505368,324800
1994-03-22,26.645183563232422,26.69836756236063,26.5210875652666,26.57427156439481,435700
1994-03-23,26.627479553222656,26.698391615947614,26.609751537541413,26.627479553222653,698500
1994-03-24,26.308361053466797,26.57428114497758,26.184265010761763,26.52109712667542,1200500
1994-03-25,26.060171127319336,26.397003271141834,26.06017112731934,26.326091240863413,100900
1994-03-28,26.09563446044922,26.13109048553135,25.865170297415357,26.095634460449215,1117200
1994-03-29,25.58150291442871,26.113342891859663,25.581502914428714,26.095614892611966,338400
1994-03-30,25.226947784423828,25.670147850910546,25.226947784423828,25.59923584027267,1123900
1994-03-31,25.297861099243164,25.351045109963366,24.69510897774753,25.22694908494956,788800
1994-04-04,24.907833099365234,24.9787450797193,24.588729187771943,24.588729187771943,2627300
1994-04-05,25.421951293945312,25.421951293945312,25.156031301330824,25.156031301330824,1179000
1994-04-06,25.421951293945312,25.47513529246821,25.244671298868987,25.45740729296058,516500
1994-04-07,25.546049118041992,25.59923312036963,25.262401105627923,25.404225111834958,666100
1994-04-08,25.351043701171875,25.492867721877733,25.226947683054252,25.492867721877733,242400
1994-04-11,25.457426071166992,25.56379414667326,25.35992200195291,25.421970045998233,203300
1994-04-12,25.421951293945312,25.52831929099111,25.368767295422415,25.483999292222027,1409200
1994-04-13,25.289005279541016,25.475149377287373,25.102861181794655,25.413101344705254,364100
1994-04-14,25.297861099243164,25.430821126043668,25.191493077802757,25.24467708852296,419900
1994-04-15,25.297861099243164,25.404229120683567,25.25354109030966,25.288997097456463,387300
1994-04-18,25.129444122314453,25.395364165936826,25.04966810922774,25.324452154304193,369100
1994-04-19,25.164901733398438,25.262405755613084,24.952165684930115,25.10285371926184,472200
1994-04-20,25.138322830200195,25.253554916516347,25.005362730604638,25.19150687003842,508000
1994-04-21,25.475133895874023,25.510589892945525,25.15602992223051,25.244669914909263,200300
1994-04-22,25.44855499267578,25.55492303862218,25.37764296204485,25.537195030964448,301800
1994-04-25,25.71446990966797,25.732197913742194,25.43968584651743,25.43968584651743,394600
1994-04-26,25.687881469726562,25.723337482797266,25.634697450120502,25.679017466458884,399000
1994-04-28,25.50173568725586,25.670151738023275,25.421959663208135,25.634695727335398,287000
1994-04-29,25.58150291442871,25.616958912924108,25.42195092119943,25.457406919694826,481900
1994-05-02,25.741058349609375,25.936066367409445,25.49286632695474,25.58150633504568,275000
1994-05-03,25.71446990966797,25.758789919853537,25.563781875037026,25.749925917816423,183400
1994-05-04,25.670154571533203,25.767658611687505,25.572650531378898,25.767658611687505,401900
1994-05-05,25.634687423706055,25.741055421314794,25.634687423706055,25.696735422311153,659800
1994-05-06,25.386497497558594,25.51059350487906,25.297857492329687,25.51059350487906,216300
1994-05-09,25.164901733398438,25.38650178388627,25.12058172330087,25.315589767730163,499300
1994-05-10,25.35989761352539,25.43967359343512,25.271257635847917,25.28898563138341,583400
1994-05-11,25.129444122314453,25.36877216157459,25.058532110681817,25.333316155758272,210600
1994-05-12,25.253541946411133,25.31558996102148,25.191493931800785,25.288997954759903,305200
1994-05-13,25.253541946411133,25.324453963108674,25.12944591719044,25.324453963108674,321300
1994-05-16,25.262409210205078,25.38650525544819,25.253545206973424,25.30672922636333,450400
1994-05-17,25.634687423706055,25.634687423706055,25.24467143247401,25.280127431676924,470200
1994-05-18,25.820837020874023,25.918341039833727,25.537188965718524,25.652420988125446,824800
1994-05-19,25.94493865966797,26.015850688802697,25.767658586831153,25.767658586831153,531000
1994-05-20,25.84743881225586,25.91835085289305,25.81198279193726,25.90062284273375,370400
1994-05-23,25.803115844726562,25.829707856933428,25.723339808105976,25.820843852864474,262700
1994-05-24,25.90947151184082,26.006975510003752,25.874015512508844,25.874015512508844,549600
1994-05-25,25.98038673400879,25.998114735874367,25.723330706957864,25.811970716285767,738200
1994-05-26,25.998123168945312,26.060171195601505,25.944939146097145,25.97153115752123,369600
1994-05-27,26.024709701538086,26.024709701538086,25.909477676292855,25.95379768600256,162000
1994-05-31,25.98924446105957,26.04242845381754,25.90060447312963,25.9449244670946,160000
1994-06-01,26.1044864654541,26.1044864654541,25.84743040178749,25.927206421546092,200500
1994-06-02,26.077898025512695,26.122218042551296,26.033578008474095,26.122218042551296,55100
1994-06-03,26.228572845458984,26.31721283479815,26.015836871044986,26.095612861450235,550400
1994-06-06,26.219717025756836,26.361541052941455,26.201989022358756,26.281765037650107,99300
1994-06-07,26.184263229370117,26.219719239159378,26.113351209791592,26.1753992269228,120600
1994-06-08,25.971525192260742,26.246309247195924,25.971525192260742,26.246309247195924,131900
1994-06-09,26.113361358642578,26.113361358642578,26.033585305612103,26.086769340965752,80500
1994-06-10,26.157663345336914,26.21084734400585,26.139935345780604,26.139935345780604,83100
1994-06-13,26.19312286376953,26.201986864738657,26.11334685504739,26.122210856016515,109700
1994-06-14,26.396997451782227,26.405861453612914,26.27290142615263,26.27290142615263,161000
1994-06-15,26.29061508178711,26.4147110396917,26.272887087800736,26.405847042698515,142800
1994-06-16,26.34380340576172,26.361531402670035,26.264027419674285,26.290619415036762,44000
1994-06-17,26.19676399230957,26.384138666641483,26.161073578151107,26.357370856022637,403800
1994-06-20,25.97370719909668,26.0540106565999,25.946939379928942,26.009397624653666,137400
1994-06-21,25.75063705444336,25.95585696166865,25.643565798499726,25.95585696166865,139200
1994-06-22,25.848785400390625,25.93801144595635,25.79524977305119,25.822017586720907,279900
1994-06-23,25.697093963623047,25.92908161746131,25.66140355534024,25.893391209178503,922500
1994-06-24,25.16175079345703,25.572190700016968,25.126060366799646,25.572190700016968,353800
1994-06-27,25.598949432373047,25.598949432373043,25.134974050538467,25.25989049949393,371200
1994-06-28,25.474042892456055,25.607881996969834,25.268822932201594,25.607881996969834,5382300
1994-06-29,25.554336547851562,25.706020808086716,25.48295571950561,25.509723530135343,311800
1994-06-30,25.393735885620117,25.60787842295493,25.304509828397276,25.598955817232646,271900
1994-07-01,25.4472713470459,25.518652192339154,25.340200079106012,25.518652192339154,406900
1994-07-05,25.58110809326172,25.616798512645413,25.420501206035105,25.500804649648412,112000
1994-07-06,25.545419692993164,25.590032720749004,25.393735398623313,25.48296145413499,174800
1994-07-07,25.65248680114746,25.65248680114746,25.518647739576256,25.545415551890496,66700
1994-07-08,25.64356231689453,25.688175334147306,25.48295545478455,25.491878058235102,148400
1994-07-11,25.554336547851562,25.706020808086716,25.429420098246144,25.661407790370497,124000
1994-07-12,25.590028762817383,25.59895136698852,25.420499283565803,25.563260950303974,257300
1994-07-13,25.634645462036133,25.714948911099246,25.598955040230305,25.598955040230305,532700
1994-07-14,25.911245346069336,25.964780976949644,25.741715848281693,25.75956105857513,494200
1994-07-15,25.920167922973633,25.97370355379561,25.884477502425646,25.89340010756264,49100
1994-07-18,25.964778900146484,26.027237131177767,25.920165877981287,25.920165877981287,72300
1994-07-19,25.911245346069336,26.018316607829952,25.911245346069336,26.009394002683234,609500
1994-07-20,25.795251846313477,25.92909092541922,25.732793609397465,25.92909092541922,185300
1994-07-21,25.848785400390625,25.86663060950377,25.741714145711754,25.79524977305119,86300
1994-07-22,25.893394470214844,25.929084882992537,25.83985885104831,25.911239676603692,151600
1994-07-25,25.92909812927246,25.955865952530484,25.87556248275641,25.902330306014434,120900
1994-07-26,25.902318954467773,25.938009369837346,25.87555114294059,25.920164162152556,489600
1994-07-27,25.902318954467773,25.90231895446777,25.795247708359053,25.90231895446777,83200
1994-07-28,25.95585060119629,26.0272314210002,25.90231498634336,25.90231498634336,828200
1994-07-29,26.214624404907227,26.294927883342954,26.12539831775642,26.134320926471503,459100
1994-08-01,26.33953094482422,26.357376155491444,26.205691864820032,26.23245968082087,486300
1994-08-02,26.375213623046875,26.482284855616754,26.285987595905308,26.428749239331815,505500
1994-08-03,26.384143829345703,26.401989039916785,26.321685592346913,26.36629861877462,144100
1994-08-04,26.232465744018555,26.393072677145202,26.22354313662263,26.366304854957427,231700
1994-08-05,26.14322853088379,26.17891894526042,26.071847702130523,26.098615512912996,138400
1994-08-08,26.205692291259766,26.232460107696188,26.143234052908106,26.17000186934453,328600
1994-08-09,26.25030517578125,26.250305175781246,26.107543488897324,26.107543488897324,105900
1994-08-10,26.348447799682617,26.375215609841455,26.232453955660986,26.268144369206105,840300
1994-08-11,26.25030517578125,26.401989468095415,26.11646609432757,26.28599559750223,876200
1994-08-12,26.455520629882812,26.464443233805202,26.294913759279815,26.294913759279815,184100
1994-08-15,26.446590423583984,26.544739038516312,26.446590423583984,26.48228082901392,325900
1994-08-16,26.63397979736328,26.6607476162551,26.35737900214778,26.46445027771507,1089500
1994-08-17,26.616147994995117,26.68752888133771,26.598302773409465,26.66968365975206,133700
1994-08-18,26.52690315246582,26.589361383904524,26.50013533899209,26.52690315246582,620000
1994-08-19,26.509056091308594,26.56259171451554,26.446597864233816,26.535823902912067,103200
1994-08-22,26.4822998046875,26.51799023569112,26.428764158182066,26.51799023569112,79700
1994-08-23,26.63397979736328,26.75889628552512,26.562598946985087,26.598289372174182,268600
1994-08-24,26.919496536254883,26.919496536254883,26.65181841358745,26.660741017676365,254700
1994-08-25,26.848127365112305,26.95519866068603,26.776746501396484,26.89274040493469,147400
1994-08-26,27.23180389404297,27.285339550453276,26.910589955581123,26.910589955581123,339500
1994-08-29,27.213943481445312,27.40131817426838,27.205020877025166,27.303169525646773,350300
1994-08-30,27.28531837463379,27.32993138701874,27.16932454243293,27.205014952340886,36000
1994-08-31,27.213943481445312,27.347782547747503,27.17825306376473,27.24071129470575,356200
1994-09-01,27.124731063842773,27.142576281647933,27.026582365914397,27.124731063842773,294600
1994-09-02,27.00872802734375,27.24963838635871,26.964114997896537,27.24963838635871,99600
1994-09-06,27.01763916015625,27.044406966457597,26.910567934950876,26.990871353854907,229800
1994-09-07,26.990882873535156,27.080108932621226,26.964115055809337,27.080108932621226,27900
1994-09-08,27.124731063842773,27.160421499453093,27.035504974816977,27.044427583719557,284800
1994-09-09,26.839200973510742,26.910581827163696,26.73212969303131,26.85704618692398,488400
1994-09-12,26.758878707885742,26.874872513555136,26.714265705705206,26.839182111810707,129400
1994-09-13,26.839200973510742,26.910581827163696,26.75889751315117,26.812433153390884,389200
1994-09-14,26.865976333618164,26.90166677046123,26.7499824138782,26.7499824138782,423500
1994-09-15,27.20503044128418,27.20503044128418,26.93735221457427,26.93735221457427,779800
1994-09-16,27.01141929626465,27.083234302702042,26.912673662413233,27.002442420459975,571300
1994-09-19,27.0383358001709,27.19094260913601,27.011405186824117,27.07424328463328,167300
1994-09-20,26.52666473388672,26.921647220618027,26.52666473388672,26.89471659652271,355600
1994-09-21,26.52666473388672,26.60745660617267,26.275312242330433,26.60745660617267,397500
1994-09-22,26.463817596435547,26.589493799403694,26.4368869815138,26.589493799403694,266400
1994-09-23,26.374052047729492,26.526658883948485,26.329167684135673,26.4727976476359,176600
1994-09-26,26.508691787719727,26.526645524115068,26.418923105743026,26.472784314929047,223000
1994-09-27,26.490753173828125,26.580521907050176,26.427915060572687,26.508706920472534,479500
1994-09-28,26.697221755981445,26.733129249937036,26.616429894581366,26.63438364155916,324000
1994-09-29,26.56256103515625,26.69721409886945,26.481769196928337,26.69721409886945,195900
1994-09-30,26.52666473388672,26.679271603760178,26.52666473388672,26.553595357982033,5200
1994-10-03,26.463817596435547,26.57154005612253,26.418933238232636,26.544609441200784,72600
1994-10-04,26.06884002685547,26.598475550817067,26.0508862802805,26.598475550817067,84200
1994-10-05,26.077821731567383,26.077821731567383,25.853399857801744,26.02396048186363,461900
1994-10-06,25.99702262878418,26.113721970695156,25.952138266510726,26.095768225785775,345200
1994-10-07,26.11372184753418,26.185536826833,25.970091888936533,25.997022506173593,188700
1994-10-10,26.392019271850586,26.436903658367342,26.22145860308693,26.23043548039028,213600
1994-10-11,26.7869815826416,26.858796546670128,26.508698597031046,26.508698597031046,461400
1994-10-12,26.822906494140625,26.858813999487534,26.760068359783535,26.822906494140625,162400
1994-10-13,26.91265296936035,27.190935905334392,26.885722362653187,27.128097823017672,1564500
1994-10-14,27.029380798339844,27.038357676718565,26.822912595629173,27.00245016320367,72800
1994-10-17,26.975505828857422,27.038343945596854,26.948575207397663,27.002436450317177,282300
1994-10-18,26.91265296936035,26.948560444969907,26.82288428033647,26.948560444969907,132100
1994-10-19,27.0383358001709,27.137081382442442,26.80493715116544,26.813914022281036,136700
1994-10-20,26.858797073364258,27.038334486956263,26.778005237247854,27.038334486956263,290300
1994-10-21,26.75109100341797,26.82290601282312,26.634391613134603,26.786998508120544,87800
1994-10-24,26.52666473388672,26.86778597242739,26.51768785918828,26.760063476046128,149600
1994-10-25,26.55360221862793,26.60746348073468,26.427925940378845,26.43690281739664,91800
1994-10-26,26.652332305908203,26.6792629212392,26.526656101030227,26.652332305908203,201000
1994-10-27,26.81391716003418,26.813917160034176,26.688240949709275,26.751079054871727,210300
1994-10-28,27.379472732543945,27.4064033614612,26.867790783116074,26.867790783116074,192100
1994-10-31,27.280710220336914,27.343548315612452,27.271733349583265,27.316617703351508,36300
1994-11-01,26.975505828857422,27.164020179075724,26.9665289550375,27.164020179075724,435200
1994-11-02,26.822906494140625,27.137097165926072,26.822906494140625,26.89472150483444,115600
1994-11-03,26.96653938293457,27.011423769390852,26.876770610022007,26.91267811918703,87000
1994-11-04,26.616430282592773,27.09220458444013,26.616430282592773,27.09220458444013,124400
1994-11-07,26.697221755981445,26.769036743892624,26.607453021092468,26.67926800900365,115000
1994-11-08,26.903682708740234,26.993451419813773,26.74209902880786,26.78698338434463,308300
1994-11-09,26.948577880859375,27.19095349804232,26.715179138386908,27.19095349804232,318500
1994-11-10,26.760061264038086,27.02039060877378,26.74210751612528,26.966529365035363,172100
1994-11-11,26.661312103271484,26.751080830891926,26.58949712117513,26.724150212605792,302200
1994-11-14,26.91265296936035,26.921629838262742,26.77799993582453,26.77799993582453,181400
1994-11-15,26.822906494140625,27.05630527889553,26.616438338395902,26.885744628497715,316900
1994-11-16,26.91265296936035,26.91265296936035,26.77799993582453,26.86776862484841,106900
1994-11-17,26.733131408691406,26.930622641394972,26.625408918125828,26.930622641394972,104700
1994-11-18,26.697221755981445,26.78699049087042,26.580522400625775,26.742106123425934,269300
1994-11-21,26.427913665771484,26.760057961163316,26.427913665771484,26.679266105527464,283100
1994-11-22,25.853391647338867,26.427911461724175,25.853391647338867,26.329165868626703,483600
1994-11-23,25.99702262878418,26.00599950123887,25.62897085814186,25.871346414418507,601600
1994-11-25,26.12269401550293,26.158601498685748,26.01497156595446,26.01497156595446,77300
1994-11-28,26.239395141601562,26.248372013015043,26.050880841918485,26.113718941812845,79900
1994-11-29,26.23041534423828,26.284276566711046,26.140646640116998,26.230415344238278,105500
1994-11-30,26.19453239440918,26.40100060725065,26.19453239440918,26.365093091973872,218800
1994-12-01,25.93419075012207,26.221450737662362,25.880329502458263,26.221450737662362,439000
1994-12-02,26.176549911499023,26.176549911499023,25.880313235545845,25.880313235545845,318500
1994-12-05,26.2034854888916,26.32018480761568,26.14064739419402,26.23041610090485,139200
1994-12-06,26.221431732177734,26.230408600281873,26.05984810630331,26.104732446823984,249900
1994-12-07,26.032928466796875,26.140650929418104,26.00599785114157,26.05985908245218,531900
1994-12-08,25.781579971313477,26.17656239427232,25.709764985320962,26.14065490127606,261500
1994-12-09,25.880327224731445,25.898280972372604,25.67385912685811,25.781581612705065,235900
1994-12-12,26.050880432128906,26.050880432128906,25.826458650322145,25.826458650322145,151100
1994-12-13,26.14963722229004,26.15861409740926,26.03293784574017,26.03293784574017,70900
1994-12-14,26.28427505493164,26.400974363577173,26.113714526911252,26.113714526911252,203300
1994-12-15,26.365068435668945,26.44586026948611,26.320184083548295,26.320184083548295,130100
1994-12-16,26.493864059448242,26.548154764488096,26.42147645272844,26.448621805248365,266100
1994-12-19,26.5300350189209,26.548131905018387,26.41240525928721,26.493841246725918,1120200
1994-12-20,26.4486083984375,26.5752866459839,26.4486083984375,26.55718975347727,675600
1994-12-21,26.729110717773438,26.79244984269707,26.46670577166124,26.46670577166124,544500
1994-12-22,26.647674560546875,26.756255916990533,26.620529221435962,26.729110577879617,222000
1994-12-23,26.674821853637695,26.738160982869537,26.629579618472096,26.629579618472096,125800
1994-12-27,26.81960105895996,26.873891749362713,26.74721347175629,26.76531036855721,95200
1994-12-28,26.68386459350586,26.846736605266834,26.62052547782104,26.846736605266834,358200
1994-12-29,26.701961517333984,26.783397523317042,26.6748161820063,26.783397523317042,220100
1994-12-30,26.385272979736328,26.78340467078859,26.38527297973633,26.75625932821685,2209500
1995-01-03,26.511959075927734,26.548152876713985,26.45766837474836,26.46671682494492,324300
1995-01-04,26.63863182067871,26.63863182067871,26.493856647740238,26.629583372370057,351800
1995-01-05,26.63863182067871,26.70197095883929,26.61148647575275,26.65672871729602,89800
1995-01-06,26.665775299072266,26.783405118851,26.584339269994675,26.692920642098127,448400
1995-01-09,26.692920684814453,26.69292068481445,26.638629998675846,26.65672689405538,36800
1995-01-10,26.720056533813477,26.864831645408806,26.720056533813477,26.756250311712307,229800
1995-01-11,26.7381591796875,26.81054675107075,26.530044911960662,26.81054675107075,222400
1995-01-12,26.74720001220703,26.765296899901355,26.656715573735426,26.71100623681839,40300
1995-01-13,27.063920974731445,27.063920974731445,26.855806570713117,26.89200038010761,170600
1995-01-16,27.22678565979004,27.23583410966036,27.054865112253978,27.054865112253978,105100
1995-01-17,27.23581314086914,27.25391002667703,27.136280268925766,27.17247404054154,89500
1995-01-18,27.208675384521484,27.26296605705462,27.145336266566165,27.217723829943676,84500
1995-01-19,27.054847717285156,27.145332157811193,27.03675082917995,27.118186825653382,139100
1995-01-20,26.955318450927734,27.02770601306517,26.901027779324657,27.01865756779799,78700
1995-01-23,27.036752700805664,27.036752700805664,26.756250915757146,26.774347805115113,53700
1995-01-24,27.072978973388672,27.072978973388672,27.009639784614034,27.0277366956925,32400
1995-01-25,27.145336151123047,27.24486905034383,26.937221907297772,26.937221907297772,15700
1995-01-26,27.1724853515625,27.20867913824457,27.072952438186817,27.12724311820992,9800
1995-01-27,27.28106689453125,27.353454468380754,27.172485533756998,27.353454468380754,91200
1995-01-30,27.1634464263916,27.244882474971725,27.12725262702266,27.226785575287252,26600
1995-01-31,27.272010803222656,27.317253024196816,27.172477917079508,27.217720138053664,127500
1995-02-01,27.262971878051758,27.407747035718145,27.21772964128101,27.3082141148225,380200
1995-02-02,27.425840377807617,27.425840377807614,27.253919900348578,27.253919900348578,131700
1995-02-03,27.814929962158203,27.860172203475962,27.5525249625152,27.597767203832962,405100
1995-02-06,27.932552337646484,28.013988350292685,27.778728758203663,27.805874095752397,405400
1995-02-07,27.96875,27.977798447104497,27.87826552895503,27.977798447104497,702900
1995-02-08,27.96875,28.068282918149464,27.914459317373016,27.93255621158201,521500
1995-02-09,27.96875,27.96875,27.869217081850532,27.923507764477513,390700
1995-02-10,28.004953384399414,28.004953384399414,27.851129730914828,27.932565782759607,148300
1995-02-13,28.01398468017578,28.06827534816062,27.986839346183366,27.986839346183366,79700
1995-02-14,28.050188064575195,28.10447875115179,27.941606691422,28.10447875115179,170200
1995-02-15,28.204010009765625,28.24020379867774,28.02304106520505,28.050186406889136,431500
1995-02-16,28.167808532714844,28.194953866989866,28.086372529889776,28.167808532714844,99300
1995-02-17,28.05922508239746,28.158757967243115,28.050176638320583,28.14066107908936,49100
1995-02-21,28.050188064575195,28.10447875115179,28.041139616812426,28.05923651233796,168000
1995-02-22,28.25830841064453,28.258308410644528,28.059242517261826,28.077339416660255,386400
1995-02-23,28.303558349609375,28.466430488449838,28.294509897451572,28.366897514713997,402800
1995-02-24,28.375946044921875,28.384994497104568,28.267364618729573,28.339752236191107,307600
1995-02-27,28.14971351623535,28.3759246502456,28.104471289433302,28.29448864200191,280900
1995-02-28,28.384977340698242,28.38497734069824,28.12257238600259,28.12257238600259,493500
1995-03-01,28.204010009765625,28.39402740155423,28.17686466808154,28.357833612642114,242600
1995-03-02,28.240219116210938,28.240219116210938,28.113540786308036,28.19497685553133,488600
1995-03-03,28.249252319335938,28.24925231933594,28.07733182155651,28.1497193995689,290000
1995-03-06,28.267349243164062,28.267349243164062,28.02304116711879,28.059234956162534,85700
1995-03-07,28.050188064575195,28.23115701983052,27.923509795896468,28.167817885491154,180900
1995-03-08,28.122575759887695,28.15876955108446,27.99589749069901,28.09543041649012,155900
1995-03-09,28.113525390625,28.140670732167287,28.041137813178914,28.113525390625,63500
1995-03-10,28.52976417541504,28.60215177877797,28.10448700565782,28.140680807339287,192100
1995-03-13,28.502609252929688,28.602142174130393,28.47546391078404,28.51165770031157,261300
1995-03-14,28.710725784301758,28.74691957665512,28.584047511065005,28.584047511065005,223300
1995-03-15,28.656431198120117,28.710721879265908,28.547849835828533,28.665479644977747,278500
1995-03-16,28.828353881835938,28.846450776928116,28.629288035822007,28.629288035822007,20400
1995-03-17,28.857013702392578,28.893403379192566,28.7660395103926,28.784234348792594,89900
1995-03-20,28.857013702392578,28.893403379192566,28.80242918719259,28.893403379192566,91700
1995-03-21,28.784259796142578,29.0389877589403,28.738772659928703,28.857039214084786,104400
1995-03-22,28.81156349182129,28.838855784361698,28.720589183353272,28.838855784361698,74900
1995-03-23,28.829744338989258,28.911621176809046,28.73877007474505,28.775159780442735,220500
1995-03-24,29.2391357421875,29.2391357421875,28.920725738772266,28.920725738772266,134000
1995-03-27,29.357385635375977,29.35738563537598,29.211826859371637,29.28460624737381,132100
1995-03-28,29.357385635375977,29.35738563537598,29.24821655337272,29.28460624737381,121900
1995-03-29,29.34830093383789,29.630321184597026,29.184547239848712,29.3301060789502,246100
1995-03-30,29.293703079223633,29.411969582338514,29.17543657610876,29.411969582338514,298400
1995-03-31,29.175437927246094,29.211827622197443,28.847930672683926,29.066268842392038,541300
1995-04-03,29.248212814331055,29.248212814331055,29.14814116862106,29.166336013295602,193300
1995-04-04,29.43927001953125,29.439270019531254,29.257321502723272,29.257321502723272,66900
1995-04-05,29.43927001953125,29.466562297052448,29.357393186967663,29.37558803864846,107200
1995-04-06,29.548437118530273,29.57572939419394,29.45746286631805,29.512047417645384,352500
1995-04-07,29.52113151550293,29.612105726644696,29.384670198790285,29.612105726644696,361400
1995-04-10,29.57573127746582,29.57573127746582,29.45746474205916,29.475659593660183,285400
1995-04-11,29.475650787353516,29.657599249003844,29.45745594118848,29.648501825921326,250300
1995-04-12,29.57573127746582,29.57573127746582,29.46656216785967,29.521146722662746,150900
1995-04-13,29.739473342895508,29.748570765147846,29.612109431362764,29.630304275867445,243400
1995-04-17,29.566621780395508,29.87593413132888,29.475647559532753,29.84864186507005,178900
1995-04-18,29.466554641723633,29.593918570400422,29.39377525390832,29.593918570400422,329500
1995-04-19,29.43927001953125,29.530244277935243,29.28461378024447,29.466562297052448,223000
1995-04-20,29.484750747680664,29.56662756246904,29.36648423743079,29.521140443142166,207900
1995-04-21,29.63031768798828,29.639415114358556,29.493856292434145,29.493856292434145,145000
1995-04-24,29.976011276245117,29.976011276245117,29.612114326002384,29.612114326002384,169000
1995-04-25,29.894128799438477,29.97600559773274,29.875933955373085,29.930518487569262,293200
1995-04-26,29.92142677307129,29.939621620607358,29.76677056901467,29.839549959158962,204400
1995-04-27,29.99420738220215,30.012402230477672,29.857746020135714,29.875940868411238,502200
1995-04-28,30.0396785736084,30.085165670176554,29.794048252140374,29.985094057726617,130800
1995-05-01,29.957807540893555,30.076074014635314,29.957807540893555,30.012392067235904,518700
1995-05-02,30.021495819091797,30.066982933969207,29.92142416636149,29.985106127189866,228400
1995-05-03,30.439987182617188,30.43998718261719,30.121577274849226,30.121577274849226,724700
1995-05-04,30.421789169311523,30.676517069054565,30.349009769384942,30.47637371925646,311400
1995-05-05,30.385395050048828,30.54914867606706,30.321713084375077,30.54914867606706,314900
1995-05-08,30.603715896606445,30.70378750031116,30.33079334104812,30.358085596603953,183100
1995-05-09,30.576467514038086,30.767513577053496,30.53098035617727,30.731123850764845,180600
1995-05-10,30.61283302307129,30.66741756932342,30.4672742330656,30.658320144948064,330300
1995-05-11,30.694711685180664,30.694711685180664,30.558250311357988,30.658321985494617,351700
1995-05-12,30.71291732788086,30.785696752828446,30.567358477985692,30.57645590610414,94600
1995-05-15,30.858469009399414,30.858469009399418,30.731105045327602,30.79478702736351,147200
1995-05-16,30.876663208007812,30.949442614508712,30.794786375694297,30.84937093056997,221600
1995-05-17,30.758392333984375,30.88575627739632,30.731100060396102,30.876658852866896,189200
1995-05-18,30.312644958496094,30.722029419220082,30.312644958496094,30.703834554299014,577800
1995-05-19,30.330787658691406,30.385372159576875,30.221618656920473,30.267105740991695,363900
1995-05-22,30.667423248291016,30.71291037859106,30.41269531861076,30.430890170730777,216000
1995-05-23,30.94941520690918,30.949415206909176,30.631005585438917,30.721979763001848,136800
1995-05-24,30.93124771118164,31.10409880133236,30.740201769436105,31.004027117560888,370800
1995-05-25,30.958539962768555,30.985832240138024,30.694714614863678,30.84027342750085,379900
1995-05-26,30.603715896606445,30.849346196608934,30.485449455864504,30.840248778090324,518600
1995-05-30,30.594640731811523,30.758394384256547,30.494569055317346,30.676517558034035,61500
1995-05-31,31.231454849243164,31.231454849243164,30.54005066382444,30.54005066382444,564500
1995-06-01,31.14958381652832,31.3861168712099,31.004025013647343,31.094999265447953,810100
1995-06-02,31.17687225341797,31.39521043085655,30.913046955679675,31.02221604439897,112900
1995-06-05,31.367929458618164,31.468001159327212,31.149591202525695,31.176883484537253,257200
1995-06-06,31.31333351135254,31.449794871802943,31.31333351135254,31.34062578344262,165800
1995-06-07,31.14958381652832,31.26785034386911,31.113194115808074,31.249655493508985,41900
1995-06-08,31.076807022094727,31.23146326312974,31.076807022094723,31.140489003697375,141100
1995-06-09,30.89486312866211,31.049519392851526,30.712914582556916,31.01312968363049,304900
1995-06-12,31.067707061767578,31.195071014583025,30.976732809756548,30.994927660158755,378500
1995-06-13,31.404306411743164,31.42250125902691,31.185968244338227,31.213260515263844,120000
1995-06-14,31.377002716064453,31.41339239738201,31.258736251782388,31.358807875405674,389400
1995-06-15,31.51348876953125,31.577170761848432,31.367929929949117,31.422514494792416,274500
1995-06-16,31.607038497924805,31.6070384979248,31.451474035138258,31.451474035138258,325100
1995-06-19,31.96392822265625,31.98222992790827,31.680251791249912,31.698553496501933,134600
1995-06-20,31.881555557250977,31.98221488880372,31.854103012282046,31.872404708928,287800
1995-06-21,31.86325454711914,32.009668123441344,31.863254547119137,31.98221557788093,158200
1995-06-22,32.28419876098633,32.30250046096421,32.000522411329136,32.000522411329136,297000
1995-06-23,32.22013473510742,32.22928558280271,32.11947541045926,32.210983887412134,315400
1995-06-26,31.835803985595703,32.18353625103193,31.835803985595703,32.12863115648937,132900
1995-06-27,31.77174949645996,32.037124132231085,31.753447797441265,31.826654593516057,127700
1995-06-28,31.936466217041016,32.06457811590593,31.67109156939225,31.771750918500402,212600
1995-06-29,31.881555557250977,32.01881828209563,31.661935197499535,31.936460647188838,89200
1995-06-30,31.86325454711914,32.05542236604203,31.799198607478175,31.945612183800378,714100
1995-07-03,31.982213973999023,31.982213973999027,31.899856341447954,31.899856341447954,9500
1995-07-05,32.10116958618164,32.247583130474375,32.00051027448038,32.073717046626754,409300
1995-07-06,32.51295852661133,32.51295852661133,32.04626534201882,32.11032126931583,202500
1995-07-07,32.65938186645508,32.668532715955344,32.430610628948386,32.448912327948925,481700
1995-07-10,32.67766571044922,32.76917415545188,32.62276064344763,32.68681655494949,400400
1995-07-11,32.52213668823242,32.677701213752954,32.476382416020506,32.6502486504258,420500
1995-07-12,32.92474365234375,32.97964872791742,32.52210643147017,32.586162352972785,203400
1995-07-13,32.85154342651367,32.95220275177597,32.8149400355092,32.878995969767026,215600
1995-07-14,32.82411193847656,32.85156449933952,32.65024571967783,32.67769828054079,543700
1995-07-17,33.00712966918945,33.043733084403414,32.842414300726624,32.8698668621371,171500
1995-07-18,32.72344207763672,32.952213344958004,32.69598952555816,32.952213344958004,221200
1995-07-19,32.36656951904297,32.631944276196556,31.744311467786275,32.59534086141675,486600
1995-07-20,32.48551940917969,32.54957536294427,32.22929559412137,32.403161754339514,318900
1995-07-21,32.44892120361328,32.577033131659135,32.320809275567434,32.458072055616555,94000
1995-07-24,32.686832427978516,32.72343582375453,32.49466460015445,32.49466460015445,108400
1995-07-25,32.93392562866211,32.9796799015555,32.622796572987056,32.723455973352515,107400
1995-07-26,32.906455993652344,33.07117129061724,32.89730514382096,32.91560684348373,167800
1995-07-27,33.18098068237305,33.20843323120016,33.06201963745555,33.06201963745555,187700
1995-07-28,32.970516204833984,33.20843833120803,32.94306365179083,33.20843833120803,415600
1995-07-31,32.88813781738281,33.02540049608642,32.81493105540756,32.9979479603457,342500
1995-08-01,32.833221435546875,32.93388069858785,32.650204593654195,32.93388069858785,141000
1995-08-02,32.76003646850586,33.263333118161675,32.705131379452496,33.025411065597105,240400
1995-08-03,32.750892639160156,32.769194339433504,32.4763671350599,32.53127223587995,1193600
1995-08-04,32.78749084472656,32.84239593684723,32.75088744997945,32.8149433907869,240500
1995-08-07,32.860713958740234,32.961373344300284,32.84241225227477,32.860713958740234,193100
1995-08-08,32.860713958740234,32.97967505076575,32.760054573180184,32.8790156652057,951900
1995-08-09,32.85154342651367,32.97050444727821,32.82409088326032,32.97050444727821,107100
1995-08-10,32.77833557128906,32.96135252031915,32.6410728595165,32.88814574070712,280800
1995-08-11,32.59532165527344,32.78748946963636,32.45805893072849,32.75088607642438,257200
1995-08-14,32.88813781738281,32.88813781738281,32.604461614728706,32.67766837670396,254800
1995-08-15,32.82411193847656,32.87901706020248,32.59534059795191,32.87901706020248,44400
1995-08-16,32.91559982299805,32.91559982299805,32.760035409044484,32.79663880056297,374900
1995-08-17,32.860713958740234,32.93392078460209,32.74175286671472,32.93392078460209,353800
1995-08-18,32.897315979003906,33.03457877168403,32.86986342046788,33.025427918838695,85400
1995-08-21,32.80577850341797,33.17181229425108,32.79662765864714,33.034549622688665,266700
1995-08-22,32.869850158691406,32.924755253611266,32.686833175625196,32.851548460384784,220200
1995-08-23,32.750892639160156,32.9156079416203,32.750892639160156,32.89730624134695,176500
1995-08-24,32.78749084472656,32.85154678553401,32.65022811442489,32.76003829866623,167400
1995-08-25,32.970516204833984,33.0254213109203,32.84240429063258,32.84240429063258,195000
1995-08-28,32.85154342651367,33.062012924789386,32.796638340006965,33.062012924789386,293000
1995-08-29,32.93392562866211,32.94307648324079,32.65939999130177,32.88817135576872,1133100
1995-08-30,33.00712966918945,33.043733084403414,32.92477198495804,32.961375400172,437400
1995-08-31,33.03456497192383,33.08947006605999,32.97050902876497,32.99796157583305,491900
1995-09-01,33.18098068237305,33.235885780027274,32.99796369019228,33.02541623901939,629900
1995-09-05,33.49211502075195,33.51041672294909,33.22674033889354,33.28164544548493,272200
1995-09-06,33.55617141723633,33.592774822109234,33.5104171611452,33.51956801236342,214500
1995-09-07,33.574466705322266,33.611070103202145,33.52871245797241,33.5927684042622,258800
1995-09-08,33.70257568359375,33.70257568359375,33.48295531530533,33.70257568359375,107300
1995-09-11,33.794063568115234,33.85811946981489,33.75746019571544,33.75746019571544,260700
1995-09-12,33.949642181396484,33.949642181396484,33.7208710076674,33.803228630209865,139500
1995-09-13,34.10523223876953,34.150986507938796,33.903913454424774,33.913064308258626,239800
1995-09-14,34.41633987426758,34.44379241870332,34.13266358176497,34.22417206321743,457600
1995-09-15,34.406856536865234,34.48965378521598,34.26886112294733,34.388457148342845,431200
1995-09-18,34.278079986572266,34.305679084790114,34.112485397265154,34.28727968597821,307500
1995-09-19,34.44364929199219,34.462048677297744,34.222856668325576,34.34245267281166,549600
1995-09-20,34.6092529296875,34.6092529296875,34.471257503333085,34.498856588603964,290800
1995-09-21,34.32405471801758,34.59084581606703,34.18605932247476,34.56324673695847,508500
1995-09-22,34.333248138427734,34.37004690384941,34.02045863234345,34.04805770640971,449900
1995-09-25,34.278079986572266,34.37007698063177,34.1584838942949,34.37007698063177,130000
1995-09-26,34.26886749267578,34.46206110807073,34.18607022893509,34.37926384433004,466600
1995-09-27,34.24125289916992,34.259652282780436,33.91006399418064,34.12165690570157,654400
1995-09-28,34.498844146728516,34.498844146728516,34.241252777099604,34.26885185241699,456200
1995-09-29,34.43445587158203,34.682847618451575,34.38845739993952,34.471254648896036,606600
1995-10-02,34.259639739990234,34.51723101623077,34.17684254405578,34.434433820296306,293100
1995-10-03,34.29646682739258,34.35166500361692,34.12167260268215,34.25966804324301,839700
1995-10-04,34.259639739990234,34.314837870613204,34.21364129780443,34.314837870613204,248800
1995-10-05,34.360843658447266,34.360843658447266,34.20444892158151,34.29644582562019,268800
1995-10-06,34.388450622558594,34.489647240227974,34.3792509300432,34.3792509300432,75300
1995-10-09,34.10327911376953,34.278073368736244,34.03888123036074,34.259673973476595,358200
1995-10-10,34.08484649658203,34.08484649658203,33.71685895006023,33.75365770471241,360800
1995-10-11,34.195255279541016,34.2044549715721,34.075659283136915,34.2044549715721,228100
1995-10-12,34.406856536865234,34.425255925387624,34.22286265164136,34.22286265164136,199800
1995-10-13,34.51725387573242,34.65524929367911,34.51725387573242,34.56325234838132,488100
1995-10-16,34.35165023803711,34.48044592719954,34.35165023803711,34.416048082618325,443600
1995-10-17,34.58163833618164,34.6184371000403,34.324046989170974,34.38844482592364,146000
1995-10-18,34.68285369873047,34.79325005002617,34.57245734743478,34.74725157031963,228100
1995-10-19,34.848411560058594,34.848411560058594,34.61841940351121,34.66441783482069,500600
1995-10-20,34.63682556152344,34.84841838699888,34.63682556152344,34.82081932280643,748400
1995-10-23,34.56325149536133,34.62764935548045,34.47125455233402,34.47125455233402,533000
1995-10-24,34.600040435791016,34.646038894227324,34.517243210605656,34.60924012747827,172200
1995-10-25,34.314857482910156,34.67364553702101,34.314857482910156,34.62764706854526,302700
1995-10-26,34.00204849243164,34.39763509556329,33.72605783908398,34.37003603022852,606800
1995-10-27,34.259639739990234,34.259639739990234,33.80885500656931,33.96524971000106,905800
1995-10-30,34.48044967651367,34.498849062680435,34.34245428026295,34.34245428026295,488700
1995-10-31,34.333248138427734,34.64603764451201,34.333248138427734,34.572440113668655,508200
1995-11-01,34.6092529296875,34.6092529296875,34.287263601527194,34.31486268679808,415700
1995-11-02,34.83003234863281,34.83003234863281,34.55404160102083,34.55404160102083,326000
1995-11-03,34.87603759765625,34.885237291034684,34.774840970493436,34.87603759765625,615000
1995-11-06,34.75642776489258,34.86682404154126,34.747228075171854,34.86682404154126,311200
1995-11-07,34.62764358520508,34.73803989844165,34.5172472719685,34.73803989844165,358200
1995-11-08,34.940433502197266,34.958832887927755,34.673642409105184,34.673642409105184,357200
1995-11-09,35.0692253112793,35.07842500312381,34.90363085807809,35.07842500312381,503700
1995-11-10,35.05083465576172,35.096833126438575,34.86684077305431,34.87604046718968,795600
1995-11-13,35.014041900634766,35.12443824924423,34.92204494346021,34.9864428134824,818500
1995-11-14,34.784053802490234,35.023245920677155,34.784053802490234,34.949648345850406,341800
1995-11-15,35.133636474609375,35.142836169941816,34.80244744264134,34.82084683330623,584700
1995-11-16,35.326820373535156,35.36361914475759,35.12442713181178,35.13362682461739,577700
1995-11-17,35.43721008300781,35.44640977409893,35.33601348100545,35.38201193646107,267000
1995-11-20,35.25322723388672,35.501618970659926,35.244027539932155,35.49241927670536,448800
1995-11-21,35.538421630859375,35.538421630859375,35.280830171976625,35.29002986693672,119200
1995-11-22,35.42800521850586,35.54760118522634,35.42800521850586,35.51080242623542,351600
1995-11-24,35.520023345947266,35.520023345947266,35.43722608873061,35.464825174469496,62400
1995-11-27,35.52922439575195,35.70401861209563,35.52922439575195,35.5936222649312,273000
1995-11-28,35.906402587890625,35.906402587890625,35.41881884790646,35.50161608677169,479000
1995-11-29,35.94319152832031,35.97079060039223,35.82359554934203,35.97079060039223,549200
1995-11-30,35.86038589477539,36.03517997686896,35.823587140650424,35.943183091556556,286200
1995-12-01,35.906402587890625,35.96160074713411,35.823605349025385,35.906402587890625,465200
1995-12-04,36.34797668457031,36.34797668457031,35.94319030792615,35.98918875981753,631700
1995-12-05,36.587181091308594,36.62397986535064,36.283591205461676,36.31119028599321,567700
1995-12-06,36.66997146606445,36.81716653466883,36.504377013884536,36.679171157852224,272800
1995-12-07,36.476783752441406,36.669977310777156,36.44918467267915,36.623978844506745,289700
1995-12-08,36.596370697021484,36.64236915189456,36.36637842265609,36.633169460919945,296900
1995-12-11,36.752769470214844,36.8263670060751,36.5963747065118,36.66997224237206,186500
1995-12-12,36.64236831665039,36.7159658427697,36.58717017206091,36.58717017206091,299400
1995-12-13,36.87236404418945,36.918362502328414,36.68837021163362,36.68837021163362,390700
1995-12-14,36.6055908203125,36.97357866469865,36.51359385921596,36.90918079193107,395000
1995-12-15,36.61897659301758,36.656002858531245,36.48938466371974,36.656002858531245,416700
1995-12-18,35.91546630859375,36.2949854113392,35.90620974511216,36.2949854113392,862300
1995-12-19,36.29500961303711,36.34129246130673,35.88772054826444,35.93400339653406,1022600
1995-12-20,35.94325256347656,36.44310722184064,35.94325256347656,36.406080950850715,1349800
1995-12-21,36.128379821777344,36.23945862215175,35.98953132130933,36.156149521870944,857600
1995-12-22,36.25798034667969,36.35980260448246,36.22095407111504,36.32277632891782,332800
1995-12-26,36.43387222290039,36.45238536935511,36.332049917399395,36.4061025032183,432200
1995-12-27,36.415348052978516,36.52642689808165,36.35055206000169,36.52642689808165,151800
1995-12-28,36.37832260131836,36.52642773150185,36.285756894953686,36.34129631877249,256200
1995-12-29,36.42460250854492,36.45237221820836,36.28575396022772,36.41534593865711,339200
1996-01-02,36.81338119506836,36.81338119506836,36.341296095508774,36.37832237782717,514400
1996-01-03,36.91517639160156,37.02625515707278,36.730045115816196,36.9336895191801,610300
1996-01-04,36.563446044921875,37.10032702482199,36.26723584911491,36.96147849553748,1129700
1996-01-05,36.489402770996094,36.5819684807145,36.239475354756394,36.322784493502965,302400
1996-01-08,36.62822723388672,36.674510058291425,36.57268784460107,36.618970669005776,179900
1996-01-09,35.9987907409668,36.76708583777838,35.91548163408361,36.73931613548398,415500
1996-01-10,35.526710510253906,36.02656521779787,35.33232256843126,35.952512668532094,787700
1996-01-11,35.7396125793457,35.7396125793457,35.41563266733402,35.58225090779717,513200
1996-01-12,35.68406677246094,35.8414284158155,35.35083035123951,35.83217184855935,390400
1996-01-15,35.610023498535156,35.813668031149604,35.46191838390647,35.6933326255138,154200
1996-01-16,36.04508590698242,36.072855618775165,35.48043510052995,35.78590193025014,454600
1996-01-17,35.93400192260742,36.211699000834685,35.813666522042276,35.96177163043015,407600
1996-01-18,36.0543327331543,36.082102437441705,35.76737912218439,36.072845869345905,425600
1996-01-19,36.29500961303711,36.387575309576356,36.017312523419385,36.054338802035076,169800
1996-01-22,36.304237365722656,36.387546426480306,36.20241518035219,36.26721111649703,288200
1996-01-23,36.38756561279297,36.38756561279297,36.211690836236606,36.28574337373402,362200
1996-01-24,36.683753967285156,36.7578064607846,36.42457024003712,36.44308336341198,1506500
1996-01-25,36.55416488647461,36.730039571924856,36.507882074514015,36.71152644714061,298400
1996-01-26,36.86890411376953,36.88741724664112,36.48012832346616,36.526411155645135,726300
1996-01-29,37.01702880859375,37.01702880859375,36.81338423900409,36.84115395303904,254800
1996-01-30,37.33174514770508,37.405797704407696,37.04479149048245,37.091074338421585,272100
1996-01-31,37.72050857543945,37.72976514196104,37.30396308196835,37.322476215011505,498000
1996-02-01,37.85935974121094,37.85935974121094,37.65571526338535,37.683484964907024,373900
1996-02-02,37.70199966430664,37.924157285702016,37.618690556283376,37.84084817767875,496200
1996-02-05,38.007476806640625,38.063016227205615,37.58167458230904,37.63721400287403,295300
1996-02-06,38.36846160888672,38.40548786858166,37.97042931716606,38.025968706708476,301600
1996-02-07,38.59062194824219,38.59062194824219,38.32218154610762,38.359207808471005,585100
1996-02-08,39.00718688964844,39.04421317051189,38.461049246912495,38.5351018086394,1526600
1996-02-09,38.99790954589844,39.321889330875045,38.812778240197524,38.988652980613395,804600
1996-02-12,39.29415512084961,39.470030020094875,39.034971058803954,39.07199735338191,626500
1996-02-13,39.21083450317383,39.5070447732639,39.09975565189005,39.12752536471099,1045900
1996-02-14,38.868324279785156,39.31263948946119,38.84981114604865,39.183047553305684,431400
1996-02-15,38.627662658691406,39.04420826608204,38.581379813425784,38.78502433259454,889500
1996-02-16,38.47029113769531,38.6461659046867,38.34995577080647,38.553600237849125,606100
1996-02-20,38.09077072143555,38.28515861576122,37.840843428731105,38.174079819003694,492300
1996-02-21,38.5628547668457,38.590624465429606,38.16482242047643,38.16482242047643,434000
1996-02-22,39.17379379272461,39.29412917063232,38.74799168628195,38.775761388876035,721400
1996-02-23,39.06270980834961,39.46074215947734,38.70170372244306,39.395946195340265,1430400
1996-02-26,38.507320404052734,39.03494474612749,38.48880726924309,38.95163563948411,1408400
1996-02-27,38.38700866699219,38.60916642151541,38.21113377799463,38.59990984841028,601000
1996-02-28,38.21112060546875,38.94238962868388,38.21112060546875,38.69246224100276,865900
1996-02-29,37.840843200683594,38.47954627819024,37.840843200683594,37.988948262134414,914300
1996-03-01,38.442527770996094,38.442527770996094,37.68348917787746,38.294422679655874,1452600
1996-03-04,38.6646842956543,38.896098494215785,38.39624382532296,38.5258357765174,652600
1996-03-05,39.02570343017578,39.02570343017578,38.55361830803656,38.57213145008124,402000
1996-03-06,38.68320846557617,39.081241000637135,38.68320846557617,38.97016215364338,624700
1996-03-07,38.87759780883789,38.896110950651625,38.646183536166234,38.75726238704863,534200
1996-03-08,37.61870193481445,38.43328012631634,36.73007118044875,38.02599103056539,2289900
1996-03-11,38.05374526977539,38.10928466934208,37.3595027751918,37.47058157432517,1511400
1996-03-12,37.75754165649414,37.94267302034064,37.26694354230091,37.803824497455764,1385300
1996-03-13,38.01673126220703,38.17409294505523,37.794573592303706,38.00747469262773,1019300
1996-03-14,38.18334197998047,38.396243038293086,38.05375003144235,38.0722631669478,725600
1996-03-15,38.15768051147461,38.27855035714936,37.93453618099815,38.12048978972854,869200
1996-03-18,38.8922004699707,38.8922004699707,38.427316409846746,38.51099554066906,917600
1996-03-19,38.80852508544922,39.23621846204976,38.678357536049056,39.23621846204976,858300
1996-03-20,38.76203155517578,38.99447357697463,38.46450576727326,38.99447357697463,744300
1996-03-21,38.6690559387207,38.82711651841733,38.53888840249996,38.80852115610008,650800
1996-03-22,38.771339416503906,38.87361393295031,38.64117185011756,38.68766026668411,344500
1996-03-25,38.69694519042969,39.16182920280871,38.59467070770631,39.12463848181839,802400
1996-03-26,38.88288497924805,38.98515942563058,38.5946569939882,38.63184770176366,969400
1996-03-27,38.52958297729492,38.96657390391965,38.492392260135375,38.938680866049985,809600
1996-03-28,38.678348541259766,38.69694390113537,38.380822783250075,38.39012046318788,1001300
1996-03-29,38.492393493652344,38.789919240463185,38.30643990189557,38.789919240463185,457700
1996-04-01,38.93869400024414,38.94799168267018,38.557489020776615,38.678358892315096,773400
1996-04-02,39.0130500793457,39.0130500793457,38.85498958093082,38.985157050213665,638800
1996-04-03,39.0130500793457,39.04094310847775,38.78060816991204,38.87358493368551,288000
1996-04-04,38.985172271728516,39.10604211182689,38.97587459172095,39.01306531175122,934900
1996-04-08,38.31575012207031,38.31575012207031,37.841568307892786,38.00892659524956,2217200
1996-04-09,38.166969299316406,38.46449500396394,38.09258787315452,38.46449500396394,1180900
1996-04-10,37.48824691772461,38.26925206184387,37.33948403313046,38.10189381667546,939500
1996-04-11,37.441768646240234,37.767187544332714,36.96758682330548,37.58123388827987,1276000
1996-04-12,37.91591262817383,37.97169866931386,37.59049405485699,37.70206613713705,411300
1996-04-15,38.2320556640625,38.27854405859565,37.99031601249012,38.111185838276306,484200
1996-04-16,38.3436164855957,38.47378395184166,38.22274669551017,38.306425780954,429700
1996-04-17,38.250667572021484,38.418025864752735,37.99033244999509,38.30645366959857,525300
1996-04-18,38.30644226074219,38.42731210282705,38.139084017855446,38.343632981383685,818600
1996-04-19,38.39942932128906,38.59468065682104,38.33434554277841,38.492406147732865,885100
1996-04-22,38.69694519042969,38.84570807439098,38.43661014349744,38.752731271915174,828900
1996-04-23,38.817806243896484,38.84569927832323,38.54817357777121,38.63185268105147,225400
1996-04-24,38.678348541259766,39.013065019020665,38.59466942181954,39.013065019020665,699000
1996-04-25,38.85500717163086,39.01306774160399,38.529588351097935,38.76203036576431,475500
1996-04-26,38.93869400024414,39.161838378469035,38.81782412870566,38.957289365096216,563300
1996-04-29,38.93869400024414,39.01307545965244,38.77133571657547,38.77133571657547,219900
1996-04-30,38.91080093383789,39.013075440474026,38.75274033267296,38.93869398110229,184400
1996-05-01,38.994468688964844,39.15252924397495,38.84570581366121,38.90149189190007,561900
1996-05-02,38.325042724609375,38.90149897131626,38.13908909663941,38.6876522991508,1299600
1996-05-03,38.26925277709961,38.669053036918676,37.9345362805069,38.54818319092686,1329300
1996-05-06,38.2320556640625,38.4180092421951,37.89733922342382,38.4180092421951,647500
1996-05-07,38.07401657104492,38.23207720149859,37.94384899302426,38.23207720149859,582100
1996-05-08,38.548187255859375,38.548187255859375,37.53473997875164,37.888051873523146,1694700
1996-05-09,38.520286560058594,38.71553783154332,38.38082136614093,38.41801208451898,593400
1996-05-10,38.9015007019043,39.031668247273956,38.71554706566192,38.9015007019043,925100
1996-05-13,39.48725509643555,39.65461337092009,38.95728722723451,38.99447795489774,867500
1996-05-14,39.729000091552734,39.83127460618112,39.60813021062828,39.64532094322042,632300
1996-05-15,39.68251037597656,40.0544176897158,39.65461732744612,39.738296473037444,466100
1996-05-16,39.766170501708984,39.831254250484285,39.44075175783248,39.45934711462542,514400
1996-05-17,39.980018615722656,40.04510236695755,39.868446470748545,39.868446470748545,427700
1996-05-20,40.249629974365234,40.314713691117504,39.859127673851646,40.25892764818699,788500
1996-05-21,40.19386672973633,40.38911799074129,40.1659736924499,40.3147365579775,352700
1996-05-22,40.575077056884766,40.575077056884766,40.10089535892392,40.240360564206526,1218100
1996-05-23,40.407718658447266,40.72383978923125,40.18457433083504,40.63086298605949,967900
1996-05-24,40.5657958984375,40.658772739827455,40.42633063635257,40.44492600463056,659100
1996-05-28,40.156681060791016,40.686648835846604,40.05440657788555,40.686648835846604,456400
1996-05-29,39.88705825805664,40.277560926317335,39.75689070196974,40.240370196006786,649600
1996-05-30,40.09161376953125,40.2961628193758,39.71970640617753,39.83127861518365,895800
1996-05-31,39.794071197509766,40.24965752664013,39.794071197509766,40.08229928328612,923500
1996-06-03,39.905643463134766,39.933536503766035,39.691796818295046,39.80336898082012,503100
1996-06-04,40.18458557128906,40.22177630296078,40.01722727876634,40.09160874210977,627100
1996-06-05,40.537906646728516,40.584395071782104,40.11951082124623,40.203189986342686,428000
1996-06-06,40.2403564453125,40.761026491739834,40.165975010108596,40.761026491739834,523300
1996-06-07,40.2403564453125,40.24965412471299,39.38496994046759,39.38496994046759,1422800
1996-06-10,40.11020278930664,40.305454124164186,40.045119011020795,40.18458425020475,548800
1996-06-11,40.073020935058594,40.48211906061372,40.073020935058594,40.258974628492744,688700
1996-06-12,39.998600006103516,40.30542329764267,39.93351627759522,40.20314886712962,1120600
1996-06-13,39.998600006103516,40.1473628141225,39.76615811857386,40.091576761115384,1502000
1996-06-14,39.83126449584961,40.01721811160988,39.70109696481742,40.01721811160988,1468200
1996-06-17,39.803375244140625,39.99862655928357,39.70110074573241,39.84986365250799,1101000
1996-06-18,39.47795867919922,39.88705669660024,39.468660996985555,39.77548451003633,718000
1996-06-19,39.654598236083984,39.868444838529456,39.52443073894326,39.663895914451174,552100
1996-06-20,39.626705169677734,39.82195641523457,39.38496553232165,39.69178891819668,1234400
1996-06-21,39.96753692626953,39.96753692626953,39.70582246557366,39.81798580587189,573300
1996-06-24,40.04233169555664,40.21057678671444,39.98624999850404,40.061025594574176,416500
1996-06-25,39.99556350708008,40.18250234095285,39.948828798611885,40.15446151587194,454400
1996-06-26,39.724525451660156,40.03297470810834,39.71517850449506,39.94885218362247,838200
1996-06-27,40.004920959472656,40.10773734511616,39.57496152859982,39.724512634990376,1090500
1996-06-28,40.145111083984375,40.3787846060099,40.06098861605519,40.17315190662744,1060800
1996-07-01,40.49095153808594,40.50029847980756,40.19184940299389,40.24793105332365,471300
1996-07-02,40.34142303466797,40.462933345013354,40.27599440602045,40.453586398063706,389400
1996-07-03,40.25730514526367,40.37881546959347,40.11710092488314,40.32273378144126,308300
1996-07-05,39.229129791259766,39.74321178757125,39.1076195012225,39.55627287982161,842900
1996-07-08,39.070255279541016,39.472174173565,38.95809186725525,39.25719430001728,942000
1996-07-09,39.229129791259766,39.369333972071985,39.1076195012225,39.24782368203473,716300
1996-07-10,39.38803482055664,39.38803482055664,38.83656494528069,39.21978977386228,1132300
1996-07-11,38.59354782104492,39.2945689124904,38.210322957721395,39.219793329402876,1587400
1996-07-12,38.6215934753418,38.82722635444575,38.33183805478623,38.658981271542515,1312000
1996-07-15,37.48125457763672,38.71505148642675,37.48125457763672,38.71505148642675,1951300
1996-07-16,37.57473373413086,37.98599947649448,36.11660973847802,37.59342763151102,4141000
1996-07-17,38.02337646484375,38.28509095378564,37.68688640763274,38.13553981724741,1340500
1996-07-18,38.54679870605469,38.61222731685546,37.883165653646856,38.13553315244983,1432500
1996-07-19,38.26641082763672,38.50943151193534,38.0607779409225,38.45334981555873,1216000
1996-07-22,37.98598098754883,38.13553209379902,37.69622571918908,38.004674875830105,519800
1996-07-23,37.49994659423828,38.247702259128374,37.434517973560396,38.042069451283595,1479800
1996-07-24,37.57473373413086,37.79906050269283,36.8643656336846,37.05130460748625,2463400
1996-07-25,37.91120910644531,38.02337244699692,37.761657985709824,37.94859688662918,1989800
1996-07-26,38.11683654785156,38.17291821025645,37.92055072943448,38.023367110510094,642300
1996-07-29,37.696231842041016,38.11684439668814,37.64949711374689,38.06076272273519,1297900
1996-07-30,38.06075668334961,38.09814446005231,37.6494911396199,37.948593353241506,1868200
1996-07-31,38.34117126464844,38.44398766735714,37.99533427371913,38.08880373072705,767100
1996-08-01,38.97675704956055,39.11696121160933,38.32247095999958,38.37855262481909,1168600
1996-08-02,39.8180046081543,39.836698507031365,39.331963237350536,39.48151442836708,1098500
1996-08-05,39.584312438964844,39.83667995628528,39.462802152847594,39.827333011199336,710200
1996-08-06,39.7058219909668,39.78994449518495,39.35998502918107,39.57496476218301,640000
1996-08-07,39.80864715576172,39.93015746640386,39.556279587504946,39.85538189062408,917800
1996-08-08,39.74321746826172,39.81799304204961,39.59366632068595,39.81799304204961,925100
1996-08-09,39.612361907958984,39.93950505726964,39.51889243672737,39.88342337453067,648800
1996-08-12,39.90211868286133,39.99558815740539,39.481506047413035,39.631057206683536,764200
1996-08-13,39.584312438964844,39.85537384645716,39.48149604301948,39.827333011199336,805200
1996-08-14,39.724525451660156,39.76191324032054,39.481504825367644,39.593668191348804,533800
1996-08-15,39.64976119995117,39.85539409632055,39.60302645077631,39.62172035044625,632600
1996-08-16,39.986236572265625,40.00493046500628,39.76190985937774,39.76190985937774,475100
1996-08-19,40.004920959472656,40.03296179192089,39.85536985308211,39.99557401532325,436400
1996-08-20,39.97686767578125,40.023602381972246,39.88339826339925,40.01425544073405,645700
1996-08-21,39.8366813659668,39.96753860180057,39.70582413013303,39.87406914763359,266400
1996-08-22,40.21055221557617,40.28532776595381,39.91145001406561,39.93014390166002,584800
1996-08-23,39.99556350708008,40.20119622434013,39.864706323369134,40.13576763248466,757100
1996-08-26,39.79929733276367,39.94884847351619,39.73386870868445,39.90211374203103,784700
1996-08-27,39.94884490966797,39.986232691520726,39.780599891330574,39.91145712781522,389400
1996-08-28,39.88340377807617,40.0796895712188,39.874056835545574,40.0423018010964,227600
1996-08-29,39.4908561706543,39.83669325427896,39.257182465502495,39.83669325427896,680200
1996-08-30,39.07958221435547,39.49084784875672,38.95807191328237,39.481500902520324,1500900
1996-09-03,39.33194351196289,39.38802518046854,38.50941237388001,38.565494042385666,1782000
1996-09-04,39.36934280395508,39.93015965301427,39.17305690678437,39.3319550140178,930200
1996-09-05,38.89263916015625,39.34129253186678,38.89263916015625,39.1823944627193,616600
1996-09-06,39.44412612915039,39.58433036894595,38.96743171384549,39.032860359083415,804900
1996-09-09,39.91145706176758,39.9208040072153,39.52823229841103,39.593660916545076,719200
1996-09-10,39.892765045166016,40.023622287582214,39.705826127428594,39.85537726161853,669900
1996-09-11,40.11708068847656,40.15446846171839,39.72450906943742,39.817978502541976,713500
1996-09-12,40.39750289916992,40.51901320404942,40.1731761824693,40.229257861644456,713300
1996-09-13,41.014427185058594,41.05181499470769,40.75271251751492,40.864875946462206,2008800
1996-09-16,41.163963317871094,41.3695961954808,41.01441213415494,41.0704938280485,1220200
1996-09-17,41.070465087890625,41.26675087916183,40.818097641970496,41.20132228207143,604700
1996-09-18,40.967655181884766,41.126553228449225,40.8087571353203,41.01438990146255,225500
1996-09-19,41.12656784057617,41.154608682285655,40.84615942348133,40.9022411069003,410000
1996-09-20,41.27244186401367,41.35699728781884,41.11272606349279,41.24425672274528,948400
1996-09-23,41.26307678222656,41.33823721352388,40.98122516486163,41.16912624310492,466800
1996-09-24,41.25368118286133,41.63887838816702,41.075175160890396,41.2254960214975,1269800
1996-09-25,41.28184127807617,41.450952143575805,41.18789079724304,41.450952143575805,1353300
1996-09-26,41.26307678222656,41.60129872306449,41.122150973544095,41.33823721352388,773200
1996-09-27,41.30062484741211,41.31941494060929,41.11272391544026,41.31941494060929,407600
1996-09-30,41.26307678222656,41.52613829176717,41.23489162049007,41.357027321348205,578200
1996-10-01,41.488555908203125,41.51674106846685,41.15033398503842,41.31004989319953,561400
1996-10-02,41.7703857421875,41.84554613038757,41.58248477168733,41.63885506283738,609000
1996-10-03,41.7327880859375,41.8079484426884,41.610652506217285,41.789158353500675,342200
1996-10-04,42.29648208618164,42.29648208618165,41.78914978217147,41.90189029417373,754100
1996-10-07,42.343467712402344,42.465603297106405,42.24012221765275,42.27770239756169,235100
1996-10-08,42.174373626708984,42.503200331305734,42.09921323708687,42.36227460076427,386200
1996-10-09,41.84554672241211,42.315299155308516,41.798571479122465,42.24013876604509,528800
1996-10-10,41.7609977722168,42.005269075271386,41.714022521629374,41.84555322327415,1562200
1996-10-11,42.27772521972656,42.27772521972657,41.9207133178711,41.9207133178711,331300
1996-10-14,42.3341178894043,42.5032288796416,42.26835250431201,42.2777475593252,201600
1996-10-15,42.27772521972656,42.766267822265625,42.06163906860352,42.766267822265625,776900
1996-10-16,42.4843864440918,42.484386444091804,42.05221444576623,42.3904360096732,590100
1996-10-17,42.5971565246582,42.709897124194136,42.41865057539299,42.61594662458086,792500
1996-10-18,42.82261657714844,42.878986849079745,42.52197512684815,42.615925580066985,695800
1996-10-21,42.76626205444336,43.06690361545878,42.65352146906258,42.860212542260676,879200
1996-10-22,42.465599060058594,42.73805533721384,42.44680897197892,42.728660293173995,848900
1996-10-23,42.606536865234375,42.62532695866998,42.20254985636887,42.371660697289315,735900
1996-10-24,42.24013900756836,42.6817062970158,42.22134891014506,42.60654590732262,379300
1996-10-25,42.27772521972656,42.428046020507814,42.164984619140625,42.230749969482424,568300
1996-10-28,41.995872497558594,42.531390334775786,41.97708239800711,42.31530418993376,975400
1996-10-29,42.3341178894043,42.43746349454931,41.91134041381105,42.127426679114265,815900
1996-10-30,42.193172454833984,42.465628923591545,42.146197201599925,42.465628923591545,495400
1996-10-31,42.5971565246582,42.61594662458086,42.20256442628246,42.24953967608909,726300
1996-11-01,42.44684600830078,42.78506788884501,42.24954991131665,42.68172231423428,821300
1996-11-04,42.72868728637695,42.72868728637695,42.409255587226376,42.50320608697655,1608400
1996-11-05,42.972957611083984,43.17025365608459,42.86021701394078,42.86961206370272,764000
1996-11-06,43.799739837646484,43.81852994482694,43.01055533606726,43.04813555042818,1665000
1996-11-07,43.903072357177734,44.072183271457476,43.61182578258486,43.668196087344775,1446300
1996-11-08,44.14734649658203,44.156741547975216,43.74335928667502,43.91247021175237,1355700
1996-11-11,44.10034942626953,44.20369494047681,44.0251890523006,44.04397914579283,655900
1996-11-12,43.968841552734375,44.25069310114934,43.90307619143755,44.222507946307836,719900
1996-11-13,44.1661262512207,44.23189159556415,43.903064873846915,44.01580546414997,481900
1996-11-14,44.45737075805664,44.45737075805664,43.9876183197847,44.006408417315576,558800
1996-11-15,44.513755798339844,44.795607354682225,44.32585476077826,44.570126109608324,2250900
1996-11-18,44.52312469482422,44.64526029748991,44.33522376764623,44.598285065695414,1518200
1996-11-19,44.84258270263672,44.85197775453336,44.51375588625451,44.579521249530956,1029300
1996-11-20,44.917728424072266,45.105629400537744,44.68285220349042,44.8331729846628,730000
1996-11-21,44.85197830200195,45.00229913418294,44.720447573843586,44.974113978149006,653000
1996-11-22,45.1995849609375,45.2465602103253,44.91773346461073,44.91773346461073,965100
1996-11-25,45.772674560546875,45.791464656836105,45.143206334857915,45.24655186444864,2058800
1996-11-26,45.622371673583984,46.11091436860588,45.37810032607303,45.86664302109494,2861800
1996-11-27,45.53779983520508,45.81025624024344,45.481429544507485,45.73509585264665,872000
1996-11-29,45.7068977355957,45.82903333077818,45.612947277763034,45.69750268981244,1073400
1996-12-02,45.72566223144531,45.772637434066475,45.33107052942749,45.65050190725144,1350600
1996-12-03,44.94590759277344,46.04512815890105,44.94590759277344,45.73509158896762,1777800
1996-12-04,45.068077087402344,45.13384246985217,44.55134908243942,45.0211018142239,2365100
1996-12-05,44.94590759277344,45.18078378211695,44.814376926741076,45.00227787821588,1697700
1996-12-06,44.68284606933594,44.945907400273995,43.68697103078472,44.0439828370578,3401800
1996-12-09,45.34052658081055,45.349921633976905,44.84258876299394,44.9083541351584,1864600
1996-12-10,45.12440490722656,45.50020673864215,45.077429678299616,45.434441418144424,1331600
1996-12-11,44.711021423339844,44.87073719644276,44.08155337640483,44.26945428593767,1847900
1996-12-12,43.968841552734375,45.02108733348357,43.85610093336839,44.964717023800574,2540200
1996-12-13,44.081565856933594,44.24128167525582,43.53665306501072,43.93124508674798,1678300
1996-12-16,43.51785659790039,44.307040525841586,43.3299556626763,44.194299964707135,1831100
1996-12-17,43.865474700927734,44.06277068908783,43.21721645411599,43.38632730111036,2023200
1996-12-18,44.21311569213867,44.35404147526279,44.053399804598016,44.119165170055936,1666800
1996-12-19,45.12440490722656,45.171380136153516,44.42917151910773,44.60767738903014,2269300
1996-12-20,45.22344207763672,45.75215037750053,45.166794759794165,45.393384031164366,1543200
1996-12-23,45.11013412475586,45.440576714619084,44.91186857083793,45.37448819664644,1263700
1996-12-24,45.440582275390625,45.440582275390625,45.19511060716703,45.22343426119283,633000
1996-12-26,45.78990173339844,45.81822538395517,45.54443009524001,45.582194962649,1384300
1996-12-27,45.846561431884766,45.94097362593725,45.61997216615881,45.78991411545327,410400
1996-12-30,45.44999694824219,45.9975872729198,45.41223209826442,45.9975872729198,694100
1996-12-31,44.61918640136719,45.54442556076922,44.61918640136719,45.487778265295624,1378100
1997-01-02,44.73249435424805,44.94020116636148,43.95831441818888,44.94020116636148,2031900
1997-01-03,45.37448501586914,45.393367448251944,44.76080596342813,44.94018907106474,2123200
1997-01-06,44.97797775268555,45.58221590889291,44.90244798315963,45.37450904269663,1374100
1997-01-07,45.525569915771484,45.60109968751063,44.78915464131479,44.97797907066266,939000
1997-01-08,45.1290168762207,45.789902060600504,45.1290168762207,45.77101962676108,1802200
1997-01-09,45.50667190551758,45.846555762073315,45.28008266781376,45.355612413715036,1415700
1997-01-10,45.99761199951172,46.07314174006921,44.864665891149365,44.864665891149365,2369500
1997-01-13,45.93152618408203,46.22420394599499,45.70493694905264,46.22420394599499,1364600
1997-01-14,46.50743865966797,46.76235153904496,46.22420212702687,46.33749674008331,2111200
1997-01-15,46.39414596557617,46.649058855496925,46.14867429380064,46.35638109299532,1583900
1997-01-16,46.582984924316406,46.70572079866098,46.224218522386124,46.545220039902695,1308400
1997-01-17,46.8662223815918,46.9795170368253,46.5924269647775,46.64907429239425,1604000
1997-01-20,46.92284393310547,47.18719798343282,46.80954934010803,46.979491229604186,1889900
1997-01-21,47.300537109375,47.46103793389783,46.59244523648017,46.752946061002994,2785800
1997-01-22,47.64038848876953,47.64038848876953,47.055032942534154,47.31938706018884,1201600
1997-01-23,46.97949981689453,48.15021082519335,46.46967405521602,47.77256211283889,2601100
1997-01-24,46.37528610229492,47.07393658510637,46.37528610229492,47.05505413962497,2176000
1997-01-27,46.24309539794922,46.66795029646039,46.14868319828007,46.450802237221346,2108500
1997-01-28,46.37528610229492,47.03617169414358,45.922107410741546,46.90399457577385,4376000
1997-01-29,46.828460693359375,46.82846069335937,46.280869822348315,46.45081181680002,1122700
1997-01-30,47.43269348144531,47.451575923117865,46.77180802290607,47.05504464799432,2126300
1997-01-31,47.37602615356445,47.98026403196783,47.35714371986435,47.69702752646624,3208100
1997-02-03,47.51765441894531,47.66871392037649,47.34771247983524,47.564860513142555,755000
1997-02-04,47.810325622558594,47.85753171025859,47.3949120507986,47.5837364015986,654100
1997-02-05,46.91337966918945,48.01800140823054,46.601819691511196,47.87638323655861,2255400
1997-02-06,47.2249755859375,47.2532992418267,46.77179709171019,46.99838633882384,2483100
1997-02-07,47.86697006225586,47.885852496205466,46.9983781005739,47.62149842091096,2321000
1997-02-10,47.413814544677734,48.05581760900232,47.385490880075174,47.88587562138699,1670000
1997-02-11,47.96139144897461,47.96139144897461,47.206093945841154,47.60262513498622,1664300
1997-02-12,48.64115905761719,48.726130026467835,47.89530277548369,47.961391306811976,2675400
1997-02-13,49.169864654541016,49.28315927356069,48.754451051468855,48.82998079748197,1104800
1997-02-14,49.056583404541016,49.22652537938354,48.88664142969849,49.056583404541016,1112900
1997-02-18,49.471981048583984,49.50974591961344,48.79221337005382,49.15097964483363,833100
1997-02-19,49.14155960083008,49.547532139319166,49.037706160751476,49.33982525916196,648100
1997-02-20,48.5467414855957,49.16042063700832,48.433446873027215,48.96215506501348,1193900
1997-02-21,48.56562042236328,48.8016508482107,48.42400216685484,48.58450285643108,1844400
1997-02-24,49.14155960083008,49.169883266306066,48.32017330202658,48.32017330202658,787300
1997-02-25,49.17930221557617,49.26427317352207,48.86774203644121,49.188743433125715,1653900
1997-02-26,48.69780349731445,49.207629280341784,48.11244796865344,49.132099534708104,1597800
1997-02-27,47.9708366394043,48.82998762035013,47.961395419833465,48.82998762035013,1813100
1997-02-28,47.82923126220703,48.26352747974779,47.77258392948432,47.885878594929736,2961200
1997-03-03,48.15023422241211,48.18799911199831,47.54599598903282,47.583760878619024,1210400
1997-03-04,47.885868072509766,48.41457639507691,47.791455872051344,48.28239931443512,1478700
1997-03-05,48.69780349731445,48.69780349731445,48.00859456840713,48.1690952778787,1254800
1997-03-06,48.4145622253418,48.886623089473446,48.26350274881967,48.71668117838605,1528500
1997-03-07,48.84885787963867,49.03768222397434,48.490091625400886,48.60338623200229,1859300
1997-03-10,49.35867691040039,49.35867691040039,48.66946814711439,48.9054985455,1074900
1997-03-11,49.09434127807617,49.42478395975553,49.09434127807617,49.396460301325874,624600
1997-03-12,48.66005325317383,49.15099674738513,48.51843493753595,49.13211430530008,1055600
1997-03-13,47.904747009277344,48.622279680287406,47.7725699383018,48.49010260931187,2514100
1997-03-14,48.15023422241211,48.357941115136235,47.88587999530866,48.12191055522245,1642700
1997-03-17,48.28239440917969,48.35792416187297,47.39491981503364,47.88586320753996,3013500
1997-03-18,47.76316452026367,48.405167917650104,47.56489876518845,48.339079332625026,1352500
1997-03-19,47.60262680053711,48.036922880034275,47.16833072103994,47.640391677015124,1510000
1997-03-20,47.35716247558594,47.734811299155204,47.05504341673053,47.5837517697275,1808200
1997-03-21,47.5764274597168,47.765974979476624,47.51956320378885,47.72806547552466,2810600
1997-03-24,48.23984146118164,48.26827358777959,47.36792291217797,47.61433467602683,2145600
1997-03-25,47.76597213745117,48.50520742053077,47.633288881513806,48.12611240356688,2125800
1997-03-26,47.9744873046875,48.31567291175363,47.72807547736196,47.955532548739384,1335300
1997-03-27,46.70451736450195,48.145078776718734,46.19273896805652,48.145078776718734,2898500
1997-03-31,45.7188720703125,46.78033842020367,45.64305304532027,46.64765512646727,4270700
1997-04-01,46.01265335083008,46.211678215993295,45.51982987518782,45.643035744098384,3210900
1997-04-02,45.18812942504883,46.06004802972678,45.15021992049761,45.87050050697071,2672700
1997-04-03,45.43453598022461,45.56721923089694,44.99857672801553,45.1502147287839,2284200
1997-04-04,46.00319290161133,46.01267027962979,44.979636075617506,45.18813839202365,3706700
1997-04-07,46.1832389831543,46.47703754840728,46.1832389831543,46.21167110237233,2596200
1997-04-08,46.514949798583984,46.571814040391544,46.003171622315946,46.173764347738626,1822700
1997-04-09,46.13583755493164,46.73291187004271,46.003154373795844,46.70447975979933,2453200
1997-04-10,45.96525192260742,46.42964312759871,45.908387693424814,46.154799353216106,1996500
1997-04-11,44.50574493408203,45.68093922109782,44.50574493408203,45.52930124857966,4221600
1997-04-14,45.102806091308594,45.15967031415958,44.46782226947256,44.723711272302005,3988500
1997-04-15,45.870487213134766,45.87996458652591,45.188116328972434,45.64303025174732,2760400
1997-04-16,46.4012336730957,46.46757530620675,45.64304358039806,45.71886258966782,2273300
1997-04-17,46.211700439453125,46.70452415209701,46.09797189038146,46.40124802123923,1386000
1997-04-18,46.439151763916016,46.6950409675131,46.249604205695945,46.59078981049206,1702100
1997-04-21,46.13583755493164,46.64761553931256,45.775697491848774,46.55284183850128,2809400
1997-04-22,47.149940490722656,47.149940490722656,46.097951868718596,46.16429349352966,3215000
1997-04-23,47.19731521606445,47.3299984315313,46.8182203147306,47.10254149073099,2047700
1997-04-24,46.96037292480469,47.48162832558456,46.628664942490225,47.3394677617355,2689900
1997-04-25,46.42020034790039,46.827727627394005,46.35385869775027,46.74243122005814,1606200
1997-04-28,46.875099182128906,47.19732994884795,46.32541140360819,46.40123040754208,1666500
1997-04-29,48.35356521606445,48.39147471446984,47.49112412734202,47.671194244767584,3197400
1997-04-30,48.58102035522461,48.94116057635191,48.05028739777386,48.06924214625424,3372200
1997-05-01,48.52415466308594,48.8463853776455,48.107150208950046,48.65683789849282,2149500
1997-05-02,49.39605712890625,49.5382176924008,48.562048489738224,48.694731682333135,1448300
1997-05-05,50.571258544921875,50.6849870124142,49.310768030215236,49.528747592908864,3636200
1997-05-06,50.53335952758789,50.62813327013776,50.0405360663286,50.32485729397819,1721100
1997-05-07,49.43398666381836,50.34381463922606,49.37712241535538,50.34381463922606,2327200
1997-05-08,49.77518844604492,50.47651440663276,49.24445528668116,49.320274309447406,2923700
1997-05-09,50.1163444519043,50.4196203638674,49.52874737247576,50.32484664137893,2558200
1997-05-12,50.95038986206055,51.1020279271262,50.268018569265095,50.305928085531505,2357900
1997-05-13,50.74187088012695,51.00723740695616,50.353298465841334,50.9124636473743,1195100
1997-05-14,50.836631774902344,51.25363621153465,50.60917480946654,51.09252086101762,2772000
1997-05-15,51.177818298339844,51.31050153096517,50.65656274159749,50.836632843017576,884100
1997-05-16,50.47650146484375,51.139917743953596,50.34381820902178,51.02618923896333,1934200
1997-05-19,50.62812805175781,50.89349450354539,50.381716346526495,50.533354318976535,1375800
1997-05-20,51.23468017578125,51.36736340228161,50.19216911042129,50.514399803350734,1756400
1997-05-21,51.1209602355957,51.54744210630423,50.741865239410345,51.367371983116186,1208000
1997-05-22,50.95038986206055,51.23471123405865,50.68502324819565,51.17784695965903,907600
1997-05-23,51.424251556396484,51.68961813280251,51.04515644724501,51.17783973544803,644400
1997-05-27,51.632713317871094,51.87912494530587,51.11145795214369,51.17779954414536,1531000
1997-05-28,51.623268127441406,51.83177040370425,51.26312783207831,51.63274550363517,716700
1997-05-29,51.31999206542969,51.70856448919379,51.25365043210411,51.61379072730011,1282700
1997-05-30,51.65169143676758,51.898103175731976,50.419632741945605,50.476496989398925,2143300
1997-06-02,51.424251556396484,51.86021093192067,51.386342045481335,51.7654371546328,1479100
1997-06-03,51.25361251831055,51.822254669031445,51.15883882652373,51.19674830323845,1562100
1997-06-04,51.196800231933594,51.40530256534761,50.99777527731112,51.27261926226596,1063100
1997-06-05,51.386329650878906,51.746469917705426,51.20625951746565,51.31051064733648,1180800
1997-06-06,52.39092254638672,52.42883204171695,51.31050192947498,51.31050192947498,1511100
1997-06-09,52.656314849853516,52.6942243637843,52.371993495372664,52.428857766268834,1823400
1997-06-10,52.8173942565918,53.01641906897085,52.46673149192396,52.67523367632106,1217500
1997-06-11,52.940616607666016,53.01643560746217,52.66577273340495,52.77002385812467,1673800
1997-06-12,53.96417999267578,53.983134745044126,53.111216136100296,53.30076365978373,4273300
1997-06-13,54.41912078857422,54.589713643710816,53.926296984846275,54.0210707932555,2132900
1997-06-16,54.438053131103516,54.589691162109375,54.267460346221924,54.438053131103516,800400
1997-06-17,54.36222457885742,54.73184221459233,53.94522006674624,54.24849607555437,2048100
1997-06-18,54.172664642333984,54.36221210434355,53.96416243412346,54.058936165128245,1971900
1997-06-19,54.73181915283203,54.89293446462391,54.210563732328865,54.352724301557,2029900
1997-06-20,54.545345306396484,55.01154483892979,54.497773925525735,54.76417365840191,1396900
1997-06-23,53.222843170166016,54.74512685039958,53.18478607816017,54.44067011435286,3991500
1997-06-24,54.573890686035156,54.72611911193762,53.5844059176691,53.73663434357157,4895100
1997-06-25,54.19334411621094,54.95448658975323,53.5463730137,54.48828682470858,4708900
1997-06-26,53.926910400390625,54.573881096796164,53.39411100335078,54.09816734943915,2569900
1997-06-27,54.136253356933594,54.63099591836778,54.00305343654746,54.17431047704391,2617900
1997-06-30,53.77469253540039,54.47874901940953,53.508292784694234,54.136235054215895,2384900
1997-07-01,54.402618408203125,54.53581824341033,53.82224769765741,53.888847615261014,1749000
1997-07-02,55.29697036743164,55.29697036743164,54.32651424604864,54.53582831144497,1961800
1997-07-03,56.05813217163086,56.11521784594005,55.69658956767261,55.94396082301246,2539100
1997-07-07,55.487281799316406,56.324538451980985,55.35408187730159,56.24842421082966,1158600
1997-07-08,56.06767272949219,56.134272714068196,55.525358569373225,55.56341570341666,3396500
1997-07-09,55.44922637939453,56.24842593599527,54.821283870636805,56.210368814252384,5390300
1997-07-10,55.696624755859375,55.92496759735931,55.09722479692204,55.48731048448443,2072200
1997-07-11,55.886871337890625,56.13424257636274,55.63950009941852,55.77269999705735,2258900
1997-07-14,56.05813217163086,56.21036063645538,55.544361102848086,55.953475102064,3186400
1997-07-15,56.34355926513672,56.48627344767253,55.69658830430773,56.21035936143664,2983100
1997-07-16,57.08563232421875,57.29494630940755,56.562347361246744,56.70506144205729,2621300
1997-07-17,56.80023193359375,57.12371734159077,56.495775079008325,57.00954602112123,1794800
1997-07-18,55.59194564819336,56.762202248352146,55.449231428661804,56.638516591424796,3961900
1997-07-21,55.60144805908203,55.77270508595806,55.22087688824643,55.582419500540254,3810300
1997-07-22,57.07616424560547,57.114221364622374,55.79173647878488,55.82979359780178,4243400
1997-07-23,57.02859878540039,57.53285566488425,56.95248453944057,57.19985583881001,3204300
1997-07-24,57.294986724853516,57.39964379127222,56.43870163597328,57.19984393720016,4152700
1997-07-25,57.25690841674805,57.73262217893439,57.00953726041115,57.580393775034764,2364800
1997-07-28,57.2188835144043,57.58042617711586,56.933455096474106,57.390140565162405,2794700
1997-07-29,57.40912628173828,57.52329756370395,56.88584123939562,57.00952679485843,2737100
1997-07-30,58.09419631958008,58.227396245632185,57.48528237191334,57.5423680545071,4839800
1997-07-31,58.03710174560547,58.474758578441175,57.865844724061056,58.094187419453604,2138700
1997-08-01,57.808753967285156,58.28446787419171,57.12372594133971,58.15126798025788,7077700
1997-08-04,57.96097183227539,58.17980018948852,57.485258012246874,57.71360064586056,2339500
1997-08-05,57.99904251098633,58.26544231254598,57.78972838118946,57.903899724715025,1466700
1997-08-06,58.47473907470703,58.7791959003482,57.88485397502726,58.11319659425814,2478200
1997-08-07,58.03710174560547,58.83630117947938,57.92293039790919,58.76018694768186,3641900
1997-08-08,56.8573112487793,57.694567505454756,56.26742615884885,57.42816778742166,7113100
1997-08-11,57.27595138549805,57.409151272441065,56.40063784272964,57.085665832722306,6355900
1997-08-12,56.36255645751953,57.57086919724016,56.30547081627289,57.3710694528769,6132500
1997-08-13,56.19131851196289,57.142746187410964,55.6965761207299,57.04760341986616,6982300
1997-08-14,56.40064239501953,56.81927064491509,55.848814247429935,56.68607074722105,3462700
1997-08-15,54.66902542114258,56.0961667043259,54.57388266893036,56.0961667043259,4907100
1997-08-18,55.886871337890625,55.88687133789063,54.402643907057985,55.03058628164103,5638900
1997-08-19,56.53384780883789,56.57190492617807,55.7346483446941,56.153276635436086,3802800
1997-08-20,57.390113830566406,57.428170935228586,56.3911148331842,56.590914632660635,3564600
1997-08-21,56.381614685058594,57.390128211318505,56.077157771470695,57.31401398292153,5392600
1997-08-22,56.36255645751953,56.46721346647171,55.1447294442578,55.411129103408804,8087800
1997-08-25,56.15330505371094,56.876390649116225,55.924962234109266,56.49581928311344,3888000
1997-08-26,55.32551574707031,56.36257184619854,55.2303729856824,56.02005790520206,4290000
1997-08-27,55.65852355957031,56.00103755070613,55.04960979755108,55.41115234375,5484300
1997-08-28,54.811767578125,55.98202402876019,54.80225329803853,55.52533858460987,4287900
1997-08-29,55.030601501464844,55.47777271006942,54.63100169803097,54.87837300491861,2652300
1997-09-02,56.819244384765625,56.84778720679414,55.163760707111706,55.22084635116874,7294000
1997-09-03,56.514793395996094,57.23787829466541,56.47673629606613,56.80973592045331,2812500
1997-09-04,56.87636184692383,57.06664743356459,56.47676211497823,56.66704770161899,2473700
1997-09-05,56.71461868286133,57.50430386163628,56.381618908679116,57.218875483765814,3663300
1997-09-08,56.9620361328125,57.237950455152834,56.81932182815371,57.06669328956228,803500
1997-09-09,56.99053192138672,57.40916020261227,56.571903640161175,56.76218922253643,1885200
1997-09-10,55.81075668334961,56.93344152628096,55.81075668334962,56.705098846362716,3623700
1997-09-11,55.52531814575195,55.962974868627995,54.954461550696244,55.886860655953896,7055900
1997-09-12,56.41965866088867,56.60994418756958,55.37308826414369,56.02005905485877,6708000
1997-09-15,56.32450485229492,56.81924712464617,56.134219362929066,56.41964759697786,2060500
1997-09-16,57.73265838623047,58.018086822549996,56.64803032821625,56.819287390007965,6979000
1997-09-17,57.73265838623047,58.15128675949911,57.54237276201744,58.0751725098139,2220000
1997-09-18,57.98004913330078,58.68410617889715,57.82782058290157,57.84684915170147,5045400
1997-09-19,58.07809829711914,58.27863102718154,57.69613119223838,57.84891803419069,1566400
1997-09-22,58.402793884277344,58.79431032463956,58.19271189188785,58.36459715838834,3259000
1997-09-23,58.13539505004883,58.48871463231752,57.906214780469135,58.40277203122513,1872800
1997-09-24,57.657936096191406,58.7369931976935,57.61973938463382,58.288181836891745,2793100
1997-09-25,57.256874084472656,57.90621822018716,57.218677370607104,57.600644509262686,6327800
1997-09-26,57.73432159423828,57.944403478967565,57.56243641582341,57.71522324108107,3995800
1997-09-29,58.288204193115234,58.40279437173866,57.54336803206297,57.75345002620592,2065000
1997-09-30,57.677066802978516,58.47919819560272,57.677066802978516,58.05903413279957,4137600
1997-10-01,58.44097900390625,58.55556915881587,57.92532330681296,58.21179869408701,3567500
1997-10-02,58.76565170288086,58.78475006222531,58.24999600058063,58.3836845159918,2577500
1997-10-03,59.061649322509766,59.739640769865986,58.269067771375035,59.56775561419821,6499900
1997-10-06,59.453182220458984,59.653714958433554,59.22400194848805,59.47228057645656,2272100
1997-10-07,60.00700378417969,60.19798724625537,59.40540587864129,59.60593851382075,1832800
1997-10-08,59.586875915527344,60.121629930153865,59.11896615272913,60.11208075132125,4439400
1997-10-09,59.37681198120117,59.653738251296836,58.80386107755497,59.14763161974269,3607600
1997-10-10,59.204898834228516,59.271743074847805,58.82293174497543,58.86112845390074,2858100
1997-10-13,59.262176513671875,59.61549596758839,59.10938972278906,59.491356699996096,1760300
1997-10-14,59.28127670288086,59.58685029413282,58.78471961709642,59.56775194467958,2235700
1997-10-15,59.14760208129883,59.31948726655285,58.84202841862502,58.861126772542136,2601700
1997-10-16,58.2117919921875,59.586873692790356,58.05900513656496,59.47228355107345,9488100
1997-10-17,57.619712829589844,58.28815497378462,56.836680603533104,58.0685239835492,8151300
1997-10-20,58.44097900390625,58.517372440512666,57.543356123780896,57.96352002511617,3636400
1997-10-21,59.57734298706055,59.586892168497805,58.68926911339543,58.80385929064255,5225400
1997-10-22,59.185821533203125,59.520042855187974,58.99483792064035,59.49139531330356,4485200
1997-10-23,58.02081298828125,58.517370308128285,57.61974746071248,58.02081298828125,8054100
1997-10-24,57.447837829589844,58.76562400320743,57.247305150995864,58.76562400320743,6778700
1997-10-27,53.28440475463867,57.40964899370748,53.074322872093504,56.84624758142724,10840700
1997-10-28,56.359275817871094,56.760341487872886,51.56558614308775,51.56558614308775,19548000
1997-10-29,56.206443786621094,57.29504973151997,55.78628008858995,56.531115735099704,10134400
1997-10-30,54.9650993347168,56.56936213670297,54.85050913457493,55.38526340190366,9772900
1997-10-31,56.26376724243164,56.53114427617029,55.270652545688115,56.110980366009564,7072700
1997-11-03,57.447837829589844,57.67701803369725,56.76029721726763,56.95128072069046,5548500
1997-11-04,57.447837829589844,57.71521473438182,57.00857577171732,57.371444428220705,3455700
1997-11-05,57.63887023925781,58.230919602219046,57.352394741050766,57.56247677306927,4774900
1997-11-06,57.419219970703125,57.657949473325374,57.14229374766131,57.46696587122757,3679800
1997-11-07,56.798500061035156,56.98948358511396,55.88177914545692,56.45472971769332,10606800
1997-11-10,56.45477294921875,57.35239619976452,56.22559254482409,57.2187076305343,4347900
1997-11-11,56.47382354736328,56.874888915809215,56.24464333682275,56.64570870526868,3212400
1997-11-12,55.3088264465332,56.664809415353595,55.232433039839094,55.99636710678016,6775300
1997-11-13,56.11098861694336,56.32107060291558,55.06057868708227,55.90090663097114,8589600
1997-11-14,56.87490463256836,57.07543737220636,55.98683107131435,56.41654408482435,5827900
1997-11-17,57.92532730102539,58.24999942899025,57.46696664978087,57.677048614934606,5149900
1997-11-18,57.562442779541016,58.116295082330225,57.38100840448938,57.944409884912886,3433600
1997-11-19,57.84892654418945,58.09720519888555,56.68392670292318,57.25687744452954,4387900
1997-11-20,58.72746276855469,58.99483983481803,58.23090535977992,58.25000372165587,4822700
1997-11-21,59.12852478027344,59.16672150170772,58.460082155173446,59.052131337404866,5436500
1997-11-24,58.058982849121094,58.88021188284221,57.82980265366403,58.67013003700657,4337200
1997-11-25,58.2117919921875,58.555562417338216,57.848923210083974,58.44097227562131,4525000
1997-11-26,58.383644104003906,58.660570122815834,58.24995568112919,58.59372591137847,2681100
1997-11-28,58.44097900390625,58.82294618693832,58.42188064475465,58.517372440512666,1564700
1997-12-01,59.949737548828125,59.94973754882813,58.68924609351667,58.80383622581772,4850900
1997-12-02,59.586875915527344,59.88290045933845,59.43408905420547,59.70146606151874,1974900
1997-12-03,59.75876235961914,60.21712295298152,59.204909975972946,59.66327056933532,3302500
1997-12-04,59.70146942138672,60.33171525980827,59.51048583398625,60.198026748627946,2872500
1997-12-05,60.46540069580078,60.50359741133824,59.35769594521442,59.510482807364255,3458800
1997-12-08,60.29349899291992,60.503580870944035,60.04522040980052,60.48448251839639,2289200
1997-12-09,59.930660247802734,60.25533240338356,59.663283178500876,60.026152058267684,1703000
1997-12-10,59.41497802734375,59.79694509920068,58.95661754111545,59.62505991686506,3558400
1997-12-11,58.402793884277344,59.0330398614458,58.250006980721345,58.86115459494531,5072800
1997-12-12,58.51734924316406,58.97570968110007,58.00169375048605,58.93751297793874,4478400
1997-12-15,59.10940933227539,59.34813877222804,58.59375374197768,58.82293400433222,4674700
1997-12-16,59.472251892089844,59.777825440668344,59.20487503708367,59.41495685173138,2885800
1997-12-17,59.166709899902344,59.81605403695744,59.099865650499616,59.79695567998523,2236300
1997-12-18,58.593719482421875,59.24306317942394,58.19265425780295,59.24306317942394,4658300
1997-12-19,58.155818939208984,58.8269213667963,56.6793935985169,58.0024240986176,8556000
1997-12-22,58.52968978881836,58.84606649037954,58.02156963176555,58.5584513071421,5136800
1997-12-23,57.48469924926758,58.6735089068575,57.38882750268775,58.5584628109617,4436500
1997-12-24,57.312129974365234,57.94488350034517,57.216258228004634,57.94488350034517,2019200
1997-12-26,57.54222106933594,57.75313890731084,57.31212888245422,57.75313890731084,941800
1997-12-29,58.67353057861328,58.731053647808004,57.94490503548018,58.040776817471375,2080000
1997-12-30,59.5938606262207,59.67055800154402,58.80771252915666,58.86523556064915,3616000
1997-12-31,59.5555305480957,59.90066884489729,59.325438350227984,59.44048444916184,4359500
1998-01-02,59.86234664916992,59.91986972410506,59.22959282488337,59.70895178267621,2360900
1998-01-05,59.99656677246094,60.399228294423764,59.382987310422344,60.03491548883835,4191800
1998-01-06,59.037803649902344,59.68973132905034,59.01862930639799,59.670556985545986,3154900
1998-01-07,59.191253662109375,59.344648553362006,58.42427920584621,58.96116132523043,4424200
1998-01-08,58.67353057861328,59.09536641937456,58.520135727427366,59.09536641937456,3831000
1998-01-09,56.64104461669922,58.596828824858775,56.391778001933794,58.443433985003125,10258800
1998-01-12,57.67643356323242,57.79147964081866,55.778173283059544,55.91239370691015,12097900
1998-01-13,58.48176956176758,58.52011826311955,57.81066728810794,58.05993384689581,5224900
1998-01-14,58.750221252441406,58.88444173180404,58.117467564017595,58.71187254405209,3770400
1998-01-15,58.26126480102539,58.750210745546084,58.17498022258056,58.596815939421944,2875400
1998-01-16,59.095375061035156,59.32546737146099,58.69271351778994,59.05702634263085,4374800
1998-01-20,60.054073333740234,60.14035792186342,59.210401805424596,59.32544792292218,5091700
1998-01-21,59.47882843017578,59.93901278940345,58.999469722646964,59.65139756488616,4699400
1998-01-22,58.951541900634766,59.44048784907067,58.826908619660905,58.9994777779324,4543400
1998-01-23,58.865272521972656,59.38298013047209,58.29004184586218,59.21041092763895,6350300
1998-01-26,58.82687759399414,59.354171966169766,58.539262481898334,59.13366704689632,4362900
1998-01-27,59.421321868896484,59.82398329491999,58.692696431330155,58.78856819943099,7044200
1998-01-28,59.95819091796875,60.19787028684454,59.632226976297666,59.76644742286811,4268600
1998-01-29,60.284183502197266,61.08950656424952,59.86234761255085,60.03491684013347,8007700
1998-01-30,60.32252502441406,60.725186507412374,60.13078146108153,60.61014036941286,3649100
1998-02-02,61.31957244873047,61.664710755196126,61.20452634657526,61.30039809837127,5756300
1998-02-03,61.77975082397461,61.8564482179212,61.18534602088858,61.357915157268394,2759600
1998-02-04,61.703067779541016,62.06738048551096,61.31958072062528,61.53049860302893,3374000
1998-02-05,61.66473388671875,62.33583640103316,61.37711852344114,62.163267183066594,5076200
1998-02-06,62.355003356933594,62.355003356933594,61.77977269865929,61.97151625141739,5701200
1998-02-09,62.14408874511719,62.431704089509886,61.79895033184594,62.41252973321704,2322200
1998-02-10,62.73849105834961,62.872711546555124,62.08656297277996,62.23995781644341,3660400
1998-02-11,62.68096923828125,62.79601537331633,62.40294107861313,62.64262052660288,4073200
1998-02-12,62.94940948486328,63.160327396631025,61.894819926024574,62.4125275276363,5024700
1998-02-13,62.585121154785156,62.90149814591688,62.50842370238959,62.700167333378516,2101300
1998-02-17,62.891876220703125,63.256188918323055,62.680958343133696,63.08361974576624,3055500
1998-02-18,63.467159271240234,63.49592082378007,62.757707641924256,62.77688201028414,3007400
1998-02-19,63.13154220581055,63.447918954905724,63.045257637875494,63.352047212755664,3387800
1998-02-20,63.60133743286133,63.63968614400565,62.815188854402685,63.29454774370674,3707000
1998-02-23,63.85062026977539,63.96566643242363,63.40960997962379,63.96566643242363,3227800
1998-02-24,63.35207748413086,63.86978513911619,63.16033390821036,63.75473899356389,3386800
1998-02-25,64.13819122314453,64.34910904181557,63.582135155739095,63.65883254434674,3481800
1998-02-26,64.50250244140625,64.56002548163342,63.92727203913449,64.08066681307362,3187600
1998-02-27,64.50250244140625,64.75176894905734,64.1381898533008,64.40663070769429,3442900
1998-03-02,64.36831665039062,64.8860242910104,64.19574743685071,64.57923457805053,4252300
1998-03-03,64.73259735107422,64.80929474130062,64.13819257681969,64.13819257681969,3349200
1998-03-04,64.31076049804688,64.67507309478596,64.08066833168535,64.48332962281802,4404100
1998-03-05,63.71640396118164,64.08071683366506,63.29456800356924,63.50548598237544,7268000
1998-03-06,65.00106048583984,65.00106048583984,64.08069148781026,64.15738890431273,6896300
1998-03-09,64.77098083496094,65.17364234992074,64.57923725640866,64.75180647710572,3362800
1998-03-10,65.3845443725586,65.55711355125449,65.00105730878991,65.17362648748582,5481900
1998-03-11,65.69131469726562,65.84470947764453,65.51874556933936,65.63379165462354,3439600
1998-03-12,65.95975494384766,66.01727798594985,65.34617582809094,65.71048842807149,3191300
1998-03-13,65.71051788330078,66.2665742062117,65.57629739156367,66.17070242639947,2879400
1998-03-16,66.41999053955078,66.49668798821077,65.97898020975585,66.17072383140582,3223600
1998-03-17,66.6117172241211,66.6117172241211,66.05566086272228,66.45832236580418,4581900
1998-03-18,66.8609390258789,66.8609390258789,66.28570869299207,66.41992910399901,1944100
1998-03-19,67.03355407714844,67.11025150744267,66.6692412832509,66.86098485898644,2554800
1998-03-20,67.61073303222656,67.80302749477556,66.99539075206978,67.41843856967756,3123300
1998-03-23,67.4569091796875,67.87995707078018,67.32230303252165,67.51459752847286,4453100
1998-03-24,68.03379821777344,68.18763382708441,67.64920919449604,67.72612699915152,3333600
1998-03-25,67.78382110595703,68.62991702898174,67.18770806928052,68.55299921779768,4597600
1998-03-26,67.74535369873047,68.14917215677002,67.45691194298794,67.61074754605062,3333500
1998-03-27,67.4569091796875,68.168398814707,67.07232018778507,68.14916936511189,2611300
1998-03-30,67.4184341430664,67.74533470793581,67.05307468821238,67.45689303305105,3108700
1998-03-31,67.64917755126953,68.4183552380378,67.5338008982543,67.78378364645398,5926500
1998-04-01,68.19718170166016,68.35101716017229,67.32224253137241,67.87989606847889,2929000
1998-04-02,68.93753814697266,69.07214421866829,68.14913115561258,68.26450778849454,3920900
1998-04-03,69.28370666503906,69.41831281176547,68.82219987626279,69.1298710687803,3787600
1998-04-06,68.72602081298828,69.76441060702895,68.72602081298828,69.68749284450743,4550500
1998-04-07,68.2645263671875,68.87986857669453,67.78379026601012,68.76449191241197,5583700
1998-04-08,67.8799819946289,68.47609515095569,67.53385177482627,68.43763623764428,4854800
1998-04-09,68.41838073730469,68.47606908531253,68.01456230124977,68.03379175058572,4481200
1998-04-13,68.22606658935547,68.53373769009664,67.68764216305841,68.53373769009664,4350200
1998-04-14,68.80297088623047,68.80297088623047,68.24531684606818,68.37992299369355,3279100
1998-04-15,68.99524688720703,68.99524688720703,68.3991341075238,68.89909966467748,3867200
1998-04-16,68.18762969970703,68.61067759970521,67.99533519970785,68.49530089970571,7177900
1998-04-17,69.09137725830078,69.18752445737996,67.95684030916642,68.12990526750896,5688800
1998-04-20,69.07217407226562,69.26446854351359,68.84142070676808,68.91833849526726,3688300
1998-04-21,69.39908599853516,69.62983940168905,68.86066139117607,69.18756204564409,4573200
1998-04-22,69.59137725830078,69.80290120133513,69.41831221399995,69.45677111273348,2386100
1998-04-23,68.91834259033203,69.53368493488857,68.76450700419291,69.30293155567988,5062000
1998-04-24,68.18762969970703,69.20679054970266,67.89918794970828,68.76451319970455,11039700
1998-04-27,66.89926147460938,67.49537446849064,66.22623067506602,67.30307995433539,14510200
1998-04-28,66.80311584472656,67.57229392008323,66.53390351835174,67.55306446819931,6511400
1998-04-29,67.26461029052734,67.66842870565058,66.7261857370297,67.09154525547453,7703100
1998-04-30,68.51449584960938,68.87024049547459,67.93761264009821,68.0337598416834,8684500
1998-05-01,69.28370666503906,69.28370666503906,68.49529923421292,68.76451152766575,4008800
1998-05-04,69.11064147949219,69.72598386328288,69.01449423202489,69.36062432290716,4537200
1998-05-05,68.62989807128906,69.01448702097406,68.3799152539938,68.91833978355281,5146400
1998-05-06,67.82225799560547,68.99525423539338,67.80302854905158,68.99525423539338,5526100
1998-05-07,67.2838363647461,68.03378481236687,67.2838363647461,67.9953259176171,6940400
1998-05-08,68.37989044189453,68.53372596594829,67.68763058365263,67.68763058365263,7951000
1998-05-11,68.14915466308594,69.05293859908059,67.91840131772561,68.6491202447,6336300
1998-05-12,68.87991333007812,68.8991427866192,67.89921104648406,68.18765289459996,6045200
1998-05-13,69.05294799804688,69.26447192675155,68.66835903676564,68.95680075772657,4441500
1998-05-14,68.7068099975586,69.3413817103824,68.51451553912715,68.62989221418601,4187500
1998-05-15,68.3222427368164,69.05296191047219,68.18763657324824,68.91835574690403,6716100
1998-05-18,68.0530014038086,68.66834360356046,67.58188003212356,68.12991917877757,4847200
1998-05-19,68.51449584960938,68.7260196930968,68.16836592390267,68.30297200612195,5918700
1998-05-20,69.16830444335938,69.22599277066827,68.22606176398084,68.9760100189964,5716600
1998-05-21,68.72602081298828,69.39905123505169,68.49526752542369,69.14906850685671,6301500
1998-05-22,68.45684814453125,68.95681388940704,68.26455362727133,68.76451937214712,4862200
1998-05-26,67.36077117919922,68.97604516693907,67.18770610908423,68.97604516693907,6899300
1998-05-27,67.4569091796875,67.6299742260436,66.19738023120702,66.78387844385823,10202600
1998-05-28,67.76460266113281,67.91843830849066,67.11080115986195,67.61076701377496,4907600
1998-05-29,67.09156036376953,68.18763916592913,67.09156036376953,68.07226244991233,4772600
1998-06-01,67.39922332763672,67.82227123440077,66.80311036810555,67.05309322210249,6092200
1998-06-02,67.4569091796875,67.89918652037531,67.16846743576068,67.68766257482896,6701100
1998-06-03,66.38006591796875,67.80304531481977,66.38006591796875,67.61075080173178,6445100
1998-06-04,67.61073303222656,67.72610970975596,66.4954251494424,66.6108018269718,6566300
1998-06-05,68.91834259033203,68.91834259033203,67.6107401081494,67.91841128042766,8463200
1998-06-08,68.8414306640625,69.2067902122796,68.70682451471936,68.87988956387483,4159900
1998-06-09,69.05294799804688,69.17793941046328,68.55298234838126,68.74527682902188,2725300
1998-06-10,68.61066436767578,69.57213668224523,68.45682879734467,68.68758215284133,6186900
1998-06-11,67.3222885131836,68.84141470356963,67.30305906773567,68.57220246729868,8056600
1998-06-12,67.95689392089844,67.95689392089844,66.61083207187103,67.61076373114854,9779000
1998-06-15,66.16853332519531,67.6299714340924,66.14930387639403,66.95694072604768,10234200
1998-06-16,67.18768310546875,67.20691255112,66.30312860551123,66.7069469641875,7471500
1998-06-17,68.59143829345703,68.78373276582445,67.6491953788567,67.78380150951389,12057700
1998-06-18,68.28378295898438,68.5722247343673,68.149176797139,68.41838912082974,3844600
1998-06-19,67.94164276123047,68.66504185366266,67.67157376672246,68.55894332010594,3549100
1998-06-22,68.26956939697266,68.55892897339385,67.9416285436953,68.05737237426378,5438300
1998-06-23,69.07977294921875,69.17622613680493,68.52034446121893,68.57821637377064,5004600
1998-06-24,70.00572967529297,70.17934542813883,68.89651792099995,69.23410410708914,8291900
1998-06-25,69.8899917602539,70.64232675298089,69.6392134293449,70.31438585871528,5854800
1998-06-26,70.17937469482422,70.2758279310733,69.83214304432757,69.94788692782645,4833100
1998-06-29,70.43012237548828,70.79664451329553,70.24686130658465,70.52657556964807,5953400
1998-06-30,69.94786071777344,70.487998638374,69.79353559760185,70.31438287818096,4284800
1998-07-01,70.75804138183594,70.95094771057596,70.1407411298679,70.41080999010393,3489500
1998-07-02,70.89309692382812,70.91238756244685,70.52657479007227,70.8159343693532,3503900
1998-07-06,71.60684967041016,71.60684967041016,70.71948030488244,70.8545147735497,3144400
1998-07-07,71.4718017578125,71.68399874008941,71.16315160177336,71.5971908837034,4920700
1998-07-08,71.99267578125,72.18558220081391,71.45253780647106,71.52970037429662,6875000
1998-07-09,71.51039123535156,72.05052907041761,71.37535677658505,71.78046015288459,6942500
1998-07-10,71.89620971679688,72.18556929440673,71.02813098396729,71.62614077769433,7849700
1998-07-13,71.91548156738281,72.12767853552691,71.64541269883577,71.95406283431811,6555100
1998-07-14,72.7257080078125,72.93790503382999,72.18557012340435,72.18557012340435,6983600
1998-07-15,72.59066009521484,73.01505406866548,72.55207882490116,72.88001962256754,4977500
1998-07-16,73.09224700927734,73.20799086835775,72.26274935253443,72.64856221613579,6315600
1998-07-17,73.18868255615234,73.45875149547393,73.03435744796857,73.22726383319828,3539500
1998-07-20,73.18868255615234,73.60343128439622,72.80286978569292,73.30442638729016,2338400
1998-07-21,71.91548156738281,73.45873224479446,71.78044713310929,73.45873224479446,5518600
1998-07-22,71.91548156738281,72.21448638613131,71.3174719298858,71.81902840004459,10417300
1998-07-23,70.48795318603516,71.9733315098788,70.31433753779369,71.79971586163734,15110900
1998-07-24,70.43012237548828,71.04742281811102,69.67778746104182,70.97026026278317,11540500
1998-07-27,70.93168640136719,70.98955832391385,69.65850410534047,70.14077012656271,9600000
1998-07-28,69.73563385009766,70.77732796570078,69.06046173813267,70.64229354330777,13693000
1998-07-29,69.46556854248047,70.44939081286827,69.29195284770614,70.19861258708315,7462400
1998-07-30,70.50726318359375,70.73875077817738,70.00570672866257,70.14074115883636,6821600
1998-07-31,69.00260925292969,70.6808946890507,68.71324969497779,70.58444150306673,7680500
1998-08-03,68.71324157714844,69.39805911672978,68.53962586288837,69.0026011009152,10486500
1998-08-04,66.0511245727539,69.27266014624979,66.0511245727539,69.27266014624979,15091600
1998-08-05,66.95783233642578,67.20861073468956,65.18309290255912,66.62989135408085,21718400
1998-08-06,67.2471694946289,67.59440100664936,66.39838135413444,66.74561286615491,13084400
1998-08-07,67.36289978027344,68.26955965704116,66.95779643107936,67.7101312224398,12083800
1998-08-10,66.97712707519531,67.69088102156117,66.78422060320455,67.13145225278794,6273000
1998-08-11,65.97396850585938,66.32119991904811,65.12518060695358,65.91609660366126,14287100
1998-08-12,67.09282684326172,67.20857065035187,66.35978273169071,66.51410780781092,11158400
1998-08-13,66.28260803222656,67.69082409344675,66.28260803222656,67.16997705710504,9073900
1998-08-14,65.51099395751953,67.11211660135761,65.29879698062533,66.88062899020031,8628500
1998-08-17,66.89993286132812,67.24716434676753,65.1251941579711,65.43384436725057,11290000
1998-08-18,68.13452911376953,68.26956357124303,67.1507066378912,67.2857410953647,7603900
1998-08-19,67.96088409423828,68.57818420522767,67.67152466721201,68.57818420522767,6258600
1998-08-20,67.5558090209961,68.15381875247836,67.38219329250124,67.71013411299153,7402800
1998-08-21,67.01565551757812,67.11210867750556,65.1251735830005,66.7841679337523,16685400
1998-08-24,67.44005584716797,67.8644497912863,66.86133683246115,67.44005584716797,7201700
1998-08-25,67.5943603515625,68.67463551699844,67.06386808282164,68.13449793428047,9688300
1998-08-26,67.20858764648438,67.67156299192514,66.51412462832323,66.84206549801044,9339700
1998-08-27,64.04492950439453,66.39838775726686,63.87131373164165,66.05115621176111,24887800
1998-08-28,63.81343078613281,65.26022864252941,63.06109590080658,64.7972533284825,23735900
1998-08-31,59.2608528137207,64.20890253596008,58.643552263577774,64.04493207732835,22563100
1998-09-01,61.768611907958984,62.077262061153036,57.79474118558561,59.299410682406595,24748500
1998-09-02,61.324913024902344,62.81029154107645,60.97768168345905,61.61427247610509,13843200
1998-09-03,60.842689514160156,61.34424624446078,59.72383219272031,60.263970209967134,17311300
1998-09-04,60.341121673583984,61.61430390838468,59.106520718625745,61.382816229330004,17783800
1998-09-08,63.581966400146484,63.581966400146484,61.61432059528759,62.27020253024055,14746500
1998-09-09,62.03868865966797,63.65910216943542,62.00010738562589,63.427614525182925,12109700
1998-09-10,60.80406951904297,61.32491656124289,59.76237543464312,60.76548825665778,19889300
1998-09-11,62.7717399597168,62.771739959716804,59.87814407958235,60.61118836921641,20379800
1998-09-14,63.852012634277344,64.47895837766526,63.02251518917949,63.50478114563173,10686800
1998-09-15,64.23778533935547,64.39211034917975,63.1382196443575,63.504741542690155,8337900
1998-09-16,64.81652069091797,64.97084574018206,63.6783734525953,64.66219564165388,11024900
1998-09-17,62.964664459228516,63.60125573593027,62.82962994598874,63.11898961721682,12945200
1998-09-18,63.245094299316406,63.438681977000265,62.625613730728055,63.41932320923188,7019200
1998-09-21,63.20640563964844,64.05819181059623,61.289886755015914,61.71577984048981,8834600
1998-09-22,63.729068756103516,64.21303799027805,63.28381706066294,64.11624414344315,7270100
1998-09-23,66.28441619873047,66.28441619873047,64.29046325817286,64.34853955741241,13688500
1998-09-24,64.65827941894531,66.16826318980691,63.96136383239381,65.85852292911736,11129500
1998-09-25,64.58086395263672,65.30681790893884,63.574207799897785,63.88394815458669,10247400
1998-09-28,65.16162872314453,65.85854453836534,64.58086554379386,65.23906381372463,8847800
1998-09-29,65.00678253173828,65.62626348498891,64.03884354228417,65.27780544878543,10618100
1998-09-30,63.03215789794922,64.61957710790986,62.79985264771108,64.11624906572722,7908400
1998-10-01,61.21247863769531,62.90637233813755,60.76722657929336,61.96747125846385,13335600
1998-10-02,62.393314361572266,62.49010820948038,60.22513216843044,61.251146956256484,14351800
1998-10-05,61.1349983215332,61.928707926087625,59.68309050832389,61.696402675974134,12807200
1998-10-06,61.07693099975586,62.74178553730863,60.418732694211734,62.41268638453657,12621000
1998-10-07,60.16709518432617,61.96746193211972,59.31530876601525,61.096316731574454,14348500
1998-10-08,59.83797073364258,59.93476460412728,57.12774236007093,58.579650417341455,20625000
1998-10-09,61.03820037841797,61.19307053478566,58.26989633334541,60.08962067066583,12708500
1998-10-12,61.9287109375,62.838573211355104,61.75448199144264,62.335245144967175,9508500
1998-10-13,61.71577453613281,62.19974390984778,61.17372883757205,61.67705698623562,6256800
1998-10-14,62.296512603759766,63.07086328870395,61.23178041196151,61.28985671333232,8176900
1998-10-15,65.64557647705078,66.43928589479158,61.909334583783064,62.025487181501234,20541100
1998-10-16,65.66493225097656,66.12954262067687,65.04545175804283,65.74236731259329,16573900
1998-10-19,65.89725494384766,66.1682777315133,65.35520936851636,65.47136199180163,7915900
1998-10-20,66.28441619873047,67.39754526748835,65.72301197274824,66.63287399416772,14611600
1998-10-21,66.05213928222656,66.67162007268121,65.58752868938558,66.20700947984022,9178400
1998-10-22,67.03942108154297,67.1942912428633,65.76174225065014,66.148917653951,8277500
1998-10-23,66.18768310546875,66.90395812006435,66.14896553711223,66.88459933588608,6237200
1998-10-26,66.67162322998047,67.19431017167892,66.14893628828202,66.72969955683585,5838600
1998-10-27,66.28441619873047,67.50401848276086,65.83916457122731,67.17491945373678,10089700
1998-10-28,66.16826629638672,66.61351794203239,65.68429711633708,66.01339615877085,5650600
1998-10-29,67.77506256103516,67.79442133354617,66.05213180755554,66.34251339522065,9625600
1998-10-30,68.14288330078125,68.7042877370661,67.83314292214133,68.22031839544123,9872800
1998-11-02,69.30440521240234,69.30440521240234,68.2590315024946,68.64620695060857,6501400
1998-11-03,68.80108642578125,69.265697026293,68.60749867556802,69.13018560114374,6866000
1998-11-04,69.53669738769531,70.05938414422866,68.82042294355703,69.67220876901878,8233600
1998-11-05,70.48526763916016,70.58206147002964,68.83977251437888,69.09143647463955,6841500
1998-11-06,70.6982421875,70.96926502173466,70.19491406677847,70.291707936148,5224800
1998-11-09,70.1949234008789,70.77568669432247,69.69159521322781,70.58209892984128,6188700
1998-11-10,70.0013198852539,70.58208304801873,69.53670935504203,70.0013198852539,14015200
1998-11-11,69.53669738769531,70.620788438283,69.31407154694963,70.50463582572003,10922400
1998-11-12,69.45928955078125,70.0787703940435,69.188266681854,69.57544220889292,5457400
1998-11-13,70.1368408203125,70.1368408203125,69.45928370501828,69.51736002918636,5524600
1998-11-16,70.65953826904297,70.84344665631856,69.93358410874458,70.75633215708275,6023700
1998-11-17,70.65953826904297,71.62747714944082,70.00133983037243,70.40787416013953,9058900
1998-11-18,71.08541870117188,71.24028889442062,70.31106773492817,70.81439586298657,4567700
1998-11-19,71.70492553710938,71.801719443072,71.00800941417852,71.41454381922152,5249300
1998-11-20,72.24693298339844,72.32436806698193,71.76296371100162,72.08238343078352,5562000
1998-11-23,73.95049285888672,74.10536300099957,72.57602034763516,72.76960802527623,7151300
1998-11-24,73.48587799072266,74.12471728832378,73.37940477445581,73.71818318985034,5323700
1998-11-25,73.48587799072266,73.83433578941418,73.23421402500101,73.6794656566624,4393500
1998-11-27,74.02793884277344,74.1634502370986,73.7278778981963,74.00858007215557,4557900
1998-11-30,71.93716430664062,73.95047568658967,71.93716430664062,73.72784990899915,8705400
1998-12-01,72.86637878417969,73.11804268540028,71.37575413848845,71.9371582258267,8950600
1998-12-02,72.65347290039062,73.04064834883395,71.8597632310818,72.6147553555463,7495500
1998-12-03,71.4532241821289,73.29230743796803,71.29835401321613,72.63410922008876,12145300
1998-12-04,73.3310546875,73.40848980332629,72.1695279501056,72.2469630659319,10339500
1998-12-07,73.67948150634766,74.00858060923991,73.09871838359663,73.13743592511337,4290000
1998-12-08,73.35038757324219,74.18281477452206,72.78898318168135,73.42782266173334,10102600
1998-12-09,73.48587799072266,73.69882442325637,73.0212675924673,73.5245955239106,5327900
1998-12-10,72.41146087646484,73.6213836955476,72.30498766838556,73.6213836955476,5966600
1998-12-11,72.55672454833984,72.69223604029244,71.58878532010692,72.13083128791736,8198200
1998-12-14,70.46593475341797,72.11143048254999,70.46593475341797,71.95656029627874,9521400
1998-12-15,72.28562927246094,72.32434680286933,70.94987447337154,71.04666829939251,9631500
1998-12-16,72.18885803222656,72.55667468618535,71.70488875070185,72.55667468618535,7260000
1998-12-17,73.34073638916016,73.46656845634494,72.49862947800048,72.61478215540181,6914700
1998-12-18,73.65233612060547,74.04079780900528,73.26387443220565,73.53579761408552,4802400
1998-12-21,74.68175506591797,75.4198322291182,73.96310098595984,74.11848565189673,8580700
1998-12-22,75.011962890625,75.34215537357183,74.07965470348103,74.8371551055355,5461100
1998-12-23,76.5852279663086,76.5852279663086,75.0896503468803,75.32272737847951,7791000
1998-12-24,76.25504302978516,76.60465861168433,76.13850450248543,76.54638934803447,1507100
1998-12-28,76.060791015625,76.64348349020844,75.82771402579162,76.60463732523621,4203600
1998-12-29,77.26498413085938,77.37181103199555,75.9053690254898,76.27440741123297,3935800
1998-12-30,76.64350891113281,77.53697100183533,76.46870111077797,77.03197068969912,6810700
1998-12-31,76.64350891113281,77.03197068969912,76.11908551006829,76.64350891113281,6790500
1999-01-04,76.46865844726562,77.82827391368895,75.65288916741164,76.68231230627501,9450400
1999-01-05,77.34272766113281,77.61465086235226,76.41041954266612,76.41041954266612,8031000
1999-01-06,79.20733642578125,79.40156726547174,78.1584898914526,78.19733605939071,7737700
1999-01-07,78.81888580322266,79.07138593024135,78.17792394232902,78.5469625895102,5504900
1999-01-08,79.40155029296875,79.86770420858305,78.29443474338478,79.67347341041042,6224400
1999-01-11,78.6440200805664,79.36267375875384,77.82825104046174,79.36267375875384,7578300
1999-01-12,77.22616577148438,78.44981980659593,76.91539649272589,78.44981980659593,7768800
1999-01-13,76.68231201171875,77.7700043806793,74.8176965220721,74.83711960008924,10810600
1999-01-14,75.34214782714844,77.01253316180551,75.14791697428133,76.83772539422512,11400700
1999-01-15,77.30388641357422,77.55638654507584,75.86657797271882,76.06080884310468,7817700
1999-01-19,77.80889129638672,78.08081453107205,76.76004453402903,77.87687210505806,6535100
1999-01-20,78.43038177490234,79.51807404320213,77.71172795477571,78.37211254624343,6534400
1999-01-21,76.35214233398438,78.21675837673749,76.19675766375494,78.05166216461872,6937500
1999-01-22,76.17733001708984,76.97367640431592,75.6917529517081,75.90540686047606,7522300
1999-01-25,76.95427703857422,77.07081557018236,75.76946863389148,76.62408453235116,5700300
1999-01-26,78.35272216796875,78.35272216796875,76.83772159060098,77.14849093980463,6047000
1999-01-27,77.4398422241211,78.70234278709272,77.16791902594258,78.54695810241928,7399400
1999-01-28,78.74119567871094,78.91600346388815,77.80888749109917,77.847733665583,5961700
1999-01-29,79.34333801269531,79.74151143479085,77.94487526192076,79.14910707508774,6456800
1999-02-01,78.87712097167969,79.98423643471483,78.87712097167969,79.98423643471483,9426800
1999-02-02,78.39157104492188,79.07137901979112,77.54666684758439,78.98397513730794,9194500
1999-02-03,79.18791198730469,79.51810440913059,78.10021930364292,78.11964238727973,10290700
1999-02-04,78.00308990478516,79.24616703474189,77.55635906120696,79.1684747141196,7761100
1999-02-05,77.10965728759766,78.10023474897486,76.58523392569208,78.10023474897486,7516100
1999-02-08,77.26498413085938,77.75056095420565,76.66286886990999,77.75056095420565,8528400
1999-02-09,75.53638458251953,77.38157782894261,75.5266730391173,77.30388548172479,8985700
1999-02-10,76.02194213867188,76.44924993812276,75.41011506218537,75.90540364791254,6936700
1999-02-11,77.77000427246094,78.37211969015482,76.13846572129043,76.48808112511269,9181800
1999-02-12,76.83773040771484,78.00311560095622,76.2161916379861,77.57580769676771,10676600
1999-02-16,76.37158966064453,78.08082157573526,76.37158966064453,77.5369750572973,6915500
1999-02-17,76.29389190673828,77.91571980241359,75.98312248960289,76.56581514673175,7858100
1999-02-18,76.89598846435547,77.30387322256497,75.96368044559085,76.565796041043,9048900
1999-02-19,77.22616577148438,78.15847360775983,76.68231953365702,77.07078113210513,5312200
1999-02-22,79.28501892089844,79.38213432868984,77.24559535727906,77.34271076507045,10695800
1999-02-23,79.2461929321289,79.86773170022403,78.68292342354269,79.30446219163782,7770700
1999-02-24,77.84772491455078,80.08137969628065,77.69234023408261,79.459840974408,7271000
1999-02-25,77.10965728759766,77.86715769923904,76.25504143856635,77.40100359976742,11633000
1999-02-26,76.79890441894531,77.59525117695664,76.33275021913381,77.5369819019802,9621300
1999-03-01,77.0125503540039,77.265050519099,76.06081896249162,76.8571656370223,7607200
1999-03-02,76.33271026611328,77.88655678552526,76.02194096223089,77.38155666671636,9651500
1999-03-03,76.74060821533203,76.79887746986151,75.69176163380129,76.50753119721409,7881400
1999-03-04,77.71175384521484,77.99338854422899,76.61434967319418,77.10963828180529,8256400
1999-03-05,79.27530670166016,79.63463370741312,78.66347963781051,79.24617207957208,10703100
1999-03-08,79.78998565673828,80.05219714806398,79.0907550132031,79.73171643644369,4802200
1999-03-09,79.59579467773438,80.76117966569534,79.40156384640754,79.63464084399973,7893400
1999-03-10,80.29500579833984,80.3338519549912,79.42096727368448,79.84827499684933,3950000
1999-03-11,81.1884994506836,81.53811499855735,80.10080663507635,80.605806870894,6583700
1999-03-12,80.41158294677734,81.44100659319744,80.31446750843583,81.42158350552914,5286500
1999-03-15,81.55750274658203,81.57692582415922,80.4892334798371,80.76115656591762,5394400
1999-03-16,81.24674987792969,81.82944232266742,81.09136522599964,81.49924993731604,4547500
1999-03-17,80.89714050292969,81.3827175767768,80.56694809271364,81.22733291314572,4524100
1999-03-18,82.198486328125,82.27617865924799,80.64463970566517,80.66406278844592,3506300
1999-03-19,80.80131530761719,82.63151377482586,80.80131530761719,82.4368118102292,5526700
1999-03-22,80.9570541381836,81.36592814898249,80.63579598684159,81.03493490214528,4603800
1999-03-23,78.6206283569336,80.70393871706035,78.31884040756943,80.56764738508944,9713800
1999-03-24,79.0684585571289,79.23395520764248,78.27018059582818,79.02951816877278,6280900
1999-03-25,80.6844711303711,80.6844711303711,79.59414043942013,79.78884234851851,6639600
1999-03-26,80.10034942626953,80.45081279274324,79.57465437655895,80.13928980032216,6159700
1999-03-29,81.71642303466797,81.89165482101822,80.47033033173284,80.47033033173284,5863900
1999-03-30,81.28805541992188,81.75534004988072,80.72341982538829,80.95706214036771,5401400
1999-03-31,79.9835205078125,81.9986846686106,79.94458013755553,81.71636698424757,7413600
1999-04-01,80.58714294433594,80.80131510485484,79.82780528431441,80.80131510485484,7683600
1999-04-05,82.4952392578125,82.61206046044335,81.15179542755783,81.58013983720424,5791100
1999-04-06,82.30049896240234,82.85539941672657,81.71639322100843,82.35890953654174,5381300
1999-04-07,82.96253967285156,83.09883110155607,81.85273803911475,82.67048661134187,6248600
1999-04-08,84.0138931274414,84.07230371362503,82.4173371050891,82.98197277153076,5909100
1999-04-09,84.03340148925781,84.42280557400878,83.23512311551833,83.76081862993213,4365800
1999-04-12,84.92899322509766,84.98740381190997,83.00144386029146,83.15720542512427,8213200
1999-04-13,84.38383483886719,85.02635134779257,83.7997289216623,84.89005996711143,10071400
1999-04-14,82.96253967285156,84.7732686542116,82.67048661134187,84.7732686542116,11551700
1999-04-15,82.6509780883789,83.21561374551978,81.6190577494663,83.13773296522449,11150000
1999-04-16,81.95002746582031,82.80671580236013,81.73585538168535,82.80671580236013,6476200
1999-04-19,80.6844711303711,83.8191718668551,79.98354425761691,82.67043060317464,12487200
1999-04-20,81.69690704345703,81.7358474185969,80.3729342887013,80.87915916551967,9049600
1999-04-21,84.03340148925781,84.50068639095896,81.24916228328843,81.65803657227694,5772200
1999-04-22,84.83162689208984,84.96791823664908,83.73156103957594,84.1891105534534,6897400
1999-04-23,84.61746215820312,85.20156797153633,84.11123711998101,84.65640254575868,4593100
1999-04-26,85.1042251586914,85.24051652819743,84.40329811551756,85.04581457176025,3606500
1999-04-27,85.51309967041016,85.66886123629433,84.63694086231169,85.43521888746807,5147200
1999-04-28,84.34490966796875,85.51312171323147,84.1112672589162,85.00689649361763,5544300
1999-04-29,83.70233154296875,84.77319179764734,83.37133837334082,84.46166881446811,9824300
1999-04-30,83.02088928222656,84.50062370658145,81.93055865375455,84.16963048008101,10991900
1999-05-03,84.53956604003906,84.63691699125974,82.92354024977577,83.13771234246126,10709700
1999-05-04,83.33241271972656,84.61744525232048,82.94300892197083,84.18910107478916,10509300
1999-05-05,83.99443054199219,84.15019211926061,82.14476181192977,83.44926502155273,10032300
1999-05-06,83.47847747802734,84.18913973527468,82.47576223834957,83.7607953610434,13507200
1999-05-07,84.11124420166016,84.18912498332836,83.13773443080761,83.79972107498735,8680700
1999-05-10,83.69261169433594,84.55903514912201,83.19612184945852,84.0138698292566,5580100
1999-05-11,84.53956604003906,85.27943326931623,83.93599014247084,84.30592375710943,7000600
1999-05-12,85.20157623291016,85.493629167895,81.93058336107997,84.57852997160917,13865800
1999-05-13,85.57152557373047,85.98039975735921,85.24053218698339,85.51311497606922,4485700
1999-05-14,83.35192108154297,84.65642440143631,83.17668929230356,83.83867605165243,8370100
1999-05-17,83.60496520996094,83.78993194715112,82.47569460395773,83.2545019184427,6268100
1999-05-18,83.44926452636719,84.10151612730823,82.63151625056052,83.8191982701845,8218600
1999-05-19,84.05286407470703,84.11127468212518,83.02094334365319,83.78028124008904,5052400
1999-05-20,83.54661560058594,84.48118505964632,83.52714540352218,84.18913210368996,4670400
1999-05-21,83.07933044433594,83.91654891377735,82.61204571720586,83.56608536842978,6418200
1999-05-24,81.69690704345703,83.39081336204158,81.23935763556351,83.39081336204158,7952000
1999-05-25,80.37293243408203,82.45624245599258,80.02246906591016,81.85266665525214,15406400
1999-05-26,81.26858520507812,81.61904867745268,79.8083207368508,80.56765826032901,12575900
1999-05-27,80.10034942626953,81.17120971271697,79.74988605979581,80.89862709434854,14515400
1999-05-28,81.12258911132812,81.46331761473584,80.11987380129972,80.37298640383116,8748000
1999-06-01,80.84027099609375,81.09338359796013,79.98358218977677,81.07391339781657,6705300
1999-06-02,80.91812896728516,81.1128309137897,79.75965238558318,80.84024818868335,6981900
1999-06-03,81.3659439086914,81.54117566154574,80.85971884489003,81.42435449297618,6076600
1999-06-04,83.00142669677734,83.08904255887809,81.58010271158739,81.91109596841245,9787200
1999-06-07,83.21559143066406,83.60499522771912,82.80671744375626,83.13771067125306,5299100
1999-06-08,82.39786529541016,83.36163994855826,81.9889912001352,83.09879231588151,4895700
1999-06-09,82.31997680664062,82.92355279552564,82.12527487474223,82.49520854534917,7409700
1999-06-10,81.5606460571289,81.91110956370048,80.74289787512858,81.89163936889095,7040700
1999-06-11,80.87918090820312,82.3783857541183,80.43136647370898,81.75533958438731,12824800
1999-06-14,80.9570541381836,81.46327910393462,80.71367675080329,81.42433872195377,6823500
1999-06-15,81.50218963623047,82.02788460043932,81.04464031553019,81.28801761377503,5700900
1999-06-16,83.05985260009766,83.41031611317824,82.47574674496336,82.47574674496336,7865800
1999-06-17,83.83866882324219,84.46171513126441,82.63151660144909,82.78727817845466,8162800
1999-06-18,83.93548583984375,84.16983340384517,83.34961692984018,83.77925413050946,2875100
1999-06-21,84.13081359863281,84.52139304895145,83.52541545063895,84.03316873605316,4646400
1999-06-22,83.54493713378906,84.48232773276567,83.427763308917,83.74022684190919,5862400
1999-06-23,83.13483428955078,83.5058847597179,82.56849409824305,83.11530531743672,9629200
1999-06-24,82.5099105834961,83.07625079815205,81.65063577505258,83.0371928523137,9176900
1999-06-25,82.30487060546875,83.1250876099603,82.02170044915619,82.86144642994516,4087000
1999-06-28,83.31058502197266,83.50587471963316,82.80283180805533,82.92000562665163,5028900
1999-06-29,84.09174346923828,84.48232286296442,82.97859219711877,83.11529498492293,6956200
1999-06-30,85.61498260498047,85.92744604514462,83.64255713894418,84.13078126420069,16856100
1999-07-01,86.25945281982422,86.55238734377654,85.02912781922451,85.61499686712914,9939500
1999-07-02,87.11874389648438,87.17733081235288,86.1813532425881,86.3180560462813,3772800
1999-07-06,87.09919738769531,87.95847198075778,86.61097318709164,87.02108151559872,11221100
1999-07-07,87.21638488769531,87.31402974314503,86.56216435618214,86.90392135025618,3230700
1999-07-08,87.28469848632812,87.8803318466219,86.70859408866693,86.90388371499276,7101500
1999-07-09,87.80225372314453,87.86084063621603,87.21638459242959,87.48979018676323,2976800
1999-07-12,87.41167449951172,88.07565951581722,87.17732684669802,88.07565951581722,4436300
1999-07-13,87.09919738769531,87.44095432811788,86.65003112313994,87.09919738769531,6477600
1999-07-14,87.58745574951172,87.62651370079355,86.70865184567046,87.48981087130714,4382500
1999-07-15,88.14401245117188,88.34906665095858,87.6850816230778,87.97801619420167,3348600
1999-07-16,88.62246704101562,88.83728571387837,87.95848205216711,88.27094557633112,2281500
1999-07-19,88.03658294677734,88.8958574919544,87.84129327741893,88.85679955808273,4287000
1999-07-20,86.23017883300781,87.74367421508416,85.9470087292645,87.56791346103658,7060100
1999-07-21,86.13252258300781,86.80627205112113,85.81029457651884,86.29851882877486,4793700
1999-07-22,84.9998779296875,86.23996804997128,84.65812080992426,85.88844644107195,7804100
1999-07-23,84.83385467529297,85.61501355812256,84.44327523387818,85.40019486534442,4603000
1999-07-26,84.20890045166016,85.06817494606486,84.13078458853246,84.28701631478786,4333400
1999-07-27,84.91193389892578,85.74191485354959,84.59947048071446,84.9900497534786,5908500
1999-07-28,85.18538665771484,85.81031384089844,84.73622024480163,85.14632870876588,3955500
1999-07-29,83.99404907226562,84.5213309427495,83.31053553645319,84.32604136108881,7760600
1999-07-30,82.95909118652344,84.5799962167686,82.84191732891536,84.24800362021236,5994300
1999-08-02,83.15432739257812,84.2088914318452,82.80280604615577,82.95903775567682,6065500
1999-08-03,82.76374816894531,83.64255153553393,82.09976340307836,83.56443568072605,5445400
1999-08-04,81.63109588623047,83.66210879823237,81.5139220643842,82.93953689684707,6497900
1999-08-05,82.3731918334961,82.45130771005701,80.5179397651741,81.78732275928914,10322000
1999-08-06,81.47486877441406,82.49037528838087,80.92805757458578,82.0021510028199,7537700
1999-08-09,81.29912567138672,82.3634548448411,81.08430693912987,81.61158928194213,5565900
1999-08-10,80.40077209472656,81.338162685095,79.36573665119474,81.16240194940092,9793300
1999-08-11,81.37724304199219,81.57253280211215,80.38126526538032,81.04525044978823,8003400
1999-08-12,81.32840728759766,82.37320733319412,81.18193999148599,81.67016431185817,7036800
1999-08-13,83.21294403076172,83.27153094277587,81.94356093712184,82.25602446786397,5857700
1999-08-16,83.5840072631836,83.72071007880095,82.64661652752172,83.19342778999115,3927000
1999-08-17,84.13081359863281,84.26751640624434,83.1934229178681,84.01363976353723,4808000
1999-08-18,83.5254135131836,83.97457987063115,83.2715368763654,83.867170524285,4355500
1999-08-19,82.84191131591797,83.2617842752042,82.29510002010332,82.72473746681483,6448100
1999-08-20,83.681640625,83.8183434218203,82.92001075700117,83.15435840869311,3663700
1999-08-23,85.2829818725586,85.3318042803171,84.15030201256124,84.24794682807826,5637800
1999-08-24,85.59544372558594,86.22037053352999,84.59946662542512,85.02910380588665,9279500
1999-08-25,86.4742660522461,86.72814262376353,85.08770939242011,85.7321653047336,6005300
1999-08-26,85.43923950195312,86.5035683140346,85.30253671875,86.41568795340402,4322300
1999-08-27,84.40422058105469,85.65407484231973,84.40422058105469,85.53690100532613,6247400
1999-08-30,82.84191131591797,84.6776349518671,82.49038976860855,84.5799900776145,4652000
1999-08-31,82.52941131591797,83.58397549269496,81.78731059892675,83.07622237054308,11453700
1999-09-01,83.54493713378906,83.57423059000709,82.68566241806052,83.07624183430077,6863900
1999-09-02,82.5587387084961,82.91026024527976,81.6506414051383,82.56850319562898,10896300
1999-09-03,84.97054290771484,85.30253537598216,84.16985519012893,84.28702900245857,9160800
1999-09-07,84.65813446044922,85.38070677302976,84.50190260908045,85.02918510745003,4560800
1999-09-08,84.24801635742188,85.02917552624358,83.7597918769083,84.26754533664241,6159600
1999-09-09,84.20890045166016,84.52136390417097,83.54491561507471,84.20890045166016,6177800
1999-09-10,84.91193389892578,85.21463283531799,84.32606498977955,85.14628146258427,2934500
1999-09-13,84.33583068847656,84.6580585931564,84.0526607116367,84.4432399900365,2320500
1999-09-14,83.77928161621094,84.09174513739028,83.34964427458935,83.77928161621094,3736000
1999-09-15,82.45130157470703,84.63854595565616,82.41224363933294,84.63854595565616,6984500
1999-09-16,82.77352142333984,82.99810452971435,81.43578726797855,82.80281487199738,15377600
1999-09-17,83.81941223144531,83.9369160803679,82.82062951560331,83.11438913790978,8542300
1999-09-20,83.70191192626953,83.97608758536353,83.40815229152595,83.9369196340644,2803900
1999-09-21,81.9393539428711,83.01647260129795,81.56725840632365,82.87938477204362,9335200
1999-09-22,81.85122680664062,82.62479385027319,81.31266747246606,82.25269831029803,13009100
1999-09-23,80.13760375976562,82.60518393418657,79.98093200265954,82.60518393418657,12204100
1999-09-24,80.05929565429688,80.45097518293825,79.15843273842171,80.05929565429688,13792900
1999-09-27,80.58805084228516,81.31265786079416,80.392211107553,80.68597070965124,6970300
1999-09-28,80.43141174316406,80.72517146465115,78.68843739567403,80.17681998454192,11063400
1999-09-29,79.47179412841797,80.92100870838419,79.43262616679726,80.49016113055639,7580300
1999-09-30,80.68596649169922,81.11681388558694,79.56968006208105,79.86343964882268,7498900
1999-10-01,80.50969696044922,80.56844886774218,79.35424278368772,80.17676948578912,11127100
1999-10-04,81.9393539428711,82.01768984530214,80.68597950397441,80.96015516248306,6341600
1999-10-05,81.86100006103516,82.70311082721328,80.64679384003416,81.91975197495456,11976000
1999-10-06,83.1143569946289,83.23186079810858,81.90015102533886,81.93931895983208,10308200
1999-10-07,82.6443862915039,83.34940949209494,82.40937855797357,83.26128159202106,6535600
1999-10-08,83.89778137207031,83.89778137207031,82.24293484407313,82.56607055664062,9674300
1999-10-11,83.76065826416016,84.05441787930218,83.54523454638935,83.72149031547455,4282000
1999-10-12,82.46810150146484,83.54521990150772,82.21350987963652,83.4277160760485,8686100
1999-10-13,80.3334732055664,82.29187089463433,80.3334732055664,81.90019135682074,10469300
1999-10-14,80.31388854980469,80.96015978173435,79.43260959717333,80.51952030541867,10562200
1999-10-15,78.25755310058594,79.43259143542957,78.02254543361721,78.96257610149212,14238700
1999-10-18,78.82547760009766,78.92339744804809,77.35667988084118,78.29671042116533,9758800
1999-10-19,79.5892562866211,80.3726151083398,78.92340128816018,79.7067601098789,14392900
1999-10-20,80.37262725830078,81.13640222493667,79.66760421217533,80.05928368224502,9759400
1999-10-21,80.84263610839844,80.84263610839844,79.35425424206164,79.72634970864584,9105400
1999-10-22,81.5280990600586,82.23312225635024,81.19517143958754,81.31267530563615,8309600
1999-10-25,81.1168212890625,81.76309243887879,80.68597385585164,81.03848539211506,8114300
1999-10-26,80.09844970703125,81.9001752261136,80.09844970703125,81.58683165757755,6256300
1999-10-27,81.54768371582031,81.66518758284599,80.37264504556353,80.45098095691398,5433300
1999-10-28,84.32858276367188,84.5146304961974,82.84020090346773,82.99687267822607,10509700
1999-10-29,85.85610961914062,86.28695688456516,85.05316698812221,85.13150285456302,10988600
1999-11-01,84.9552993774414,85.85616239527504,84.9552993774414,85.54281873689811,4006500
1999-11-02,84.34818267822266,86.01282059966425,84.34818267822267,85.20987760226302,6516900
1999-11-03,84.91613006591797,85.46448145933257,84.68112232588314,85.22947371929774,7222300
1999-11-04,85.56236267089844,86.08133786219595,85.08255541856678,85.69945045727891,7907500
1999-11-05,86.40447235107422,87.17803913662894,85.71903342716496,86.8744876131834,7431500
1999-11-08,86.48282623291016,86.7178339128909,85.69946729964104,85.85613908629487,4649200
1999-11-09,85.67009735107422,86.91367974490053,85.40571369254423,86.79617589666498,4533700
1999-11-10,86.30660247802734,86.72765806079966,85.27844349683913,85.38615539010647,6405600
1999-11-11,86.79615783691406,86.79615783691406,86.14988680608867,86.60031813060334,4794100
1999-11-12,87.57952880859375,87.7264086086976,85.93447504743054,87.26618523503885,11802900
1999-11-15,87.78514862060547,87.89286045940375,87.3640932507576,87.63826884042598,2187500
1999-11-16,88.51957702636719,89.61627975058767,87.79496986929294,88.08872952756627,7544800
1999-11-17,88.75457000732422,89.57709691383516,88.55873026767875,89.14624948661515,9459000
1999-11-18,89.38126373291016,89.61627143772938,88.7545765200589,89.26375988050054,4491000
1999-11-19,89.30292510986328,89.5966847319352,88.98958151298656,89.2441731854489,4832100
1999-11-22,89.28333282470703,89.61626036540018,88.6762296622666,89.26374885172508,4155400
1999-11-23,88.49998474121094,89.51835146095932,87.97121740595696,89.51835146095932,5918000
1999-11-24,88.96998596191406,89.26374554576365,87.73619570974577,88.20621104390511,4459700
1999-11-26,88.63709259033203,89.5379556612899,88.51958871151145,89.28336392384529,1693900
1999-11-29,88.3237075805664,88.94060265568567,88.0103640503471,88.284539639289,7348600
1999-11-30,87.28577423095703,89.18541975494242,87.10951846069035,88.20622103123861,7682000
1999-12-01,87.99077606201172,88.0495279712452,87.10949742350948,87.30533712095442,6980200
1999-12-02,88.51957702636719,88.59791293524007,87.97122566425695,88.12789748200272,6698300
1999-12-03,90.1450424194336,91.08507327672945,89.63585903839834,89.63585903839834,10045400
1999-12-06,89.47918701171875,90.06670629610298,89.14625941723435,89.94920243922613,3138900
1999-12-07,88.75457000732422,89.81210460140971,88.59789821560784,89.79252062744517,10714200
1999-12-08,88.1866455078125,89.02875649089843,88.04955767335666,88.57832503482922,4611400
1999-12-09,88.61749267578125,89.12667605911172,87.34453421745512,88.87208436744649,6474700
1999-12-10,88.91122436523438,89.49874346896941,88.28453732125034,89.16581597685288,5127300
1999-12-13,89.06790161132812,89.43999706660853,88.53913438540336,88.6370542420561,4210800
1999-12-14,88.20622253417969,89.29313313601072,88.12788663494862,88.75457382879715,5739000
1999-12-15,88.67623138427734,89.11687078492801,87.75578463625149,87.97120834323627,6879100
1999-12-16,89.06790161132812,89.40082912394743,88.46079850008117,89.10706955398922,5854900
1999-12-17,89.639892578125,90.03253336909357,89.24725178715643,89.83621297360928,4775400
1999-12-20,88.99205017089844,89.95402026981174,88.63867339986905,89.56137941311243,4608700
1999-12-21,90.34663391113281,90.50369020650201,88.79570299436196,88.95275928973116,7981300
1999-12-22,90.5822525024414,90.5822525024414,89.81660277387721,90.22887570464255,5377500
1999-12-23,92.02518463134766,92.02518463134766,91.09266276041667,91.10247878011069,5721700
1999-12-27,91.8975601196289,92.21167269427409,91.1319107189313,92.03498437103617,2691000
1999-12-28,91.83867645263672,92.03499683838413,91.39695558470505,91.64235606688932,4084500
1999-12-29,92.23130798339844,92.23130798339844,91.2889702262245,91.9171953976738,3001000
1999-12-30,92.12332916259766,92.7024742260599,91.83866463987891,92.42762572136596,3641300
1999-12-31,92.27056884765625,92.66320956615691,91.87792812915558,92.25093681173121,3172700
2000-01-03,91.36753845214844,93.13442252191496,90.38593619116705,93.13442252191496,8164300
2000-01-04,87.79452514648438,90.50374797077212,87.72581297340462,90.170003130099,8089800
2000-01-05,87.95155334472656,88.9135234594345,86.22393354688371,87.91228925841195,12177900
2000-01-06,86.53801727294922,88.89386166331988,86.53801727294922,87.71593946813455,6227200
2000-01-07,91.56380462646484,91.56380462646484,87.99077451454019,88.14783078319621,8066500
2000-01-10,91.87797546386719,92.29024843069223,91.11232566833496,91.87797546386719,5741700
2000-01-11,90.7785415649414,91.77977547926062,90.15031636379994,91.60308714143959,7503700
2000-01-12,89.87550354003906,90.83747376141564,89.75771126803377,90.83747376141564,6907700
2000-01-13,91.09268188476562,91.56385092899717,90.01291949173499,90.75893714510161,5158300
2000-01-14,92.3294906616211,92.64360332387623,91.70126533711081,92.05464208214785,7437300
2000-01-18,91.60308837890625,92.11352136172914,91.21044762288865,91.30860781189305,6488500
2000-01-19,92.34912872314453,92.34912872314453,91.09267799221739,91.28899841892476,6157900
2000-01-20,90.93563842773438,92.32951371451529,90.34667703895371,92.32951371451529,5800100
2000-01-21,90.73930358886719,91.40679305706742,90.50371907067887,91.40679305706742,6244800
2000-01-24,88.1675033569336,91.62274285611424,87.57854207866416,91.50495060046036,7896900
2000-01-25,89.16873168945312,89.16873168945312,87.32331980508312,88.27547380925274,9942500
2000-01-26,88.46199798583984,88.92335106011132,88.01046093442523,88.57979026012192,5158100
2000-01-27,88.10861206054688,89.3454308127337,86.77363308993252,89.10984628850763,10922700
2000-01-28,85.3601303100586,87.99082429845507,85.1441778184738,87.59818340466455,11916200
2000-01-31,87.67665100097656,87.7453631099115,84.81037445683357,85.32080726606452,10768700
2000-02-01,88.54051971435547,89.01168877713695,87.02885230459817,87.7945020316181,8419900
2000-02-02,88.61905670166016,89.36507445856381,88.18715168450541,88.7564810253003,6205900
2000-02-03,89.95401763916016,89.99328172368183,87.95154932855468,88.50124651185814,7997500
2000-02-04,89.58101654052734,90.46445851824457,89.28653588128826,89.9540253755635,4925400
2000-02-07,89.44357299804688,89.69878951450312,88.8546118062248,89.56136523641129,5845800
2000-02-08,90.6607894897461,90.81784585958542,90.22888447268797,90.44483698121704,4936400
2000-02-09,88.75648498535156,90.75895379059506,88.74666896179644,90.75895379059506,8511500
2000-02-10,88.93317413330078,89.5613996459422,88.50126909335981,88.97243822784087,6690600
2000-02-11,87.12699127197266,89.16872337929243,86.71471844261,89.10982726081205,9849800
2000-02-14,87.63742065429688,87.81410900239021,86.89140318456943,87.81410900239021,8528800
2000-02-15,88.6288833618164,88.71722758047366,86.56751825981381,87.4804085192721,11078300
2000-02-16,87.32337188720703,88.54055917520317,87.19576354249776,88.18718222062365,8845400
2000-02-17,86.87179565429688,88.22640670517744,86.83253156586555,88.22640670517744,7584200
2000-02-18,85.00679016113281,87.24484422080236,84.5748849917229,87.24484422080236,9409200
2000-02-22,84.79081726074219,85.65462739259507,83.88774303198689,84.9282415999006,16415400
2000-02-23,85.79202270507812,86.36135191753746,84.49630794568793,85.20306145080986,12119000
2000-02-24,84.06442260742188,86.08652338476061,83.61288554063749,85.87057087455939,17375000
2000-02-25,83.76010131835938,85.89017772596327,83.63249305430938,84.92820773543248,10559900
2000-02-28,85.51720428466797,85.87058116187734,83.37731097267789,83.78958399608882,13397800
2000-02-29,86.34172821044922,86.34172821044922,85.28159785043006,85.47791828747066,8242500
2000-03-01,86.96995544433594,87.32333223846642,86.20430572371988,86.45952229725857,6868000
2000-03-02,87.02884674072266,87.40185555824436,86.28282910567924,87.12700695585994,7600200
2000-03-03,88.6583251953125,89.03133409228126,87.7748830709128,88.22642015671708,12770300
2000-03-06,87.79452514648438,88.79575966850376,87.16629956404084,88.46201482783063,11967100
2000-03-07,86.0963363647461,88.0497249107026,84.9478616919978,87.95156468226257,20062000
2000-03-08,85.98834991455078,86.59694325869486,84.83005935634108,85.73313335087747,11808500
2000-03-09,88.50129699707031,88.50129699707031,85.51722487117087,86.223978795726,5500900
2000-03-10,88.03006744384766,89.20798984496962,87.65705868349237,88.06933152388505,7924600
2000-03-13,87.06812286376953,88.24604560826248,85.24234260980549,85.87056807353505,10540500
2000-03-14,85.8312759399414,88.01043230529675,85.53679535002853,87.49999928278108,8263900
2000-03-15,87.8337631225586,88.22640399480964,85.47791788905234,85.98835102297869,10300800
2000-03-16,91.93684387207031,92.25095651395652,88.50123685143987,88.9724058142692,25601400
2000-03-17,92.54450988769531,93.213696050218,91.59977648178095,91.83595983325954,10272900
2000-03-20,92.07212829589844,92.80036017852953,91.18644087107684,92.50513103692232,12502300
2000-03-21,93.96161651611328,94.31589156791263,91.00932441778548,91.6588286794176,13612600
2000-03-22,94.53235626220703,95.00472281442292,93.64666897680222,94.19776328772076,8260000
2000-03-23,96.14627838134766,96.658008829232,93.94190106738431,93.94190106738431,11654500
2000-03-24,96.71707153320312,98.09480759492966,95.55583685260504,96.2840687709462,11462900
2000-03-27,95.69356536865234,96.8547995020852,95.6148376307925,96.59893435404067,8798600
2000-03-28,95.14246368408203,96.35290255801067,94.8472346904409,95.26055528153847,6334400
2000-03-29,95.24088287353516,96.0380012360849,94.2567861296466,95.45738415719065,6747500
2000-03-30,93.64671325683594,95.68379497648338,92.6626158077309,94.57176485899468,9491900
2000-03-31,94.70945739746094,95.92973718936504,93.48917760555682,94.23709102640127,9249100
2000-04-03,95.26058959960938,95.26058959960938,93.646670519616,94.55203975961228,8508200
2000-04-04,94.55204010009766,96.36277858661077,89.05093785031055,95.575500983779,19585500
2000-04-05,93.96161651611328,94.98507777686693,92.97751915000401,93.1349747285815,8387200
2000-04-06,94.77838897705078,95.53614372227277,93.84349675891977,94.63077441629325,6378500
2000-04-07,95.3786392211914,95.8116417104333,94.7881812813161,95.45736694650812,6023600
2000-04-10,95.00474548339844,96.43168645036475,94.6701524290753,95.57552187018496,9624200
2000-04-11,94.72917175292969,95.49676736862973,93.44984572676297,94.47330654769635,9006400
2000-04-12,92.13113403320312,95.20151576983626,92.05240629636639,94.70946741460659,10779200
2000-04-13,90.85181427001953,93.31205620757423,90.55658523751298,92.8790536265646,12225800
2000-04-14,85.65576171875,89.9464225769043,84.08120727539062,89.82833099365234,29604000
2000-04-17,88.64746856689453,88.64746856689453,84.82917174141107,85.14408281980145,23918200
2000-04-18,90.98955535888672,90.98955535888672,88.03726608702148,88.52931429899901,11069200
2000-04-19,90.14330291748047,91.40294732506098,89.76934598398,91.00930844769208,6553700
2000-04-20,90.57626342773438,90.65499116648077,89.67089443215076,90.41880795024157,8537600
2000-04-24,89.5921630859375,90.26134883833686,88.48997478786798,89.11979667247914,12893100
2000-04-25,93.31210327148438,93.31210327148438,90.96995176561923,91.08804343818386,14102000
2000-04-26,92.25907897949219,93.68601940104168,91.95400895833335,93.19397097981772,7711100
2000-04-27,91.95403289794922,92.80035640278908,90.06456646853931,90.06456646853931,15595300
2000-04-28,91.38324737548828,93.12509906463985,91.36356543549788,92.58384571490349,8743400
2000-05-01,92.62322998046875,93.51875844713074,91.85563415190133,92.30831887131288,7328300
2000-05-02,90.77311706542969,92.66258350911599,90.77311706542969,91.63912251878591,9411900
2000-05-03,88.64746856689453,90.69439057643207,88.03732835251316,90.69439057643207,12630700
2000-05-04,89.3166732788086,89.66110734279695,88.6474870973455,89.43476495789032,5963600
2000-05-05,90.39913940429688,90.69436846832136,88.7655385833614,88.84426633376793,7862400
2000-05-08,89.72008514404297,90.30070212588991,89.33628747807636,89.90706349412928,5064100
2000-05-09,89.001708984375,90.32039861328988,88.34236416991754,90.10389733093072,5620300
2000-05-10,86.99419403076172,88.78525096668916,86.7580106985515,88.4900218014264,10293900
2000-05-11,88.98204803466797,89.11982161047922,87.62399421595704,88.25381627680848,7091100
2000-05-12,89.94647979736328,90.35980060168377,89.19856596097382,89.3166576193511,5960800
2000-05-15,91.5013427734375,91.70800315182449,89.43473898956765,89.9071055687379,4441300
2000-05-16,92.38705444335938,93.03655866079245,91.52104882011527,92.30832665942809,8192200
2000-05-17,91.42259979248047,92.0721037307263,90.98959716698326,91.75719273036468,5907200
2000-05-18,90.30075073242188,92.15085329755868,90.30075073242188,91.71785056954793,4325600
2000-05-19,88.88362121582031,90.21215186951116,88.43093669678491,89.78899025389111,6518400
2000-05-22,88.21443176269531,89.10011882858582,86.28560215253374,88.96234528500285,10839400
2000-05-23,86.91547393798828,88.68684908618098,86.63992669271387,88.45066573308863,7979200
2000-05-24,88.3325424194336,88.60808956601828,85.970709734422,86.91544280842665,11081500
2000-05-25,86.81706237792969,89.31666947881318,86.7383345952247,88.60811943446825,8278900
2000-05-26,86.91547393798828,87.97829902690391,86.49231209703115,87.42720453635506,4814000
2000-05-30,89.7496566772461,90.02520386879904,87.84050827862923,88.17510129694352,5362700
2000-05-31,89.94647979736328,90.69439363375274,89.49379510691703,89.78902425286024,6056500
2000-06-01,91.52102661132812,91.59975437615508,90.06456296202958,90.49756566857779,8961600
2000-06-02,93.11527252197266,93.90255024357039,92.88893017701331,93.80414052837067,8962200
2000-06-05,92.66254425048828,93.35141193289421,92.50508878022407,92.87904552210158,6998100
2000-06-06,92.24927520751953,93.07591688849155,91.89500020138867,92.34768493144477,4858900
2000-06-07,92.88892364501953,93.21367568234189,91.95403141636429,92.34767024948229,4919500
2000-06-08,92.52482604980469,93.05623857976526,91.9934135198441,92.8987830153325,5723100
2000-06-09,92.3279800415039,93.19398539682818,91.71783990479817,92.89875629842219,3085300
2000-06-12,91.24549865722656,92.56418899588796,91.24549865722656,92.56418899588796,3678900
2000-06-13,92.95780181884766,93.05621151799951,91.0880175349623,91.20610917394454,6558700
2000-06-14,93.11527252197266,93.76477664229078,92.70195171813384,93.37113778149191,6420500
2000-06-15,93.31210327148438,93.68606023460569,92.48546156353197,93.29242132605692,5881200
2000-06-16,92.54534912109375,93.63040437619078,92.09159874168954,93.63040437619078,5567900
2000-06-19,93.72901916503906,94.16304114391316,92.32831186958173,92.46640977195077,5106900
2000-06-20,93.3936538696289,93.98550211975329,92.8018056195045,93.55148006966208,6480000
2000-06-21,93.35419464111328,93.70930358099916,92.73275399631297,92.76234640797013,3115000
2000-06-22,91.93373107910156,93.23579679824763,91.53916570966335,93.15688372435999,7490500
2000-06-23,91.1446533203125,92.24943699692234,90.82900084128111,92.05215419752773,4863300
2000-06-26,92.31847381591797,92.32833795458833,91.46029375159648,91.77594618904807,5201300
2000-06-27,91.63785552978516,92.62426947520804,91.54907827469711,92.16065492085929,4159500
2000-06-28,91.894287109375,92.79192344760526,91.73646094001583,91.93374365171479,5347700
2000-06-29,91.02628326416016,92.0126972570531,90.60212524721621,91.38139230160162,6345700
2000-06-30,91.7167739868164,91.91405678739032,90.83886552426245,90.86845794434853,7420200
2000-07-03,92.97940826416016,93.07804969028382,91.65761315410315,91.815439435901,1436600
2000-07-05,91.3024673461914,92.58480537071657,91.1446411277883,92.40725087501308,2748200
2000-07-06,92.0126953125,92.46644573964142,91.0460096198944,91.4997600470358,5963200
2000-07-07,93.49231719970703,93.92633935172087,92.32834870112448,92.60454461604238,3034800
2000-07-10,93.33446502685547,94.00522634812224,93.13718228530642,93.35419330101037,2816100
2000-07-11,93.53177642822266,94.1433531144228,92.90047146182249,93.09775426382255,5431600
2000-07-12,94.14336395263672,94.7746689917156,93.86716799803972,94.24200536499279,5883000
2000-07-13,94.5576400756836,94.93247737204037,94.18280277932682,94.68587388759512,5356000
2000-07-14,95.48481750488281,95.48481750488283,94.488539966867,94.97188253481526,5341900
2000-07-17,95.3270263671875,95.94846703990406,95.12974361394416,95.31716222952534,4208300
2000-07-18,94.54779052734375,95.09031827684859,94.28145872304138,95.09031827684859,4262100
2000-07-19,93.78824615478516,94.63656222223483,93.5909633484015,94.36036629329773,8506800
2000-07-20,95.09032440185547,95.09032440185547,93.94608398374184,94.0644536821674,4538900
2000-07-21,93.23583221435547,94.53789842809805,93.23583221435547,94.53789842809805,5656900
2000-07-24,92.70323181152344,93.97570647673801,92.52567720707489,93.51209167623347,5628500
2000-07-25,92.99911499023438,93.3344957613065,92.66373421916225,93.27531091935259,4757100
2000-07-26,92.09161376953125,92.90047327350527,91.94365166514575,92.78210358999688,12062500
2000-07-27,91.77594757080078,92.56507867631068,91.34192546277035,92.13105656828024,7652600
2000-07-28,89.7044906616211,92.1113408619109,89.33951747551157,91.99297117992944,6229500
2000-07-31,90.27660369873047,90.98682173482187,89.68475533532096,90.23714714116983,5265500
2000-08-01,90.8289794921875,91.36164292535193,90.35550088493022,90.67115328976841,3946600
2000-08-02,91.28272247314453,91.79565758969991,90.67114598802081,90.82897217773017,7439800
2000-08-03,91.91410064697266,92.05219867327204,90.03991314719536,90.19773946296608,4607100
2000-08-04,92.4072494506836,92.62426049764294,91.7956728637982,92.367792896691,3686600
2000-08-07,93.51210021972656,93.70938313158253,92.40731591333316,92.62432711637473,4159800
2000-08-08,93.86715698242188,93.94607010304601,93.11748233649247,93.11748233649247,3658700
2000-08-09,93.07803344726562,94.20254550883709,93.03857688370172,94.15322480438219,5383800
2000-08-10,92.624267578125,93.34434974353533,92.3480716790635,93.1372028192392,4193400
2000-08-11,93.05824279785156,93.4330799004929,91.89427495280742,92.56503608384982,5089400
2000-08-14,94.2419662475586,94.4195207161012,92.84125877350027,93.29500908199803,2966700
2000-08-15,94.16304779052734,94.57734152687787,93.78821060049592,94.28141742948463,5564600
2000-08-16,93.82772064208984,94.65630858720502,93.33451353190223,94.26174289905494,5191600
2000-08-17,94.81405639648438,94.97188254113105,93.65008857971523,93.86709952860438,5652200
2000-08-18,94.49845886230469,94.93248101156789,94.20253466962524,94.93248101156789,4626400
2000-08-21,95.01139831542969,95.14949627809746,94.3209085020908,94.71547410971301,2380600
2000-08-22,94.85356903076172,95.52433054221054,94.75492763201925,95.05085182824666,3075300
2000-08-23,95.22840881347656,95.50460473711209,94.24199480049256,94.57737556490711,5483200
2000-08-24,95.52434539794922,95.6427150948488,95.01141004471778,95.42570398386626,4529000
2000-08-25,95.48481750488281,95.72155672183708,95.28753482408761,95.42563270064426,2822200
2000-08-28,95.81038665771484,96.53046883891665,95.48487005525375,95.48487005525375,5518700
2000-08-29,95.83008575439453,95.87940643671794,95.2678299759076,95.60321061570683,3561900
2000-08-30,94.91271209716797,95.64265812659953,94.91271209716797,95.52428850020523,3964800
2000-08-31,96.17533874511719,96.64881733586239,95.26783811285557,95.36647948592748,4863100
2000-09-01,96.27398681640625,96.96447647595015,95.95833440061475,96.74746544009349,3191200
2000-09-05,95.5046157836914,96.08660011866743,95.20869154556802,95.87945315198105,3470800
2000-09-06,94.4195327758789,95.92874595125599,94.3998044990766,95.44540316959927,4322200
2000-09-07,95.22840881347656,95.37637091542418,94.58723970503696,94.85357148854264,4265500
2000-09-08,94.57740020751953,95.01142248631916,94.2716117838198,94.87332448851927,3518200
2000-09-11,94.43924713134766,95.44538909994986,93.867127188417,94.53788850081847,3937500
2000-09-12,93.74880981445312,94.8535937684955,93.70935324466589,94.53794121019767,4769100
2000-09-13,93.99537658691406,94.28143660591087,93.21610963861244,93.43312068750657,7691600
2000-09-14,94.46886444091797,94.65628309230958,93.53177118395992,94.61682653412187,3397100
2000-09-15,92.4020767211914,93.82608132819607,92.4020767211914,93.78652564466816,4085700
2000-09-18,91.55165100097656,93.01521163482238,91.26487222812841,92.63943255315927,5109300
2000-09-19,92.38225555419922,92.59981171157371,91.58125333841137,91.84825407700733,6588200
2000-09-20,91.69998931884766,92.42188074775694,90.60231878995818,92.20432442671579,6508100
2000-09-21,90.3056411743164,92.12520293253742,90.2660854839203,91.43297835060551,5972300
2000-09-22,91.94718170166016,91.96695954242196,90.13750927195443,90.2660652369062,7791300
2000-09-25,91.29451751708984,92.4416323385784,90.95829420734319,92.36252097157919,9726300
2000-09-26,90.12763977050781,91.7692009074295,90.12763977050781,91.37364400696644,5302400
2000-09-27,90.60232543945312,91.11654950874494,89.94965642842891,90.85943747409902,7186200
2000-09-28,91.76918029785156,92.6097385225625,90.4341760586048,90.62206554412842,7036400
2000-09-29,90.89894104003906,92.38227885074467,90.89894104003906,92.06583345112747,9333600
2000-10-02,91.03739166259766,91.70983817933202,90.59239029122932,91.31428140478239,5517800
2000-10-03,90.18696594238281,92.2438616568582,90.04852103852389,91.47252576392994,9347200
2000-10-04,90.93848419189453,91.29448521743915,89.71225843724089,90.4242604883301,6148900
2000-10-05,91.25495147705078,91.67028610666024,90.70117197090482,90.76050548942045,4566900
2000-10-06,89.2771987915039,91.54176220790337,88.44652924138357,91.05720497033317,10014900
2000-10-09,88.604736328125,89.43540573120117,88.2091794695173,89.43540573120117,4508000
2000-10-10,87.14118957519531,89.39586402176187,87.1411895751953,88.66408371892886,6104700
2000-10-11,86.40941619873047,87.73453198845694,85.51941305637688,87.10164086500549,10346000
2000-10-12,84.25361633300781,87.08184805498436,84.03606004670192,86.8840696128881,12336900
2000-10-13,87.06202697753906,87.12136048070413,84.0953518192858,84.13490748806251,11778800
2000-10-16,87.4576187133789,87.4872854768502,86.50828228229746,86.96317265552399,5659000
2000-10-17,85.28207397460938,87.69497124383534,85.06451766344965,87.61585985795908,7831700
2000-10-18,84.96562957763672,86.15230038179365,82.37473165522741,83.93718154736737,10897300
2000-10-19,88.16963195800781,88.2586322594459,86.35007023971784,86.6071822216501,8767300
2000-10-20,88.54541015625,89.35630178376982,87.57629577214094,87.57629577214094,7373500
2000-10-23,88.94098663330078,89.25743221616332,87.93231633792647,88.56520750365154,5290000
2000-10-24,88.34758758544922,89.83092518762265,87.97180872623196,89.21781231205763,5750700
2000-10-25,86.27092742919922,88.32782253525991,86.15226040384957,87.81359875874473,9137600
2000-10-26,86.5083236694336,87.12143707449817,84.82720626845008,86.78521359430147,9345800
2000-10-27,88.14986419677734,88.14986419677734,86.46874719953121,87.25986108058821,9762900
2000-10-30,88.94098663330078,89.29698791402114,87.43787011470376,87.61587075506392,10154100
2000-10-31,90.47371673583984,90.93849591242575,88.6442667854485,89.2474908231451,7752400
2000-11-01,90.16716766357422,90.66161363672389,89.37605410653474,90.0287227910923,6753600
2000-11-02,90.31549835205078,91.07694512453604,90.19683132257255,90.60227700662314,11395100
2000-11-03,90.36493682861328,90.97804977273387,90.10782494882076,90.80004924056983,5187100
2000-11-06,90.99784851074219,91.32418289466465,90.52318031594588,90.60229168174527,4042500
2000-11-07,90.97811126708984,91.13633406929348,90.22655295662258,90.5924431867185,5231300
2000-11-08,88.96072387695312,91.17584194592128,88.96072387695312,91.17584194592128,6123300
2000-11-09,88.62451171875,89.37606972930847,86.86428374665253,88.60473387636688,10635300
2000-11-10,86.4687271118164,88.26851077310994,86.40939358452103,87.97184313663298,8569500
2000-11-13,85.79627227783203,86.69616402256263,84.18437827353435,85.83582795891908,17285300
2000-11-14,88.05097961425781,88.3674251834016,86.70608594539674,87.00275366646903,7668900
2000-11-15,88.32782745361328,88.67393963015566,87.18071281135857,88.01138203506027,8837700
2000-11-16,86.94343566894531,88.52566379758855,86.90387996572923,87.70488295585487,6684100
2000-11-17,86.47859954833984,87.97182636729917,85.91493114648102,86.90382307956668,6551100
2000-11-20,85.24251556396484,86.31051923924423,85.00518141390276,85.91496232247408,5458500
2000-11-21,85.6776351928711,86.19185922680799,84.50085326905396,85.36118963352531,7684300
2000-11-22,83.63058471679688,85.3611454742096,83.62069579818308,85.02492224134083,5736900
2000-11-24,85.34140014648438,85.42051152553094,84.57006420078034,84.57006420078034,3411600
2000-11-27,86.09294891357422,86.50828360853977,85.63805853337385,86.36983871021792,5992000
2000-11-28,84.60958862304688,86.44892750615658,84.57992186686768,85.51936914587533,5336100
2000-11-29,84.45137023925781,86.01381947787641,84.34259212770843,85.04470539316361,6914100
2000-11-30,83.71963500976562,84.49097112254164,82.117629237077,83.8580799530844,11201600
2000-12-01,83.6800537109375,84.84694644762985,82.90871783414086,84.29316684377585,7587200
2000-12-04,84.39207458496094,84.7282979896819,83.22518159210584,83.46251576014417,6996600
2000-12-05,87.16093444824219,87.4971577034317,85.06448356294297,85.36115114105135,8883400
2000-12-06,85.7666244506836,87.55651941500663,85.46006785458407,87.20051820663299,12888000
2000-12-07,84.58981323242188,85.99403973218853,84.58981323242188,85.36114891539229,6529100
2000-12-08,84.78764343261719,88.26854505243072,84.72830988227946,86.7456505937623,10276300
2000-12-11,87.73448944091797,88.3278245814111,86.52804132191525,86.94337592026045,6405600
2000-12-12,87.35871887207031,87.85316486976144,86.94338423400976,87.45760807160853,5022900
2000-12-13,86.16214752197266,88.22893150361989,86.09292509196534,88.13004231789515,6070500
2000-12-14,85.06452178955078,86.38963756725362,84.82718762040997,85.9940806186856,7678400
2000-12-15,83.1431884765625,84.51204555241142,82.88528786806923,84.51204555241142,9065300
2000-12-18,84.25414276123047,84.73026694919128,83.64906827236362,83.83753409676477,7235400
2000-12-19,82.5381088256836,85.68251220241015,82.5381088256836,84.09543163371536,9616600
2000-12-20,80.14756774902344,81.85367933972047,80.04837521468059,81.65529427103478,9994300
2000-12-21,80.70307922363281,81.80411680891099,79.69131495607989,79.98889268183075,14331500
2000-12-22,83.12335205078125,83.23246384941594,81.79417195832247,81.8933645025358,10182900
2000-12-26,84.01605987548828,84.01605987548828,82.70671868262353,83.06381173522301,4665300
2000-12-27,84.63106536865234,84.89888519576834,83.32172399164085,83.63914008303757,4854100
2000-12-28,84.88896942138672,84.9881619540128,84.17478318647906,84.31365273215555,8358700
2000-12-29,83.28203582763672,85.24604763014649,83.28203582763672,85.10717810875691,8774600
2001-01-02,81.77433013916016,83.89705049939552,80.98078981757685,83.7978579591976,8737500
2001-01-03,85.70233917236328,86.3371713143808,81.04029062942223,81.45689922262122,19431600
2001-01-04,84.77986145019531,85.99992965639328,84.43268757038288,85.66267503028978,9219000
2001-01-05,82.01237487792969,84.82944242332543,82.01237487792969,84.73024990412137,12911400
2001-01-08,82.64720916748047,82.64720916748047,81.06012881860902,82.44882412387153,6625300
2001-01-09,82.42901611328125,83.48045723337846,82.16119620533196,83.19279881372923,5702400
2001-01-10,83.87721252441406,83.87721252441406,81.77433065885401,81.89336170784797,8746100
2001-01-11,83.95657348632812,84.74019462354693,83.22254862361685,83.22254862361685,7245100
2001-01-12,83.79785919189453,84.88897715012233,83.341573500272,84.23430637518565,7244000
2001-01-16,84.33348083496094,84.55170437981735,83.49034441165212,83.79784122485886,8542200
2001-01-17,84.72035217285156,85.73211612574126,84.20455094196663,85.60316581802002,7851400
2001-01-18,85.56346893310547,86.14870480918397,84.39299718094844,84.71041324933002,8107000
2001-01-19,85.07746124267578,86.45623786768824,84.9881879360203,86.45623786768824,7782500
2001-01-22,85.642822265625,86.19830038085259,84.78976658866834,85.2262136792043,7050900
2001-01-23,86.31733703613281,86.75378415513877,85.16670372238984,85.36508877648346,8463100
2001-01-24,86.57523345947266,87.17038859324539,86.23797888366812,86.49587944163629,6199900
2001-01-25,86.35698699951172,87.13068846814967,86.11892500916159,86.49585649388264,10818300
2001-01-26,86.25782012939453,86.416528170111,85.35516814781968,85.80153451233471,7136800
2001-01-29,86.71807861328125,86.90852051556034,85.93722806685615,86.0197593490239,6705900
2001-01-30,87.47990417480469,87.55608096087532,86.20388488748107,86.52765560182809,7069100
2001-01-31,86.98473358154297,88.05124730775182,86.71810514999075,87.22596329383887,9706900
2001-02-01,87.56240844726562,87.57510780468553,86.49589490650906,87.03550619898304,8239100
2001-02-02,85.5754165649414,87.60053363902415,85.54367300495016,87.22597512996667,8276600
2001-02-05,86.20387268066406,86.29910333654072,85.5436513590706,85.57539491102948,4352900
2001-02-06,85.9499282836914,86.78155688787584,85.84200797572865,85.89279571243529,7106700
2001-02-07,85.50555419921875,85.95627965576905,84.86436745045498,85.52459839108587,5748700
2001-02-08,84.50885772705078,85.95627434006846,84.49616805777147,85.57538083950985,5943300
2001-02-09,83.69627380371094,84.65487661242253,83.3280699702233,84.65487661242253,9913000
2001-02-12,84.65487670898438,84.75009766311112,83.60739777973754,83.60739777973754,5804400
2001-02-13,83.9629135131836,85.17544548772004,83.79786060831417,84.87707354243051,6587600
2001-02-14,83.8359146118164,84.2104631770073,82.94715366275875,84.2104631770073,8400100
2001-02-15,84.64849090576172,84.76276569525419,83.79147357501934,84.33107492694596,5929800
2001-02-16,82.78207397460938,83.34707396509803,82.08376471278662,83.16297698052422,6434900
2001-02-20,81.5061264038086,83.25191539575515,81.32202928138348,83.18842828497513,5760000
2001-02-21,79.74763488769531,81.79179081546123,79.67145326844117,81.19505174982163,10910800
2001-02-22,79.86824035644531,80.33167000992282,78.09705787460591,80.21105033777413,21281600
2001-02-23,79.32860565185547,79.69680937200745,77.32253906272877,79.40478723500601,20173000
2001-02-26,81.01725006103516,81.01725006103516,79.0365727591165,79.86185617909504,11503700
2001-02-27,80.26815032958984,81.15691115190629,79.67775644426065,80.49669021058071,11415000
2001-02-28,78.68743133544922,80.52209558822375,78.25574534400909,80.46496302805782,14825800
2001-03-01,79.10006713867188,79.10006713867188,77.29079688659469,78.75091244069704,14672000
2001-03-02,78.47162628173828,79.76668484226919,77.63999746254589,77.76696199375256,12564300
2001-03-05,79.1889877319336,79.21438160770086,78.59859343965785,78.81443896198628,5293200
2001-03-06,80.03960418701172,81.09977225882479,79.6650508611516,80.21100666265424,6917000
2001-03-07,80.61100006103516,80.64908844559652,79.83650395238315,80.5602123193629,6371700
2001-03-08,80.69986724853516,80.77604400922016,80.07772959042543,80.3697518076165,6055000
2001-03-09,78.31291198730469,80.05235111254072,78.1542039141857,80.05235111254072,10020300
2001-03-12,74.96099853515625,77.7669561158629,74.75150271545188,77.66538062386586,13972900
2001-03-13,76.19256591796875,76.45919914885533,74.6118349424874,75.79897301548256,12888000
2001-03-14,74.68799591064453,75.72912014454927,73.48181397817896,74.30709762759868,19883400
2001-03-15,74.70702362060547,75.45612551083728,74.50387759156209,75.19584208807804,10370300
2001-03-16,73.2086181640625,74.72995152185048,73.08130698691872,74.5580826468126,58514600
2001-03-19,74.69813537597656,74.91456198617576,73.08768634509183,73.6860368396374,10067800
2001-03-20,72.69302368164062,75.40469132129205,72.63573728850254,75.04822970240983,15083900
2001-03-21,71.4581298828125,73.36775384120409,71.22897461929152,72.68028805064115,19004600
2001-03-22,70.73251342773438,71.67459239716966,68.7719638823086,71.30539705619448,28624800
2001-03-23,72.87127685546875,72.98585452569851,70.97438094975963,72.08832863282761,12861700
2001-03-26,73.80062103271484,74.01067603104919,73.05586380733013,73.64784758029299,9943800
2001-03-27,75.3092041015625,75.52563068169945,73.3804846255559,73.59691120569285,12880700
2001-03-28,73.2276840209961,74.4434749185266,73.1385686612367,74.4116507794256,10953300
2001-03-29,73.50780487060547,74.15707497822272,71.38175401541639,73.01129848663274,12060300
2001-03-30,74.27803802490234,74.27803802490234,72.88401042001749,73.55238101709492,9183600
2001-04-02,72.69302368164062,74.71722546508319,72.43841101468207,74.02976446529964,10561000
2001-04-03,70.26778411865234,72.6611804394706,70.05772435280832,72.55296959879605,12836000
2001-04-04,70.56060791015625,71.35628460029429,69.57397172824015,70.38237710859335,14884300
2001-04-05,73.23411560058594,73.51419061207488,71.61093252087522,72.12016776137231,21522800
2001-04-06,72.12016296386719,72.82035773065265,71.33084790795999,72.55937335174136,14937800
2001-04-09,72.92220306396484,73.19591614217573,71.78915980974247,72.56574132729091,9034300
2001-04-10,74.2525405883789,74.9527350185411,73.31045736596876,73.48868814567282,17873600
2001-04-11,74.3034896850586,75.74206994461274,73.92792768354587,75.60839681552635,12722300
2001-04-12,75.6529541015625,75.71024536023647,73.81334960862493,74.0297762376667,9233200
2001-04-16,74.85728454589844,75.678423719802,74.41807418324422,75.29649976497923,7350000
2001-04-17,75.91394805908203,76.16856565521823,74.48809146329,74.67268909907808,10924700
2001-04-18,78.93112182617188,80.20420443627141,76.82417166051304,77.05968883526961,32481600
2001-04-19,79.98141479492188,80.10235433876471,78.66377450676796,79.090256009446,13809900
2001-04-20,79.2494125366211,79.82230082744812,78.71472003613317,79.50403009436933,7626700
2001-04-23,77.81082153320312,78.86111584360354,77.60076655626354,78.70834726316777,8451800
2001-04-24,77.3907241821289,78.70836501965613,77.0851820959019,77.98906994733228,10044700
2001-04-25,78.40281677246094,78.72108752807515,76.98969384050565,77.28886912781122,8249000
2001-04-26,78.75286865234375,79.70768033851392,78.61282882801105,78.75923542338342,10590400
2001-04-27,80.06420135498047,80.1023922967731,79.05846446540735,79.51677519262685,7938700
2001-04-30,80.62434387207031,81.01262969580537,79.3576228666282,80.49066589145505,10766900
2001-05-01,80.87261962890625,80.93627282345022,79.31308965222789,79.61226500865477,10578000
2001-05-02,80.72618103027344,81.27997380259973,80.20421727086294,81.10174298569257,9572900
2001-05-03,79.70134735107422,80.29969781542357,79.07117273088366,80.28696426794676,9926200
2001-05-04,81.05719757080078,81.0635643460158,78.5746894438692,78.70836258482503,12145300
2001-05-07,80.35701751708984,81.08267461843349,80.3506555971399,80.75167509322115,7185200
2001-05-08,80.31878662109375,80.90440348941361,79.92412924126513,80.7516349273356,6952600
2001-05-09,79.98141479492188,80.55430293247241,79.60585290502914,79.72679730529667,9507400
2001-05-10,80.21697235107422,81.15905608004701,80.05783694699569,81.00628745193123,6872400
2001-05-11,79.66316223144531,80.51612543043377,79.18575615118067,80.20422148446009,7734400
2001-05-14,79.82232666015625,79.84778890981396,79.22397593426898,79.50405582407622,7914000
2001-05-15,80.19147491455078,80.52247425291377,79.47218013919951,79.91776196196373,9782200
2001-05-16,82.0820083618164,82.24114370556279,79.3257878990122,79.46582292211178,14909000
2001-05-17,82.20930480957031,82.80129326780973,81.83374777456916,82.1138274999427,11824600
2001-05-18,82.58487701416016,82.58487701416016,81.54094960424071,82.1711193151198,6683100
2001-05-21,83.8006820678711,83.92162650328765,82.209328365763,82.64854354160119,11531500
2001-05-22,83.69251251220703,84.08080339578827,83.43153775794974,83.91530602566692,8342700
2001-05-23,82.2729263305664,83.41870210211043,82.2729263305664,83.41870210211043,12330800
2001-05-24,82.51488494873047,82.75040221615569,81.82741890323847,82.41303596876425,7902800
2001-05-25,81.54096984863281,82.5594304185918,81.41365863506827,82.52760140109412,7425000
2001-05-29,80.89167022705078,81.70008040421959,80.77709259786248,81.61732692643514,9003900
2001-05-30,79.75865173339844,80.89805674246946,79.56768734120905,80.57978599310464,10041800
2001-05-31,80.17235565185547,80.68795728412809,79.73314556208253,79.84135639170604,9874200
2001-06-01,80.66889953613281,80.90441676288766,79.64406742022285,80.33152849057375,8848300
2001-06-04,81.05719757080078,81.11448883488274,80.25515872506593,80.7134694120153,5623500
2001-06-05,81.98653411865234,82.26024225800342,81.01262169896452,81.15266158374678,9115400
2001-06-06,81.30545043945312,82.0056451397633,81.06992832887569,82.0056451397633,12064900
2001-06-07,81.59822082519531,81.70006975182756,80.84073521674647,80.87256422042506,7355300
2001-06-08,80.84074401855469,81.39453669045923,80.29331811936389,81.2863209800241,8170600
2001-06-11,80.26789855957031,80.83442022167043,79.82868813730728,80.65618934232575,7012200
2001-06-12,80.12786102294922,80.67528722957022,78.95662671994535,79.47859067783662,9364400
2001-06-13,79.44039154052734,80.57343478180323,79.34490933174442,80.31245040155838,7629400
2001-06-14,77.65802764892578,79.12207437504071,77.4988923463665,79.04568768149961,12603000
2001-06-15,77.78321838378906,78.1343140589828,76.85760959681066,77.18317059833205,16821100
2001-06-18,77.40652465820312,78.15977982157233,77.18310254835563,77.65548141920986,11368300
2001-06-19,77.74484252929688,78.447028320496,77.17032511095714,78.12146763839743,7732300
2001-06-20,78.15343475341797,78.42792630541288,77.30442543326636,77.36187964520164,8787200
2001-06-21,79.04072570800781,79.35351675019142,77.97467928957934,78.01936372417701,12259100
2001-06-22,78.42154693603516,78.89392608073976,77.98108734134337,78.83009185095366,12212000
2001-06-25,77.70021057128906,78.7981768520253,77.55977234418472,78.6960381885896,8406800
2001-06-26,77.59165954589844,78.12787269466864,76.96607266876237,77.1767299215953,8005800
2001-06-27,77.54701232910156,78.03215640024956,77.18315184062064,77.62361146126186,10105100
2001-06-28,77.97467803955078,79.11732841478778,77.83423985585578,77.8789242897371,10269300
2001-06-29,78.2619400024414,79.16201849657384,78.04490269960112,78.3896133013813,9824200
2001-07-02,79.23860168457031,79.35989007663359,78.27469403999999,78.38959755083957,8522200
2001-07-03,79.21944427490234,79.21944427490234,78.54917791814525,79.1428451885512,3303100
2001-07-05,77.67466735839844,78.93222150969675,77.66190246199334,78.56197620084201,5517900
2001-07-06,75.99578857421875,77.55336375357608,75.99578857421875,77.43846022745448,11665900
2001-07-09,76.41070556640625,76.9469235902596,76.09152967870992,76.27665227800229,8339300
2001-07-10,75.49150848388672,77.01078448255497,75.45958893596006,76.78736225778599,8630700
2001-07-11,75.56814575195312,75.89370679823334,74.74467067621005,75.38940788191432,15328600
2001-07-12,77.36187744140625,77.5406152152435,76.16177261094629,76.28306104472404,12002800
2001-07-13,78.0321273803711,78.08319669631202,76.9980005188766,77.1384338323571,10433800
2001-07-16,77.05547332763672,78.05768582474946,76.78736664260416,77.73212492421591,6915300
2001-07-17,77.77678680419922,77.84700589708164,76.4937030965943,76.72989016334603,7469800
2001-07-18,77.2469711303711,77.64913110713239,76.64053385339453,76.95970982962255,7709300
2001-07-19,77.92365264892578,78.50455548707389,77.08741282765929,77.99387178035558,10082900
2001-07-20,77.45761108398438,77.84062608989153,77.18950447603987,77.33632754433602,6705800
2001-07-23,75.93193817138672,77.80230898032048,75.93193817138672,77.75124454206605,8065200
2001-07-24,75.19786834716797,76.09155726047314,74.52759679194979,75.9638888072122,12269000
2001-07-25,76.02767944335938,76.27025618380877,74.9807831420921,75.27442431242447,12088500
2001-07-26,76.82565307617188,77.14482903815866,75.68300254783054,76.00217850981733,12898200
2001-07-27,77.11927795410156,77.46398850406929,76.54476524105965,77.13204771719535,8478800
2001-07-30,77.14482879638672,77.46400475737322,76.79373816144478,77.36187098238163,8547700
2001-07-31,77.4639892578125,78.31299831301791,77.11289869311932,77.24056710387363,11918100
2001-08-01,77.94915008544922,78.32577536480576,77.59167458365475,77.8597812100006,11940800
2001-08-02,78.26832580566406,78.67687062660097,77.80871166455044,78.664105731676,11070100
2001-08-03,77.84065246582031,78.10875916461148,77.17676573292806,78.10875916461148,10816300
2001-08-06,76.79376983642578,77.56617539617712,76.6660964772268,77.46403670881793,8550100
2001-08-07,77.09378051757812,77.36827211376232,76.54480219544976,76.77460446946816,8865100
2001-08-08,75.66383361816406,77.34270187023091,75.59999941597144,76.67881545290528,15183800
2001-08-09,75.88726806640625,75.94472226686226,75.2361513060802,75.77236453573244,14118500
2001-08-10,76.14900207519531,76.50009271345046,74.90421289345785,75.8362109941436,11173300
2001-08-13,76.16812133789062,76.50644694494449,75.84256062137756,76.34685902688234,7431600
2001-08-14,76.13618469238281,76.82560551230091,75.83616356486326,76.69155227568945,13178100
2001-08-15,75.4787368774414,76.35328084478633,75.37660309299537,76.11070884526777,8520600
2001-08-16,75.74047088623047,75.80430511649118,74.68718904109025,75.19787262365509,10734700
2001-08-17,74.52760314941406,75.24255921128575,74.05522398776584,75.10212097857527,11604600
2001-08-20,75.21699523925781,75.2616796713254,74.39990569845757,74.55949365159005,10417400
2001-08-21,73.93389892578125,75.67021645176422,73.92113403378313,75.19783752403681,14480800
2001-08-22,74.69991302490234,74.96163955693157,73.90835828868764,74.52756021057442,11752300
2001-08-23,74.43180847167969,75.01909087649406,74.36158939390438,74.66161547708306,8744100
2001-08-24,75.97662353515625,76.04684261763852,74.5211823168646,74.82120842015473,11687700
2001-08-27,75.52338409423828,76.09151668772235,75.49146943305992,75.9446985317811,7425100
2001-08-28,74.41907501220703,75.63832476172763,74.41907501220703,75.5042714303294,12046600
2001-08-29,73.75517272949219,74.80206936530074,73.5189807936405,74.77014982496686,16180000
2001-08-30,72.33805084228516,73.88286156461874,71.5209610344472,73.31472865541143,17692600
2001-08-31,72.86786651611328,73.2636415562881,72.21674488511884,72.38910261636252,15985400
2001-09-04,72.40182495117188,74.15729155168394,72.36991029875834,72.67631628715228,24473400
2001-09-05,72.58060455322266,72.8934004712774,71.46348879792532,72.58060455322266,21477100
2001-09-06,70.71025085449219,72.32528555020048,70.71025085449219,71.91035576466656,21653000
2001-09-07,69.40161895751953,71.01664847621231,69.34416475431814,70.23147350071646,33133900
2001-09-10,70.25060272216797,70.44210529963723,68.75047241235687,68.75047241235687,23408700
2001-09-17,66.58009338378906,67.92063116348034,63.83517874946693,64.47353053696159,32388700
2001-09-18,66.4205322265625,67.21847228276705,65.98006775706091,66.59927001991397,22029200
2001-09-19,65.0799560546875,66.70775489250374,62.91594410855922,66.45241322987256,42771800
2001-09-20,63.011722564697266,64.99061270362981,62.915968794860085,64.09053895573402,36210900
2001-09-21,62.33184814453125,63.42752458982455,60.10205201013053,60.40960773766366,49782100
2001-09-24,64.52324676513672,64.81799480497756,63.472421655704515,63.89531719142201,25549600
2001-09-25,65.1960220336914,65.35620882001497,64.01064079259957,64.55527488839715,25466200
2001-09-26,64.96534729003906,65.61250322197404,64.3502306681205,65.58046391195762,18587500
2001-09-27,65.52922058105469,65.5420382639107,64.07472644177247,64.87566052229462,20536800
2001-09-28,66.91964721679688,70.23871830930992,65.6765959343013,65.98415677840312,21687200
2001-10-01,66.81068420410156,66.84272350790694,65.88801189434604,66.57361095458288,20457400
2001-10-02,67.65007019042969,67.65007019042969,66.41342827104786,66.63768874585561,19833100
2001-10-03,68.7842025756836,69.1237977682146,66.86196120949676,67.02214799001231,32045800
2001-10-04,68.8419189453125,69.82226192332224,68.39980156757638,69.38655338992726,32674100
2001-10-05,68.70734405517578,68.95723514355605,67.61166172795205,68.72015685189405,29796100
2001-10-08,68.25878143310547,68.75215939179068,67.83589092845867,68.09218583381457,12970300
2001-10-09,67.8935775756836,68.39976848646737,67.66290817612357,68.31006426313996,15976300
2001-10-10,69.40570831298828,69.55308226006468,67.61161492641799,67.79102817588398,19987400
2001-10-11,70.4822006225586,70.67442676148018,69.80941402484683,69.80941402484683,23006300
2001-10-12,70.16179656982422,70.41168750899197,68.75215512382603,69.93753609730337,31360500
2001-10-15,70.0336685180664,70.12977668396596,69.23913849753465,69.604364193492,16873000
2001-10-16,70.47578430175781,70.87304933206295,69.80940661633302,70.35404565597317,15877100
2001-10-17,68.9764175415039,71.21903210697818,68.9764175415039,71.16777117223879,28542300
2001-10-18,68.82907104492188,69.30322754772236,68.39977154430397,69.08537093239251,16510000
2001-10-19,68.7842025756836,69.14302428822704,67.92560377860619,68.55994206066431,21912500
2001-10-22,70.14259338378906,70.2066671229967,68.69450341283428,68.75217320008022,17540600
2001-10-23,69.78376007080078,70.66158035673693,69.44416004494039,70.45654150653523,22062500
2001-10-24,69.59796905517578,70.1297855650491,69.34166917378934,69.8286384595722,16065200
2001-10-25,70.84742736816406,70.86664900462273,68.39336408432122,68.84829407172715,27467900
2001-10-26,70.68724060058594,71.62913989589451,70.27075388577764,70.45016234421472,18623300
2001-10-29,68.84825897216797,70.83457846115738,68.84825897216797,70.58468753756398,18727500
2001-10-30,68.02173614501953,69.0084826913727,67.63728385177504,68.78422211265608,26178600
2001-10-31,67.79104614257812,69.1109836238645,67.79104614257812,68.49586698534718,28124200
2001-11-01,69.52748107910156,69.847854683886,67.72697809602403,68.30365156233866,29806800
2001-11-02,70.00157165527344,70.08486696008009,69.11734303633322,69.48256843203777,17575900
2001-11-05,70.91790008544922,71.18060389465893,70.45015247986271,70.55908321881617,15929500
2001-11-06,72.01996612548828,72.07122706040214,70.38605926681973,70.70643277726361,23245800
2001-11-07,71.92386627197266,72.48131804214115,71.5330101265406,71.61630549465248,19716000
2001-11-08,72.14813995361328,73.09644804220001,71.69961883040486,72.32114445007481,22563500
2001-11-09,72.22500610351562,72.37878402214469,71.40485068614475,71.92385421683778,15895800
2001-11-12,71.78289031982422,72.18015524565507,70.48217460696667,71.12292164884818,26068800
2001-11-13,73.3975830078125,73.3975830078125,72.51975771200914,72.68635332848906,15296200
2001-11-14,73.46808624267578,73.94223786607034,72.85937338717623,73.7948638391769,17571300
2001-11-15,73.60258483886719,73.80121477758648,73.00028129757644,73.28221144686317,19470200
2001-11-16,73.27584075927734,73.74999225751434,72.66072411300738,73.73717946610796,18134900
2001-11-19,74.17929077148438,74.23055171352581,73.33350478185076,73.63465670570355,13625400
2001-11-20,73.55777740478516,74.19852457768916,73.45525551063429,73.92300309779992,16209700
2001-11-21,73.07080078125,73.47446969941616,72.73120559617986,73.36554386430169,11470200
2001-11-23,74.12165069580078,74.16650281297649,73.04519499506972,73.07082547467213,6717100
2001-11-26,74.2818374633789,74.54454132417925,73.73079437368361,74.16650274952374,13726000
2001-11-27,73.96145629882812,74.90335555168106,73.10285242977682,74.08319984235742,19261400
2001-11-28,72.62226104736328,73.79482920499589,72.56459616510834,73.51930780547312,20195500
2001-11-29,73.60258483886719,73.63461924496158,72.40438659290855,72.82728181683866,16354700
2001-11-30,73.07719421386719,73.6282370016362,73.05796769833077,73.3014546766775,13680300
2001-12-03,72.6415023803711,73.096432246608,72.41083302727736,72.82091079088565,15220400
2001-12-04,73.8717041015625,73.87811293877417,72.62865366206363,72.99387916696138,17239900
2001-12-05,75.2237319946289,75.60817938668896,74.04475445199571,74.07679377154815,25204000
2001-12-06,75.18524169921875,75.56969376434347,74.922538002462,75.18524169921875,17972900
2001-12-07,74.68550872802734,75.02510403761993,74.13446562202321,74.90336536665222,18857800
2001-12-10,73.28866577148438,74.5765690613908,73.26944413691334,74.23056497357206,13862700
2001-12-11,73.14128112792969,74.14725386130603,72.98109435580918,73.62184144429123,20833300
2001-12-12,73.22455596923828,73.54492942369839,72.47488325904429,73.39756037221288,16171500
2001-12-13,71.8021469116211,72.85297218090538,71.7893341154898,72.69278534243504,19026700
2001-12-14,72.48773956298828,72.71840897975866,71.76369688110641,71.97514466123158,16721900
2001-12-17,73.2374267578125,73.27587003590381,72.3403794570705,72.39804437420747,13925900
2001-12-18,73.67312622070312,73.78205208774382,73.26304345396571,73.44886075636603,13663700
2001-12-19,74.19210052490234,74.27539588043639,73.04516273394958,73.10282762120117,20143400
2001-12-20,73.46165466308594,74.19851479245165,73.39758093194811,74.00628871052587,14867900
2001-12-21,73.9072494506836,73.98440537205694,73.42503597909062,73.95868673159916,14037700
2001-12-24,73.76577758789062,73.96509084763902,73.68862169444253,73.83007171310037,5728800
2001-12-26,74.17082214355469,74.71732947116189,73.71432755671448,73.71432755671448,10304800
2001-12-27,74.62091064453125,74.63377241481574,74.10012177055597,74.13227129093909,9407300
2001-12-28,74.58232116699219,75.06453445039946,74.53088390615022,74.76877755854893,10593800
2001-12-31,73.48931884765625,74.8330844046539,73.44431246309959,74.67877750122075,14619500
2002-01-02,74.28013610839844,74.42158612822455,73.1742594864787,74.0100978370908,18651900
2002-01-03,75.12240600585938,75.19313102101451,74.28657249862344,74.35729751377858,15743000
2002-01-04,75.62390899658203,75.85537178148434,74.93595152626894,75.33457806279038,20140700
2002-01-07,75.09026336669922,75.8618027637056,74.9423824478536,75.67534634660802,13106500
2002-01-08,74.9166488647461,75.26384299571684,74.56302875556753,75.0902483828949,12683700
2002-01-09,74.30584716796875,75.72676829495505,74.15796627903947,75.01952317322039,16610300
2002-01-10,74.63377380371094,74.80736846315718,74.13227267050162,74.38302323710629,12823400
2002-01-11,73.9007797241211,74.76233159548168,73.74646797271897,74.71732522765429,13708400
2002-01-14,73.43787384033203,73.8365003743106,73.27070518445174,73.71434300357241,12301100
2002-01-15,74.03580474853516,74.1901116069516,73.2321160406816,73.65003514983077,20219900
2002-01-16,72.53773498535156,73.55359878970746,72.45415311739585,73.48930466779329,17067000
2002-01-17,73.08424377441406,73.45072567217885,72.91064915140008,73.14211191897017,17283400
2002-01-18,72.74992370605469,73.19998754955753,72.44130499527559,72.65348005235322,17028000
2002-01-22,72.24839782714844,73.25139970903716,72.02336107720944,73.13566834533259,11689300
2002-01-23,72.80135345458984,73.00709760541197,72.0233783256747,72.4155788796368,12438900
2002-01-24,73.0263671875,73.4571431296692,72.85919857362603,73.0649426732685,12142800
2002-01-25,73.00711059570312,73.41216808508347,72.67920411077903,72.73064138396876,12810700
2002-01-28,73.2063980102539,73.41857300813552,72.60202252731597,73.2321166377541,10589200
2002-01-29,70.90464782714844,73.38000862660705,70.75677181841232,73.19998310014863,27720800
2002-01-30,71.92694091796875,72.9042244261225,69.69589982867711,70.97537113698195,34711800
2002-01-31,72.76918029785156,72.84633616884219,71.76617850160288,72.1069416808245,19909200
2002-02-01,72.42845916748047,72.84637846031869,72.11984040967307,72.71135438136444,15838500
2002-02-04,70.62813568115234,72.15836153568148,70.36452843645912,72.15836153568148,24243400
2002-02-05,70.19096374511719,71.03965892032082,69.77947547261405,70.33884464242011,33614000
2002-02-06,69.88875579833984,70.5574252744756,69.4772676446141,70.49956205222935,29486000
2002-02-07,69.45157623291016,70.63460881737714,69.43871936914891,69.90164494979567,23445400
2002-02-08,70.782470703125,71.20682070250031,69.6315927709865,69.8437628653475,19277800
2002-02-11,71.65046691894531,71.77905516741966,70.60888444712505,70.75676534766507,18792400
2002-02-12,71.42542266845703,71.82405404562921,70.74389619311349,71.34184080620838,13942500
2002-02-13,72.1841049194336,72.3577044323469,71.59259119057899,71.67617795802863,16781100
2002-02-14,72.04911804199219,72.63420605464971,71.74693015900019,72.33844905787618,20453800
2002-02-15,71.29679870605469,72.16478112099443,71.18106739037444,72.10691791581644,18366800
2002-02-19,69.92738342285156,70.91109810816735,69.83093974863199,70.82108532031683,15988100
2002-02-20,71.10392761230469,71.10392761230469,69.32295602972911,70.11378768313729,29242800
2002-02-21,69.63159942626953,71.12967161780949,69.60588079609228,70.67960785302532,26288600
2002-02-22,70.49314880371094,70.68603607009966,69.35512766693292,69.66374140676254,26572900
2002-02-25,71.65689849853516,71.88836128814252,70.53173406779342,70.55745270056397,17458700
2002-02-26,71.50897979736328,72.03619919106451,71.09106084868341,71.75329930482127,22346500
2002-02-27,71.7855224609375,72.5634930410453,71.14257108180743,71.9848358187623,28597900
2002-02-28,71.46401977539062,72.49274061232703,71.38686387312244,71.90122674425457,23755400
2002-03-01,73.12926483154297,73.1999898527942,71.69548646689294,71.83050562419217,26273600
2002-03-04,74.42158508300781,74.57589196368396,73.07138884010509,73.23212660486321,27184600
2002-03-05,74.1836929321289,74.83950577264672,73.92008554334117,74.15154832172071,22718900
2002-03-06,75.06454467773438,75.32172611165728,73.98438657952046,74.0036743286323,20143200
2002-03-07,74.90382385253906,75.54677513024325,74.305878968061,75.45676234379098,19330800
2002-03-08,75.2188491821289,75.80393704831637,74.89094764700727,75.46959972325848,19930100
2002-03-11,75.37957000732422,75.80392000015578,74.85878129369146,75.15453814991046,15621800
2002-03-12,75.33453369140625,75.38597092560569,74.54370706321966,74.64657662629388,17153600
2002-03-13,74.60802459716797,75.06451915715047,74.35084325068209,74.98736328160686,17175300
2002-03-14,74.50516510009766,74.8587901358936,74.34442733934081,74.60803962153908,11168100
2002-03-15,75.21505737304688,75.40849220038976,74.73146292562399,74.77659821060837,21220100
2002-03-18,75.22795867919922,75.80182375470932,74.86042705871097,75.50521972057649,17548900
2002-03-19,75.73094177246094,75.91793234733035,75.32472392184293,75.63422675044278,17912000
2002-03-20,74.305908203125,75.16993296562647,74.27367152025822,75.11834836978625,17114500
2002-03-21,74.33814239501953,74.73146629018186,73.5837362037255,74.34459169870112,25846800
2002-03-22,74.1769790649414,74.75729368431068,73.95774691123317,74.47358322164578,15235400
2002-03-25,73.25491333007812,74.38330077518792,73.05502912828848,74.20920395737596,17499600
2002-03-26,73.68046569824219,74.16406026284423,73.16463444762698,73.19687113364013,19947600
2002-03-27,73.87393951416016,74.15765003025606,73.35165871805681,73.5257506769644,19020300
2002-03-28,73.84168243408203,74.64767357753524,73.82878874031377,74.13184219735291,17532900
2002-04-01,73.87393951416016,74.21567904343175,73.1840111476928,73.65471223854462,17711000
2002-04-02,73.4676742553711,74.11891127343326,73.35805576891916,73.49346655104345,15669500
2002-04-03,72.95182800292969,73.64175582793501,72.31993406493505,73.5127992869417,25658500
2002-04-04,72.64883422851562,73.11953533551845,72.36512862206558,72.60369891025898,23549000
2002-04-05,72.66171264648438,73.26781462039368,72.33286689380867,72.9841090928074,19404900
2002-04-08,72.81643676757812,72.88091505101048,71.72029119109503,71.77832017037085,16470100
2002-04-09,72.3070297241211,72.97761450672714,72.17162389100491,72.97761450672714,15122700
2002-04-10,73.1259536743164,73.20977496718535,72.27482245728402,72.28127176269814,17199300
2002-04-11,71.30764770507812,72.89384264054596,71.24961870273107,72.79067341053388,25453700
2002-04-12,71.84281158447266,71.99111609091253,70.95299930396922,71.584893484226,14950600
2002-04-15,71.29476165771484,72.12654521622616,71.05618647725836,71.97179627399015,17394900
2002-04-16,72.99050903320312,73.06788590417963,72.00397729529045,72.02332028319049,15040900
2002-04-17,72.83580780029297,73.293610184094,72.60368195507279,73.11306895322932,12920100
2002-04-18,72.51985931396484,73.15820291690308,71.66873287025402,72.79712046180744,25204800
2002-04-19,72.78421783447266,73.01634366262577,72.57788431160091,72.9905513573444,10499200
2002-04-22,71.57200622558594,72.49406019625829,71.46883700846334,72.4618185860627,13922900
2002-04-23,71.26251983642578,71.88152544236156,71.03684327143885,71.63005164779881,16967000
2002-04-24,70.5467758178711,72.09427445339283,70.54032651306593,71.28828353098434,18902700
2002-04-25,70.58545684814453,70.75954871062551,70.10186232867999,70.4178093706377,25451500
2002-04-26,69.24429321289062,70.93365199335443,69.179814921595,70.79179680087708,19769800
2002-04-29,68.90254211425781,69.8052527968886,68.75423764207908,69.59247004438853,17724400
2002-04-30,69.54731750488281,70.05025485376295,68.7606698897108,69.00568926190526,19473500
2002-05-01,70.39846801757812,70.44360331033823,68.86386314435643,69.61826943165167,24575600
2002-05-02,70.12765502929688,70.86916761394158,69.49575602237604,70.34688218474463,15666800
2002-05-03,69.36680603027344,70.12766168087414,69.12178163402918,70.02449247837585,18185500
2002-05-06,68.00634002685547,69.63121673673899,67.90317075289119,69.4055400991693,23630400
2002-05-07,67.76774597167969,68.55439424960622,67.63878933437844,68.41253899694662,21910000
2002-05-08,70.28886413574219,70.5145406306795,68.85742334017026,69.02507084471453,27917400
2002-05-09,69.4764175415039,70.34688675420395,69.36680395665995,70.05673198976334,18085600
2002-05-10,68.16748809814453,69.66985633739093,68.09011119968709,69.6182717384193,18958900
2002-05-13,69.55379486083984,69.60537454148006,68.21262477663001,68.48988585250629,14677700
2002-05-14,71.06904602050781,71.16576590099926,70.28239820759761,70.68217141791946,34201200
2002-05-15,70.79180145263672,71.51397115298536,70.4694050555955,70.60481095202738,29535300
2002-05-16,71.1593246459961,71.23670154301688,70.4951889345462,70.73375909144876,28092000
2002-05-17,71.50750732421875,71.73318377243628,70.99167122596928,71.35275846249495,27823700
2002-05-20,70.73377990722656,71.37212842690292,70.59837398712598,71.33988681381157,13833800
2002-05-21,70.08898162841797,71.23671704681584,69.84396211359366,70.99814191861229,16877200
2002-05-22,70.24373626708984,70.35979917953162,69.63762939996292,69.77948461732277,15844200
2002-05-23,70.99169158935547,71.15933910728151,69.94713032387399,70.45006795827308,13879800
2002-05-24,70.08255004882812,71.05618389942846,70.03096543016083,70.91433357716338,11877000
2002-05-28,69.70211791992188,70.36625388093314,69.28300151248004,70.31467418291528,24236900
2002-05-29,69.186279296875,69.65052604695391,69.07666076647891,69.39261282559208,14773300
2002-05-30,68.99285888671875,69.32170473173626,68.28358748951648,68.7027039713026,18217900
2002-05-31,69.1346664428711,69.9986862041099,68.89609139925362,69.2507293128232,19826300
2002-06-03,67.29702758789062,69.37970561667973,67.14227377099245,69.05085990499454,26056300
2002-06-04,67.46466064453125,67.83219229882025,66.76828824440024,67.1551628932237,25856200
2002-06-05,68.09657287597656,68.13525887254458,67.28413251239517,67.67100723621236,19695900
2002-06-06,66.71027374267578,68.09013017372067,66.51038951518352,68.05144417340074,22998500
2002-06-07,66.63286590576172,67.00684679992973,65.58830502675224,65.6269910091223,24011600
2002-06-10,66.89081573486328,67.35506742152877,66.42656404819779,66.5684192768322,18759900
2002-06-11,65.74308013916016,67.4066469169284,65.59478053457956,67.1422794801155,19990700
2002-06-12,66.1428451538086,66.2911447397036,64.98221617151552,65.58187365913717,31266000
2002-06-13,65.47872924804688,66.41367710359793,65.34331839285888,65.85270543863926,21043900
2002-06-14,65.3819808959961,65.48514517012805,63.512081078341915,64.67915429349935,39267500
2002-06-17,67.13583374023438,67.27768403585873,65.67215120656711,65.7172865095792,17647200
2002-06-18,67.68391418457031,67.72260018590325,66.81988910622417,66.89081672158764,21628500
2002-06-19,66.10417175292969,67.33572866146517,65.92363051216383,66.73607101499006,21540700
2002-06-20,65.2594985961914,66.44592026802457,65.09830034703984,65.93653321038002,25691000
2002-06-21,64.23907470703125,65.30670738824513,63.850845987479666,65.00906520536904,31190700
2002-06-24,64.5755615234375,65.1514353569509,62.9255828268603,63.80557080682182,37169700
2002-06-25,63.12615966796875,65.28083609829088,63.11322084760567,64.89907919011925,33355000
2002-06-26,63.22966384887695,63.50789526937983,61.59262976829286,61.599096707503634,37913600
2002-06-27,64.33613586425781,64.37495725688946,62.485573787674376,63.73437959548633,31616400
2002-06-28,64.03204345703125,65.02850067670788,63.98027829160959,64.21321659940921,28184200
2002-07-01,62.783199310302734,64.57552882196106,62.692612793821255,64.17435643711815,20270200
2002-07-02,61.450294494628906,62.89321217829391,61.320881627006756,62.67321770823045,34213900
2002-07-03,61.7996940612793,62.01321662696311,60.64147495883163,61.22382044841363,30565800
2002-07-05,64.25846862792969,64.40082027314362,62.543791819474656,62.62143458115883,19013500
2002-07-08,63.45614242553711,64.51083130274716,63.126145807869364,64.04495982301101,19118600
2002-07-09,61.85794448852539,63.63085911677839,61.47618757115942,63.23616337873772,28620400
2002-07-10,59.606204986572266,62.16204867712181,59.55443983894993,62.116755407101316,50522500
2002-07-11,60.09151077270508,60.40209188155864,58.441531970903284,59.37328517065938,59476500
2002-07-12,59.4315071105957,60.751488938912715,59.21797954941276,60.389142728369684,39018600
2002-07-15,59.74856185913086,59.78738819472294,56.86919291306679,59.29562908219843,77317200
2002-07-16,58.596824645996094,59.77445501093045,58.15036366878662,58.95917586823598,53282400
2002-07-17,58.71326446533203,60.369714379080506,58.072686905666664,59.82619028558002,48880600
2002-07-18,56.81096649169922,58.94622757195367,56.77861203157213,58.68740670072957,32656700
2002-07-19,54.81157684326172,56.64920046940283,54.5462890461249,56.138030638737455,77572600
2002-07-22,53.18748092651367,55.588039547644726,52.70219367376593,54.41687628746073,78134000
2002-07-23,51.73161315917969,53.86040691967963,51.602205214784405,53.41394605589825,74484100
2002-07-24,54.81803512573242,55.07685591633715,50.26280599551542,50.55397629957326,107022800
2002-07-25,54.35218811035156,55.54922936117649,52.799267462736076,54.52688940003143,87176600
2002-07-26,55.38745880126953,55.60098640813521,54.2227721882346,54.77276350021759,41206800
2002-07-29,58.085655212402344,58.45447338086433,56.48744644013238,56.61685441844966,53492900
2002-07-30,58.842689514160156,59.14033172416408,57.40623867796123,57.79446743289693,47532200
2002-07-31,58.98503494262695,59.2373838533541,57.74916802485395,58.55150802468909,44669900
2002-08-01,57.44510269165039,59.108021123916856,57.153932143574984,58.80390681033581,66571900
2002-08-02,56.15744400024414,57.52919114007214,55.40039703677096,57.26389839376589,51772900
2002-08-05,54.203365325927734,56.24804528047517,54.061018501564455,55.96334175855116,47191300
2002-08-06,56.02800750732422,56.87564561347255,55.07037711997794,55.14802482838252,64730000
2002-08-07,57.00507354736328,57.263894396361174,55.497446668302906,56.85625489139254,43289400
2002-08-08,58.84917068481445,58.946229131165516,56.81096799443035,57.21213566567153,48339800
2002-08-09,59.06916046142578,59.489743702166905,57.81388261765601,58.299169833142656,41879200
2002-08-12,58.63566207885742,59.05624055284135,57.943318902642275,58.22801749381003,25841700
2002-08-13,57.56797409057617,59.308538198991926,57.36091852254336,58.33149242330858,49690500
2002-08-14,59.670902252197266,59.93618996492854,56.95329154634663,57.60034100917835,57423600
2002-08-15,60.49913787841797,60.81619080162998,59.657971419908236,60.07208277088625,45551500
2002-08-16,60.317989349365234,60.87445262952353,59.52858772232212,60.0591684154267,36517300
2002-08-19,61.72853088378906,61.95499724933941,60.240314876007055,60.4732531196007,33669900
2002-08-20,61.075008392333984,61.72852983894304,60.57678239655643,61.35323990432822,30508300
2002-08-21,61.954994201660156,61.97440489823869,60.544425989996626,61.50852843396871,39628900
2002-08-22,62.5567626953125,62.86087683202355,61.515012324986124,61.786772003350244,38399800
2002-08-23,61.210914611816406,62.21384385050088,60.91974415495889,62.12325726674082,33716400
2002-08-26,61.637962341308594,61.8838394762102,60.49915336628405,61.41149590961001,33830100
2002-08-27,60.92622375488281,62.27855573849392,60.499168431679806,61.92267630249142,35335700
2002-08-28,59.5932731628418,60.49267180231928,59.399161225288175,60.356791965052594,38970600
2002-08-29,59.61915588378906,60.207973449943864,58.75857864245382,59.05622089668914,42965700
2002-08-30,59.38621139526367,60.42796164438667,59.14033432486443,59.3215074226951,30366700
2002-09-03,57.12152862548828,58.88150404164329,57.03741396831759,58.70680285010543,76586400
2002-09-04,57.93681716918945,58.396221756265476,56.97918166523919,57.33506089157794,51099500
2002-09-05,57.44510269165039,57.86568621178162,56.61687941689357,57.25745758461953,67250900
2002-09-06,58.23444747924805,58.6032654491528,57.80739249483449,58.072685125139024,38622200
2002-09-09,58.6615104675293,59.10797126890122,57.45799799382144,57.652109883280026,33998400
2002-09-10,59.33443832397461,59.38620346975971,58.59680227462291,58.9720921766709,41416600
2002-09-11,58.96562957763672,60.38914169114297,58.946218879062,59.83267862788276,27711200
2002-09-12,57.87858200073242,58.777980507154794,57.58093979123835,58.71974841548259,43601700
2002-09-13,58.020912170410156,58.16973568824273,57.102103307636554,57.38680659222344,41131000
2002-09-16,58.16327667236328,58.16327667236328,57.237995729474754,57.78798679363183,28167600
2002-09-17,56.83036422729492,59.00445115100368,56.77859907754081,58.81033430772396,47609700
2002-09-18,56.260963439941406,57.26389234261467,55.82744137196137,56.29978977468671,54719400
2002-09-19,54.805110931396484,56.16391933289043,54.805110931396484,55.639805687292174,48510500
2002-09-20,54.82331085205078,55.37576765600445,54.62832872292294,55.19378235199408,46325600
2002-09-23,54.37481689453125,54.634792915666885,53.744364629955356,54.368316006385434,46893800
2002-09-24,53.49742126464844,54.36835746754557,53.19844464536391,53.581917998806766,69507000
2002-09-25,54.82331085205078,55.09628880806634,53.32192713523759,54.18636228801448,59294400
2002-09-26,55.72022247314453,55.876209103713535,54.888282206416804,55.25875355322169,53638000
2002-09-27,53.783363342285156,55.65521758645872,53.783363342285156,55.24575086518717,64648300
2002-09-30,53.15944290161133,53.815894182824806,52.58098745220562,53.29593188822895,73096400
2002-10-01,55.713748931884766,55.74624347656075,52.95145973929756,53.57541152657578,67198100
2002-10-02,54.04335021972656,55.59022962716017,53.68587569173375,55.04427393938087,56749100
2002-10-03,53.49742126464844,54.98580842669624,53.2634387002121,54.03688134147268,55547000
2002-10-04,52.5159797668457,53.89387105985362,51.72303970493839,53.81588020702776,68483700
2002-10-07,51.43056869506836,52.77596570250764,51.05360126594418,52.035022710510795,53188000
2002-10-08,52.236480712890625,52.84743031087301,50.82608551371091,51.872505358880666,79531000
2002-10-09,50.76108169555664,51.8010004515671,50.55309794435455,51.404530651037526,79956400
2002-10-10,52.40548324584961,52.69146292285215,50.091662102760814,50.65712056627223,76749000
2002-10-11,54.69981384277344,55.070285276240824,53.178927723094276,53.36091299444994,82308300
2002-10-14,55.005287170410156,55.1482770169817,53.971868666287,54.07585812642196,40631900
2002-10-15,57.65058898925781,57.66359077200136,56.44818193929429,56.5391745835903,82320300
2002-10-16,56.253177642822266,57.06561518845098,55.84370594624123,56.81213507091284,62977800
2002-10-17,57.3711051940918,58.040558103018185,57.09812728485586,57.76107930297374,68534100
2002-10-18,57.611568450927734,57.91704574881815,56.500154529622755,56.968119329903814,47448700
2002-10-21,58.605979919433594,58.8204645715008,56.9161112107817,57.27358563089372,45859100
2002-10-22,58.18355178833008,58.502031022659736,57.53360145354265,57.878079296311114,40966800
2002-10-23,58.62553405761719,58.67103039499838,56.987660953165275,57.696104629348014,54905800
2002-10-24,57.42958450317383,59.08045815877368,57.26059610853246,58.9829646634527,54987400
2002-10-25,58.62553405761719,58.749026241392805,57.15664947432209,57.33213393029845,43672100
2002-10-28,58.24203109741211,59.3339475057511,57.7480676139734,59.24295488495001,39416100
2002-10-29,57.56610870361328,58.16406190202258,56.54568673897177,57.89758480742356,59508200
2002-10-30,58.12506103515625,58.4695339334014,57.345122584741844,57.63759826396531,41688600
2002-10-31,57.53358459472656,58.69050001697341,57.31910481572771,58.27453232129687,41620600
2002-11-01,58.67102813720703,59.02850288768063,57.22814222490219,57.4231243952916,51878900
2002-11-04,59.229976654052734,60.406390219940775,59.08049084275848,59.66544717956359,49080600
2002-11-05,59.697933197021484,59.84092305434302,59.041482015103135,59.041482015103135,37270800
2002-11-06,60.47137451171875,60.49087222667903,59.00898638497207,60.10740394252114,65013100
2002-11-07,58.98950958251953,59.938436730567595,58.63853571262852,59.80844365353637,51572000
2002-11-08,58.268043518066406,59.515946863951115,58.183546808190805,58.83999797858179,37905400
2002-11-11,57.364601135253906,58.2095333477687,57.06562466386626,58.17703881578317,33505100
2002-11-12,57.81956100463867,58.45001340270763,57.436092821160074,57.62457894750111,37724500
2002-11-13,57.878082275390625,58.32654465754232,56.83815771922211,57.40361632473416,63891500
2002-11-14,58.96997833251953,59.14546268832676,58.33302501403656,58.54100886030581,31896800
2002-11-15,59.40542984008789,59.50292332994283,58.46299938312323,58.49549886598317,39152100
2002-11-18,58.80751037597656,59.89292628009288,58.7230136561349,59.89292628009288,28934800
2002-11-19,58.72949981689453,59.21046157111321,58.33953069296787,58.50851417280934,32806600
2002-11-20,60.035911560058594,60.068406100127454,58.46302805065179,58.48253072516588,36688400
2002-11-21,61.1538200378418,61.21881903343234,60.07490514147365,60.18539550001411,55128200
2002-11-22,60.71836853027344,61.270825409029946,60.620874973145035,60.75736892836177,32513800
2002-11-25,60.75734329223633,61.26430362492175,60.29587431379066,60.72484380066369,33846400
2002-11-26,59.60044479370117,60.73785790013614,59.54845253461142,60.49087855359506,42284700
2002-11-27,61.277286529541016,61.517769819873884,60.074879995326825,60.13337311640167,37764000
2002-11-29,61.082340240478516,61.71278795764199,60.945846293989696,61.61529936547567,19385700
2002-12-02,61.17978286743164,62.42769045559824,60.588331031500594,62.050718320019534,49911900
2002-12-03,60.36088562011719,60.70535848271886,60.02290869017527,60.60786494682303,34407700
2002-12-04,60.08789825439453,60.53636551089119,59.42495118536747,59.64593188880087,64040800
2002-12-05,59.424964904785156,60.31539873244958,59.21048008400988,60.26990240307858,36724900
2002-12-06,59.81492233276367,59.905914973527885,58.48252725944367,58.573519900207884,49824100
2002-12-09,58.17056655883789,59.4444688739058,58.15756973139154,59.1909885895097,36789600
2002-12-10,58.95048904418945,59.21047015072069,58.33953914637729,58.508522650704506,33319900
2002-12-11,59.002471923828125,59.54843261078674,58.59950601738764,58.76848948066386,39201000
2002-12-12,58.99599075317383,59.463955795917066,58.625519254123375,59.27546960043839,34465600
2002-12-13,58.066566467285156,58.8075144867374,58.021070137546936,58.437042956375294,36862200
2002-12-16,59.56791687011719,59.658909470942085,58.274517793770606,58.3785072124027,37098400
2002-12-17,59.04796600341797,59.62642119973801,58.97647109522328,59.385942834652056,32353900
2002-12-18,58.365535736083984,58.75550490304188,58.06005831837009,58.70350769178697,35612600
2002-12-19,57.94953536987305,58.95045385056671,57.585560054532955,58.0730224787396,39264200
2002-12-20,58.77643966674805,58.79603319362076,58.19514178175083,58.26045519902463,31176900
2002-12-23,58.79603576660156,59.08995363183735,58.3323040056415,58.5151835752489,22599300
2002-12-24,58.35844802856445,58.69155305005232,58.29313458866975,58.51520128093096,10937000
2002-12-26,58.384559631347656,59.18139635253357,58.02532832815899,58.58703273872956,17485600
2002-12-27,57.071739196777344,58.31924702803368,57.071739196777344,58.10370824308968,22205700
2002-12-30,57.548500061035156,57.78363222541237,56.967202483294734,57.33949424637671,29968000
2002-12-31,57.626895904541016,57.757522708112056,56.895372848501026,57.470137760544,34036600
2003-01-02,59.48184585571289,59.632071223773345,57.82939172252339,58.03186484273543,44516300
2003-01-03,59.66474914550781,59.68434268323432,59.109577316502616,59.3773689536905,32222600
2003-01-06,60.716285705566406,61.062451342661014,59.54715696125968,59.59287685704397,40984500
2003-01-07,60.566043853759766,60.98405560504402,60.21987335629933,60.677077135143016,38640400
2003-01-08,59.690826416015625,60.35050321431055,59.46875986034598,60.21987143177577,38702200
2003-01-09,60.618289947509766,60.85995500907303,59.703892380714706,59.97167881582097,34804900
2003-01-10,60.78158950805664,61.16041428920807,59.95863151422381,60.05659914461287,37768900
2003-01-13,60.76198959350586,61.30410034576741,60.376636999573606,61.09509445108862,31649900
2003-01-14,60.95793151855469,61.28450352285455,60.35704022658534,60.539919751698335,30733000
2003-01-15,60.35054016113281,61.114717870194966,60.03050081840607,61.09512433659276,33511800
2003-01-16,60.102317810058594,60.696681332158725,59.73002587287406,60.415829170205896,44812100
2003-01-17,59.214019775390625,60.285175217344985,58.88091503945,59.429553443971706,35618300
2003-01-21,58.29314041137695,59.383890414167674,58.09719508902446,59.35123618250662,36826200
2003-01-22,57.58774948120117,58.65237820745652,57.47671611192825,57.979635185344904,42286500
2003-01-23,57.9404182434082,58.37802363774536,57.4440272830482,57.96654460796342,55919800
2003-01-24,56.4185791015625,57.92081235272527,56.28141945424487,57.862026799250025,68633900
2003-01-27,55.647865295410156,56.69289965350245,55.19066650106463,55.99403579180677,57884400
2003-01-28,56.059383392333984,56.43167549001518,55.60217933597886,55.92875152633416,46929100
2003-01-29,56.483909606933594,56.941108529399536,55.367028699162674,55.79157340322078,53712200
2003-01-30,55.14496612548828,56.745167454755396,55.12537259638544,56.68638686744688,49845900
2003-01-31,56.20958709716797,56.30755972176463,54.96208429212739,54.96208429212739,55317000
2003-02-03,56.32062911987305,56.69944898594872,56.11815102016043,56.261843547990345,39696000
2003-02-04,55.765419006347656,56.00708401993865,55.06002744957299,55.71969913708363,43633400
2003-02-05,55.41929626464844,56.523111794083455,55.17763604797629,56.007127167397734,55270600
2003-02-06,55.15800476074219,55.4453896942514,54.63549258892613,55.10575703172561,53638000
2003-02-07,54.485267639160156,55.51070345123791,54.19135485205933,55.458455721884,43165000
2003-02-10,54.87065124511719,54.94902536794646,53.982374643686605,54.511419905165376,45455900
2003-02-11,54.49184799194336,55.438905561203526,54.09996227304595,55.105805440844236,46861000
2003-02-12,53.62316131591797,54.61594372539329,53.61662847578937,54.31549785973804,35873600
2003-02-13,53.78641891479492,53.98889698663286,52.90467532270208,53.655792080075365,57934100
2003-02-14,54.962059020996094,54.99471322545104,53.440232570189984,53.79946370084117,59580900
2003-02-18,55.928733825683594,56.039772122415435,55.1188364451904,55.21027623090279,39492700
2003-02-19,55.63481521606445,55.824227605006094,55.04698452333074,55.72625499236813,31432000
2003-02-20,55.07965087890625,55.79157565593375,54.8967713025357,55.65441597365583,29280100
2003-02-21,55.63481521606445,56.00057432127917,54.511406555083155,55.11229793739136,60955800
2003-02-24,54.73347854614258,55.51724948683675,54.596313897581695,55.47152959834782,30628600
2003-02-25,55.17107391357422,55.18413460087974,53.70149992858987,54.17829225318592,56770600
2003-02-26,54.367698669433594,55.21025492674472,54.26319823312674,54.87715013127458,37787200
2003-02-27,55.0861930847168,55.35398466495251,54.31548752153153,54.66818109179434,51126000
2003-02-28,55.45193862915039,55.66747739186258,54.96861335953962,55.17108644888446,43666800
2003-03-03,54.92290115356445,56.02671660226146,54.681240954568416,55.68708376279072,42923100
2003-03-04,54.04766082763672,54.87062358414526,53.98234743050586,54.83143155939252,31440500
2003-03-05,54.50487518310547,54.56366074550524,53.792950479457865,53.95623651054338,43974700
2003-03-06,54.04766082763672,54.550579466946346,53.86478132243321,54.126039894049406,41217700
2003-03-07,54.41994857788086,54.85755378713224,53.18550702754942,53.303073126775864,63538000
2003-03-10,53.113685607910156,54.1195282637165,52.96999308806714,53.94970937816615,41014100
2003-03-11,52.591163635253906,53.55781914904201,52.565042254938334,53.21818639090226,48102700
2003-03-12,52.94385528564453,52.96998164570817,51.84657307844028,52.499717130750106,62459800
2003-03-13,54.77267837524414,54.80533758168079,53.25085104424916,53.67539581244928,72117800
2003-03-14,54.94903564453125,55.36704765478175,54.439583818481964,54.99475555243064,63951800
2003-03-17,56.67984390258789,56.79087720306133,54.35465251340771,54.51140570131691,88217500
2003-03-18,57.012935638427734,57.052122680593975,56.35325885776981,56.9214958846446,50792300
2003-03-19,57.450538635253906,57.581170409177766,56.614515214511805,57.00640057009808,49630800
2003-03-20,57.574684143066406,57.86206431195642,56.3990221422996,57.03910589451635,67321600
2003-03-21,58.803565979003906,58.94127865070545,57.66251455405882,58.233042768123944,71165300
2003-03-24,56.84938430786133,57.800260203978205,56.62641723371163,57.72156505959807,65398900
2003-03-25,57.39368438720703,57.878963675923984,56.68544799863757,56.88217838311124,61040100
2003-03-26,57.105133056640625,57.610079770362354,56.92151606983272,57.419903604543414,45740800
2003-03-27,57.15103530883789,57.485483382101954,56.390330672109826,56.659201967114996,53120200
2003-03-28,56.86246871948242,57.23626170944061,56.56081165769033,56.705083514022526,32583000
2003-03-31,55.57060623168945,56.78379409251384,55.34764419381555,55.970631067345366,61119500
2003-04-01,56.42311477661133,56.6526359745058,55.68208776535578,55.90504978525701,53574000
2003-04-02,57.78715133666992,58.21340297640345,57.38056723057402,57.406798947404894,50431200
2003-04-03,57.51167678833008,58.357630246620886,57.47889091977925,58.27894015955123,48755500
2003-04-04,57.852699279785156,58.095333783905,57.45923372989451,57.990411972087585,36250100
2003-04-07,57.741207122802734,59.57738100153095,57.68874372544865,59.24293309737988,69776200
2003-04-08,57.83304214477539,58.1346993134158,57.51826661917522,57.905178098492364,39712700
2003-04-09,57.072330474853516,58.42979006721143,56.90182687780368,57.9445159867321,55647300
2003-04-10,57.387115478515625,57.465805610829605,56.20671346193129,57.111685005854305,41812400
2003-04-11,57.15103530883789,58.16748787981939,56.960859149655874,57.813372276583884,47730100
2003-04-14,58.331443786621094,58.36423468378625,57.05267884819555,57.36089527006951,36711700
2003-04-15,58.875709533691406,58.875709533691406,57.98385163672777,58.25927701582912,49709800
2003-04-16,57.87238693237305,59.05934306900294,57.728115025629414,58.960980408211576,51788000
2003-04-17,58.73143005371094,58.83635685301513,57.833018099798345,57.905154023523686,37403100
2003-04-21,58.79048156738281,59.124929650807864,58.40357005848175,58.92819430686663,32052700
2003-04-22,59.89872360229492,60.04299547485244,58.2920704830376,58.42978317870085,59763600
2003-04-23,60.4495849609375,60.561065962487106,59.83315235888548,60.08235107198047,44227100
2003-04-24,59.91184997558594,60.38401071145306,59.64953789975012,60.02333098178048,49692400
2003-04-25,59.17081832885742,59.98398119703369,59.03310062242091,59.87250019961967,43917200
2003-04-28,60.1938362121582,60.45614829509985,59.21672883146705,59.30853731001861,46432900
2003-04-29,60.40367126464844,60.85615938066549,59.93806979887374,60.423343790877745,52017100
2003-04-30,60.272560119628906,60.705371010451685,59.94467111017347,60.272560119628906,48709100
2003-05-01,60.265960693359375,60.81025728634335,59.34787107934014,60.279074043577324,50240400
2003-05-02,61.12504196166992,61.29554557333511,59.99710345912448,60.04300770035891,50201500
2003-05-05,61.006980895996094,61.498814028022096,60.6594196165407,61.29552460113732,35437800
2003-05-06,61.5840950012207,61.892306361548776,60.98733480748839,61.01356651961605,44401000
2003-05-07,61.24306869506836,61.73490188728907,60.96764330818939,61.262741222247435,41413100
2003-05-08,60.62665939331055,61.20374709537497,60.515178361116426,60.672563642048594,40570700
2003-05-09,61.46603012084961,61.5119343478465,60.73155748571391,60.87582934289998,33608100
2003-05-12,62.220184326171875,62.37757457128409,61.17094104135694,61.31521293111649,35662300
2003-05-13,62.10871124267578,62.41692759134578,61.8136132510315,61.99067104538061,39253600
2003-05-14,61.977542877197266,62.456257727277446,61.58407731465827,62.35789008584618,32195100
2003-05-15,62.37100601196289,62.51527788002153,61.80703689310778,62.226734143904245,43879200
2003-05-16,62.21364212036133,62.59398944458726,61.813617259320814,62.22675547505011,38905000
2003-05-19,60.75779342651367,61.91851753481294,60.54794480228838,61.7414597906671,41606000
2003-05-20,60.63320541381836,61.00699850190303,60.062677014873636,60.869285785575705,55404600
2003-05-21,60.75779342651367,60.90861946723312,60.272519421090024,60.40367293503614,49333800
2003-05-22,61.36109924316406,61.67587463824706,60.77745768013439,60.954515400178764,38421800
2003-05-23,61.485687255859375,61.62995907693299,61.07910348766868,61.33485626023217,26155900
2003-05-27,62.56119918823242,62.84973799992821,61.033235809510494,61.184066895432245,43719200
2003-05-28,62.738243103027344,63.262867195271106,62.58085787662867,62.85628327362288,37727100
2003-05-29,62.574302673339844,63.49239239147605,62.35134067204818,62.8759597944214,50844200
2003-05-30,63.57762145996094,63.66942990224944,62.666091209250105,62.889058142797104,52529500
2003-06-02,63.839927673339844,64.56128179896258,63.39399884970652,63.9579678032188,50305500
2003-06-03,64.10226440429688,64.16128199045426,63.5120635267914,63.70879882035534,38254500
2003-06-04,65.02690124511719,65.15149557167521,63.98421238729593,64.04323496571641,49360700
2003-06-05,65.34825134277344,65.34825134277344,64.44327487959832,64.64656937665822,46262400
2003-06-06,65.09247589111328,66.4958393374137,65.00722161428398,65.8400618390234,60356800
2003-06-09,64.43014526367188,64.98755518897998,64.11536983350108,64.77114739343666,37808500
2003-06-10,65.0859603881836,65.09251956846062,64.39083737447878,64.56789521644917,29965900
2003-06-11,65.7745132446289,65.83353084321762,64.73182397420841,65.02692697671417,37610200
2003-06-12,65.97782135009766,66.16799756001669,65.32860256671118,66.06962986479114,36442000
2003-06-13,65.28924560546875,66.0696229013034,64.88922068938446,65.97781439628618,48628300
2003-06-16,66.66634368896484,66.69257038641258,65.44659712704731,65.5515189263942,36326300
2003-06-17,66.66634368896484,67.00734579082385,66.38435916114122,66.9352098648793,36801800
2003-06-18,66.60733795166016,66.98113102461056,66.23354487870975,66.42372100399142,35521000
2003-06-19,65.59083557128906,66.71221902419322,65.4727954711509,66.65319647253256,43551700
2003-06-20,65.44606018066406,66.14369355061456,65.43289444467044,66.07129706642078,41545000
2003-06-23,64.77476501464844,65.59087013485681,64.44569182718782,65.452654977416,34237500
2003-06-24,64.84058380126953,65.21572706393984,64.51151058765491,64.64314288585601,36213600
2003-06-25,64.18903350830078,65.44609585427244,64.18903350830078,64.84718007152955,47743400
2003-06-26,65.02488708496094,65.14335367562676,63.81389471134816,64.35357473076795,33477300
2003-06-27,64.27458190917969,65.2815451302861,64.22192899037785,64.99195909813467,54208800
2003-06-30,64.25483703613281,64.93930995659373,64.1495362136629,64.64314605830941,33349000
2003-07-01,64.84716033935547,65.05776697465335,63.465053981384564,64.004733798164,51322800
2003-07-02,65.66326904296875,65.67643478386088,64.87349531224422,65.005122593612,34662100
2003-07-03,64.98540496826172,65.71594822063484,64.43256414012039,65.20259458842906,30792800
2003-07-07,66.27533721923828,66.40696950553395,65.58428654590459,65.58428654590459,31391100
2003-07-08,66.57151794433594,66.66365805051075,65.92653217985304,66.14372172494762,30952500
2003-07-09,66.19636535644531,66.73604519739355,65.83438283210141,66.42013271966992,36528500
2003-07-10,65.35394287109375,65.84096982605082,64.91298094438383,65.70933752656323,49777700
2003-07-11,65.97261047363281,66.11082065015897,65.41318689590504,65.41318689590504,39976300
2003-07-14,66.29510498046875,67.06513524803795,66.11081972641567,66.60442964479486,42114900
2003-07-15,66.15031433105469,66.77555157515093,65.78174883085465,66.72289864351379,42573600
2003-07-16,65.76199340820312,66.38723556109706,65.30787576297972,66.34774335884269,39894200
2003-07-17,64.82746124267578,65.73570203923367,64.6036937359016,65.25525767644832,52253500
2003-07-18,65.49215698242188,65.68302006228355,64.80110117675923,65.16966159510778,35698100
2003-07-21,64.68264770507812,65.47900449665859,64.39964446333796,65.45267802983855,34786000
2003-07-22,65.26837158203125,65.4263303195405,64.4456886538885,64.95246414952896,49968300
2003-07-23,65.31446838378906,65.45267856978928,64.68264823867652,65.2947247888262,37275400
2003-07-24,64.82083129882812,66.03840101753157,64.74185695202539,65.80805080392682,40896200
2003-07-25,65.96605682373047,66.0055440254358,64.52471370634626,64.93276653526068,43241100
2003-07-28,65.72250366210938,66.45962947989332,65.59745423215936,66.0581597512464,34382800
2003-07-29,65.4197769165039,65.98578342770712,64.94591053305375,65.90680402337864,53472100
2003-07-30,65.26180267333984,65.6501066584084,65.11042678447285,65.55138368925678,28363300
2003-07-31,65.41316986083984,66.41355519411559,65.26837685039794,65.80147884532117,54937200
2003-08-01,64.83402252197266,65.50532983995902,64.65632012930035,65.2815624077169,49321000
2003-08-04,64.83402252197266,65.1565129477816,63.840219756917314,64.7023901901302,55214100
2003-08-05,63.458457946777344,64.99852272766513,63.40580504356163,64.76817255266789,61415600
2003-08-06,63.827064514160156,64.53785908209366,63.45849897461858,63.636201382547306,50096900
2003-08-07,64.49835968017578,64.5444297362398,63.68225939221602,63.95209685737405,43427400
2003-08-08,64.68264770507812,64.8603501007983,64.34041367893798,64.70897417189816,27357300
2003-08-11,64.92617797851562,65.18285480965773,64.3930756958456,64.66950114737351,34631400
2003-08-12,65.5184555053711,65.54477693437842,64.77474709386145,64.96561009233486,43285600
2003-08-13,65.1828384399414,65.71593556747068,64.84718227533486,65.69619197330441,36152000
2003-08-14,65.36054992675781,65.65013609377448,64.79454333918578,65.22233971648014,35525100
2003-08-15,65.56455993652344,65.67644364290385,65.23548666745664,65.39344043065601,12567000
2003-08-18,66.13056182861328,66.20953619417048,65.64352980846733,65.76857924894524,22873800
2003-08-19,66.38067626953125,66.43332921040052,65.81466970833867,66.26879253612967,37437700
2003-08-20,66.1108169555664,66.40040303568146,65.91995888050099,66.00551612178064,21295300
2003-08-21,66.3213882446289,66.81499787885026,66.07787737201743,66.50567339259398,46494200
2003-08-22,65.66326904296875,67.01247127265366,65.63694760370232,66.96640122204903,52040300
2003-08-25,65.76856994628906,66.36090271048168,65.34077378208003,65.62377693490214,23473000
2003-08-26,65.88703918457031,66.0713193806615,65.04461256171986,65.48556946254647,45065800
2003-08-27,65.90682220458984,66.05161530850484,65.53167871774723,65.8475914009492,18919500
2003-08-28,66.31485748291016,66.47281127205916,65.59089717627842,66.07792428855643,27402400
2003-08-29,66.76239013671875,66.78871660225491,66.13057002763036,66.21612727467799,28706600
2003-09-02,67.65745544433594,67.7101033429153,66.5056991844847,66.89400317045889,49419100
2003-09-03,68.02603149414062,68.2497989230557,67.64430526936317,67.80884191577483,44912400
2003-09-04,68.05896759033203,68.15110774684806,67.6311711372151,67.85493865410774,28381000
2003-09-05,67.67720031738281,68.15106656239507,67.39419714445933,67.74959682821851,31637300
2003-09-08,68.23663330078125,68.36826059995475,67.74302339699125,67.81541991791455,32632800
2003-09-09,67.78910064697266,68.09184748420404,67.5784939331917,68.03261669966882,35053200
2003-09-10,67.10460662841797,67.65745221783662,66.83476921431847,67.47974987717191,45904900
2003-09-11,67.30207824707031,67.63115157408537,67.0256528362197,67.19677237222047,38396300
2003-09-12,67.42713928222656,67.55218878405461,66.70317878896984,67.07174442034152,42524800
2003-09-15,67.19019317626953,67.54559299144395,67.0980530413644,67.47319645383838,21312800
2003-09-16,68.17082214355469,68.21030933049849,67.2428330802971,67.28232528850069,37892600
2003-09-17,68.03917694091797,68.30901939065514,67.82199243257257,68.10499560171355,31885800
2003-09-18,68.84212493896484,68.90793858666632,67.90097521518139,68.05235112402828,30243600
2003-09-19,68.49198913574219,69.10641541068561,68.31360959035574,68.88839204590712,34331600
2003-09-22,67.75205993652344,68.02293341244341,67.40850694201752,67.95025893439555,36677400
2003-09-23,68.0096664428711,68.24090093787743,67.62647497084119,67.7784269073308,32489200
2003-09-24,66.80064392089844,68.19466428084435,66.77421639742379,68.12859799242507,41694700
2003-09-25,66.25231170654297,67.30938788252861,66.19945663760949,66.9988756937522,52673100
2003-09-26,66.03427124023438,66.50335355496593,65.96820494143157,66.35800467327846,42914700
2003-09-29,66.6817398071289,66.72137858231086,65.92857283545572,66.26551754611036,36771600
2003-09-30,66.03427124023438,66.56941985376874,65.57180210807924,66.38443220090667,70764500
2003-10-01,67.44153594970703,67.50760227578837,66.19946684101261,66.22589437955266,65797600
2003-10-02,67.68597412109375,67.75864858363495,67.14422224431023,67.34242624042929,44591500
2003-10-03,68.30699157714844,68.89499023438096,68.10218452860599,68.49197923912688,48806900
2003-10-06,68.61747741699219,68.70336306640735,68.1814309494996,68.3664235675632,20226500
2003-10-07,68.88178253173828,68.914813164198,67.98987480675011,68.22110939611208,42602900
2003-10-08,68.70999145507812,68.96765351979187,68.32019680762627,68.92801475307743,30920800
2003-10-09,68.89501953125,69.516054123868,68.59771852529427,69.29142255270362,40066500
2003-10-10,69.08660125732422,69.1064206482541,68.65055953525618,68.88839726695166,22682800
2003-10-13,69.30455017089844,69.562212057203,69.04688828459388,69.17902077584134,23825600
2003-10-14,69.5490493774414,69.6547594843235,68.9478395262893,69.23853727967973,38484400
2003-10-15,69.36406707763672,69.95867387334353,69.13283250167733,69.93885448690925,39021700
2003-10-16,69.64149475097656,69.85290976182173,69.13938221001997,69.15920157970366,32772200
2003-10-17,68.88178253173828,69.78690150160314,68.69679486024872,69.68119642098168,32790300
2003-10-20,69.39714813232422,69.39714813232422,68.67040825809953,69.00734812890195,27657000
2003-10-21,69.27819061279297,69.5556721408862,68.9214264878718,69.251763080517,26729100
2003-10-22,68.40607452392578,68.83551292866574,68.17484001076868,68.72980284234572,33914500
2003-10-23,68.28057861328125,68.67698155072621,67.94363384821146,67.97666952655555,45830500
2003-10-24,68.43251037597656,68.43251037597656,67.50756717021802,67.93700562723467,51723600
2003-10-27,68.46553039550781,68.82890250450886,68.22768774971335,68.53820481730803,32460200
2003-10-28,69.39714813232422,69.4698226238006,68.5911256199783,68.69683580413994,34956200
2003-10-29,69.48958587646484,69.65475412535923,68.62410586522948,69.2187075288213,30955400
2003-10-30,69.63492584228516,70.0115092000137,69.23852310370789,69.89258787438709,39123100
2003-10-31,69.56887817382812,69.85957090494718,69.51602311706625,69.63494447451265,25761600
2003-11-03,70.02471923828125,70.43433825074857,69.83973163282317,69.86615915367922,37589300
2003-11-04,69.87279510498047,70.20973478880263,69.753873734062,70.02474710971528,31421600
2003-11-05,69.92562866210938,70.0115193789872,69.30459946290948,69.69439411769798,33558800
2003-11-06,70.29561614990234,70.32204367775223,69.43673913665491,69.76707567397537,28392300
2003-11-07,69.77371215820312,70.50705997218381,69.74728461961834,70.45420489501424,31723200
2003-11-10,69.48958587646484,69.92562743246785,69.37727267694505,69.85956114101708,25530800
2003-11-11,69.46975708007812,69.58867840478989,69.23852257106478,69.43011327815137,26558600
2003-11-12,70.2493667602539,70.3418605842007,69.47638049989762,69.52262741187101,28000000
2003-11-13,70.26919555664062,70.38811692343329,69.88600392580469,70.03796096580378,29714800
2003-11-14,69.6745834350586,70.65898492736387,69.5622702195379,70.29561775234943,49158500
2003-11-17,69.3244400024414,69.46318077142789,68.73644124984015,69.31122875610122,44382100
2003-11-18,68.60428619384766,69.66797019365654,68.51179237130212,69.52922945983825,41155000
2003-11-19,69.18567657470703,69.37727234737855,68.6571361645418,68.72981059695289,29827000
2003-11-20,68.5645980834961,69.52917942485865,68.54477871300391,68.70994685448102,53578700
2003-11-21,68.8487319946289,68.92801456838029,68.45893734822154,68.86855137793302,30016000
2003-11-24,69.76045989990234,69.88598938332224,69.1592500888315,69.16585823020492,28906400
2003-11-25,70.02471923828125,70.30880878681593,69.66795526752603,69.8529479135183,37580000
2003-11-26,70.27579498291016,70.32864499673487,69.62833316833724,70.30882561148367,33053600
2003-11-28,70.32859802246094,70.4673437076183,70.16342986830718,70.21628488736407,10507500
2003-12-01,71.08842468261719,71.14127974044295,70.5598892259667,70.592919856706,38699000
2003-12-02,70.9100570678711,71.20074985364435,70.7382806213665,70.94308770415574,35352000
2003-12-03,70.79769134521484,71.40550904003808,70.73822817912732,71.12141956781134,39078600
2003-12-04,71.08842468261719,71.16770726935584,70.65238305689394,70.80433504747334,36089500
2003-12-05,70.59293365478516,71.22057624793965,70.44098163450523,70.7713182496802,28824400
2003-12-08,71.06859588623047,71.11484279557077,70.480597307246,70.52023607509909,32482900
2003-12-09,70.520263671875,71.3064664788607,70.38813103363371,71.28664708717821,43596100
2003-12-10,70.51362609863281,70.67879433596251,70.00490510495796,70.54004858093512,36915400
2003-12-11,71.3064193725586,71.4187325449213,70.47397018806562,70.48057832777334,45304000
2003-12-12,71.44514465332031,71.48478340194958,70.94964013332381,71.33283150518227,34142200
2003-12-15,71.08842468261719,72.16532506354037,71.00914713641427,72.12568124990317,38693400
2003-12-16,71.4583969116211,71.68302332100423,71.03556153768871,71.14127164130561,32894200
2003-12-17,71.68301391601562,71.68301391601562,71.22054487470675,71.3923162097446,23198800
2003-12-18,72.48902893066406,72.49563707078904,71.61033279380176,71.7160428736652,29353100
2003-12-19,72.2872543334961,72.59923869806882,72.07484020124375,72.55277326489963,41465100
2003-12-22,72.79175567626953,72.79175567626953,72.20761288688036,72.21425225431072,27611300
2003-12-23,72.83821105957031,72.98424167239519,72.60587881077704,72.67226234720529,24741200
2003-12-24,72.76517486572266,72.93775783671363,72.6390522555472,72.69879134603987,8055800
2003-12-26,72.81830596923828,73.07055129828329,72.771840524049,72.82494533693782,8308400
2003-12-29,73.7874526977539,73.86046548663545,72.87141238056647,73.08382657242733,22483700
2003-12-30,73.80069732666016,73.86043642069633,73.58164385315717,73.74095316827216,19559500
2003-12-31,73.86711120605469,74.02642059756033,73.57503976799912,73.82728512426684,31501800
2004-01-02,73.83387756347656,74.47111978881885,73.50198025458884,74.1724091722093,38072300
2004-01-05,74.6370849609375,74.69018469320407,74.07285535947986,74.13923888742933,27959800
2004-01-06,74.71011352539062,74.82959680277537,74.34502432661698,74.45123393511581,20472800
2004-01-07,74.96235656738281,75.04864807926774,74.27200927924424,74.60390672175204,30170400
2004-01-08,75.26107788085938,75.28099598560586,74.85616251170102,75.17478635104112,36438400
2004-01-09,74.6039047241211,75.34071743190736,74.52424751688507,74.89597608630028,54084300
2004-01-12,75.15482330322266,75.17473633036505,74.58395955817073,74.71008214920684,31564100
2004-01-13,74.71675109863281,75.16149752325084,74.18571822594953,75.06856157956935,54239700
2004-01-14,75.34072875976562,75.44693838538282,74.78977772167224,74.84952190217032,30112800
2004-01-15,75.52655029296875,75.71241197440149,74.72999878272815,75.3871540318942,38408700
2004-01-16,75.82526397705078,75.87836369935896,75.4269831414567,75.69914137482259,31922700
2004-01-20,75.80537414550781,76.10408488356855,75.55313391136254,76.02442767388173,29863000
2004-01-21,76.40278625488281,76.5355482635514,75.48675118465712,75.75890443981034,30725000
2004-01-22,76.20362854003906,76.58862559163984,76.05759290541232,76.42931629220672,29888500
2004-01-23,75.95806884765625,76.58203782406873,75.63944499083695,76.3364318289298,44245300
2004-01-26,76.91388702392578,76.95371308187008,75.9248293605986,75.93146872503972,30460600
2004-01-27,76.12397003173828,77.33207608212098,76.10405700270003,76.83423009875968,35322800
2004-01-28,75.2544174194336,76.52226283914906,74.96898545619622,76.32312744008843,52621300
2004-01-29,75.32740783691406,75.57300857947297,74.71671300140288,75.38050755206027,60117100
2004-01-30,75.32740783691406,75.4867171110537,75.06852330295521,75.3539551623119,30984400
2004-02-02,75.65269470214844,76.12398840576435,75.08847013102249,75.4734672688416,38832400
2004-02-03,75.52655029296875,75.76551675891113,75.30086255532927,75.49999790071394,25093500
2004-02-04,74.90921020507812,75.49335262102342,74.86938415466376,75.13490297424342,39332600
2004-02-05,75.1282958984375,75.3672624323232,74.86277696474755,75.12165653239833,37226800
2004-02-06,75.97130584716797,76.13725453190565,75.14156242347958,75.28759807634505,37216000
2004-02-09,75.99121856689453,76.25009809162103,75.86509595482465,76.11733611461283,24851300
2004-02-10,76.23682403564453,76.4293251158445,75.84518757425113,75.85846124058992,27908100
2004-02-11,77.0466537475586,77.25906785758934,75.78544275359705,76.23682337045639,42965700
2004-02-12,76.76786804199219,77.179417568278,76.72140260952919,76.98028217101619,27814700
2004-02-13,76.42272186279297,77.13298235981037,76.17048156834855,76.88074206536595,44739900
2004-02-17,77.113037109375,77.2856251673562,76.84751818886983,76.9006229858413,23984300
2004-02-18,76.77452850341797,77.39849233017601,76.56874861938006,77.13297332985056,28618000
2004-02-19,76.48909759521484,77.25909713675395,76.37624859996932,77.2192710586401,51146200
2004-02-20,76.25670623779297,76.70808667610383,75.88498295836632,76.65498696786422,46728800
2004-02-23,76.06423950195312,76.50898584230855,75.78544691678856,76.48243344405209,36357000
2004-02-24,75.93148803710938,76.32976391090165,75.02872668885888,75.85183083660992,43953000
2004-02-25,76.25012969970703,76.37624729970506,75.88504044203296,75.97797133228569,31213600
2004-02-26,76.29657745361328,76.52890462537438,75.89829651419136,76.07752394980173,29683000
2004-02-27,76.34966278076172,76.82759576638865,76.09078325760572,76.46251172662198,39312000
2004-03-01,77.10639953613281,77.22587772772049,76.50234389100686,76.6218271469465,33130800
2004-03-02,76.655029296875,77.64408217684858,76.48908058915818,76.96037431135166,38556400
2004-03-03,76.7944107055664,76.91389395451695,76.28328594891896,76.50233941605359,31346200
2004-03-04,76.99354553222656,77.06656335408756,76.68156121415709,76.81432319224602,21060000
2004-03-05,77.25243377685547,77.63079659449114,76.52226054019829,76.6151914031718,55905600
2004-03-08,76.3098373413086,77.41173896318024,76.2766506452514,77.2258721949832,39281600
2004-03-09,76.0045166015625,76.47581037626028,75.83192850829114,76.40279253158215,39746100
2004-03-10,74.73001861572266,76.18372576093633,74.71673988389564,76.15053906007346,67671800
2004-03-11,73.76085662841797,75.18801094474951,73.74757790058791,74.61051289291235,89134800
2004-03-12,74.73001861572266,74.81631011518894,74.06622382623715,74.16579405753045,54012200
2004-03-15,73.81397247314453,74.57733743092246,73.61483709134502,74.52423263670183,57677200
2004-03-16,74.20563507080078,74.3848574717458,73.57502685516108,74.19899570354997,59832600
2004-03-17,75.03536987304688,75.18140554921709,74.41140109826604,74.46450590130117,41607300
2004-03-18,75.05530548095703,75.1880624641187,74.29857953535605,74.80969949131821,60014300
2004-03-19,73.9794921875,74.98533761966321,73.96617198641925,74.87876076469783,48636200
2004-03-22,73.04023742675781,73.6530681039748,72.67386849901685,73.63308526829887,62752100
2004-03-23,72.91368103027344,73.53983705762258,72.84706987636731,73.43991778571076,54080200
2004-03-24,72.97364807128906,73.36665750921887,72.5073597438244,72.9936309129321,51584300
2004-03-25,73.93954467773438,74.13938331781459,73.13353763839758,73.32671363524639,49873600
2004-03-26,73.95950317382812,74.46575716846597,73.80629800470348,73.91287485077636,37409500
2004-03-29,74.99864959716797,75.0985688816901,74.32587025107111,74.35917329117454,44113600
2004-03-30,75.25177764892578,75.31838880992852,74.75218631824647,74.805477279891,39059900
2004-03-31,75.33836364746094,75.53820219134784,74.85875520781663,75.26508985350944,48517600
2004-04-01,75.79130554199219,75.85125912133553,75.3050396795924,75.31835987383322,45103800
2004-04-02,76.3642349243164,76.49745730761217,75.87130600759232,76.47747445832862,50987700
2004-04-05,76.78385925292969,76.85713305902794,76.23098200978755,76.24430220993901,30251800
2004-04-06,76.53744506835938,76.72395847919528,76.35093165752347,76.4908167156504,28420900
2004-04-07,76.35750579833984,76.59065238927595,76.01112485408945,76.57066447528712,45890500
2004-04-08,76.18437194824219,76.87713941062135,75.76471185233622,76.87713941062135,46929700
2004-04-12,76.48409271240234,76.65728577585581,76.31756228887924,76.32422492880963,23085200
2004-04-13,75.41165924072266,76.80385664613968,75.28509445420109,76.7772111604453,56210300
2004-04-14,75.53155517578125,75.6980856361004,74.97201526851998,75.01198095272255,62322300
2004-04-15,75.24508666992188,75.79130611580038,74.84541477232119,75.57148479338365,61602500
2004-04-16,75.82464599609375,75.97119360577649,75.25844348040629,75.52488813571377,47059200
2004-04-19,75.82464599609375,75.93122284179553,75.4516143308724,75.63813270453609,28277600
2004-04-20,74.55236053466797,76.15105408334892,74.4591038768547,75.99118625311284,53299400
2004-04-21,75.05189514160156,75.23840831604979,74.51900108347847,74.73881727787654,50177300
2004-04-22,76.10441589355469,76.38418583074458,74.89873705797012,74.92538253990811,62071500
2004-04-23,76.17769622802734,76.31758120861271,75.79800697155092,76.21766191330703,29395700
2004-04-26,76.07111358642578,76.56404741680562,75.67144149101203,76.27095217518587,35515200
2004-04-27,76.1376953125,76.68391478103841,75.9112113424648,76.09106700721395,43485500
2004-04-28,75.15182495117188,75.94451113633353,74.9386662814776,75.86457472940934,50165800
2004-04-29,74.4924087524414,75.48492889990476,74.04610832637272,75.08525680070733,69687600
2004-04-30,73.9128646850586,74.85875629807477,73.87289900854125,74.71887134815874,48681400
2004-05-03,74.70552062988281,74.79877722506117,74.1726214442036,74.18594671900239,33758000
2004-05-04,74.64562225341797,75.44497162300729,74.37917754566189,74.77218704707703,51185100
2004-05-05,75.12523651123047,75.24513867158504,74.71224413387047,74.87877462980141,34405000
2004-05-06,74.47906494140625,74.99863904932111,73.93950799581853,74.61894988722139,54997000
2004-05-07,73.24677276611328,74.75887251608982,73.24677276611328,74.08608788911897,60950000
2004-05-10,72.4940414428711,73.10687231914382,72.18096336331041,72.90037617394691,75279400
2004-05-11,73.10687255859375,73.30671114512721,72.82710260313199,72.91369661350643,48300600
2004-05-12,73.57315826416016,73.63311187495633,71.9811274067193,72.98697285006652,90830500
2004-05-13,73.26676177978516,73.81298164947363,73.02695743874068,73.1135565565171,57393700
2004-05-14,73.300048828125,73.76633208929181,72.78713215873512,73.24009521905704,54123100
2004-05-17,72.67386627197266,72.94031593106412,72.21424581919705,72.53398134442315,55020400
2004-05-18,73.04023742675781,73.23341330846627,72.82707870937344,72.93365552701329,30193100
2004-05-19,72.7871322631836,74.05942743521736,72.7072008937868,73.60646437424545,54804100
2004-05-20,73.02029418945312,73.18682468653371,72.63394221652038,72.90704958903666,38082900
2004-05-21,73.1468276977539,73.639761451577,72.92034874229921,73.25340961710127,47480400
2004-05-24,73.45326232910156,73.77966573100413,73.06025283332215,73.62645545234507,40961500
2004-05-25,74.50574493408203,74.59234404692202,73.00697042904284,73.20680906255775,48668000
2004-05-26,74.7655029296875,74.79881104964336,74.27923690380763,74.37915618156963,35977000
2004-05-27,75.18516540527344,75.29174224492198,74.6456033200774,74.96534400323452,45306900
2004-05-28,75.17849731445312,75.19181751265387,74.84543645627537,75.09190332088485,23367200
2004-06-01,75.07864379882812,75.17856316021772,74.51910350642208,74.91211322388206,41044700
2004-06-02,75.35836029052734,75.59150699514124,74.9120598871403,75.29174912439746,39774200
2004-06-03,74.66558074951172,75.39831870321294,74.6522605513105,75.14518919844147,38688300
2004-06-04,75.25845336914062,75.6581254867236,75.07859761285893,75.25845336914062,32739500
2004-06-07,76.4041976928711,76.47747152550625,75.55156227541627,75.558224918958,31643800
2004-06-08,76.51073455810547,76.5507002315802,76.05110898472618,76.18433636648356,32846500
2004-06-09,75.79801940917969,76.40418775784858,75.7513910746667,76.27762803966034,36737600
2004-06-10,76.1709976196289,76.1709976196289,75.89122779056135,75.96450156704628,21711000
2004-06-14,75.41832733154297,75.8379823268086,75.1851856675065,75.81799948162077,34633000
2004-06-15,75.9511947631836,76.23762730035399,75.61147635187625,75.87126341092554,37445000
2004-06-16,75.93787384033203,76.07109614756068,75.73803529738379,75.93787384033203,26633400
2004-06-17,75.82464599609375,75.98451380569945,75.49158509485335,75.83796619601671,28402400
2004-06-18,75.96771240234375,76.36216151601397,75.66686544667803,75.72703279754835,31799800
2004-06-21,75.68024444580078,76.30868628734784,75.63344591083394,76.0479508638672,25284000
2004-06-22,76.06130981445312,76.13485108852012,75.32590217444026,75.6334360929672,37334000
2004-06-23,76.71650695800781,76.77667431907082,75.82732966191831,75.95435644726193,35580000
2004-06-24,76.47578430175781,76.8368035670692,76.38887423999316,76.58943709806277,35272100
2004-06-25,76.10812377929688,76.84353666912043,76.00115787755954,76.48920414983715,32837900
2004-06-28,75.84735107421875,76.62287515860925,75.82061343741378,76.56270272415898,40824500
2004-06-29,76.16161346435547,76.32875183928637,75.82733671449367,75.90087800751593,28418100
2004-06-30,76.56940460205078,76.74322987908403,75.98107956525845,76.26187071231911,52230600
2004-07-01,75.50640869140625,76.48249586316334,75.26572910377773,76.38221185154201,57734700
2004-07-02,75.46630096435547,75.74041028854131,75.27910684084188,75.65350018852638,34615100
2004-07-06,74.8044662475586,75.178854653127,74.63064087326205,75.12537423851686,38698200
2004-07-07,75.0250473022461,75.25903992201988,74.71082645541135,74.75093801861355,29839800
2004-07-08,74.50357818603516,75.09190322854396,74.34312172845001,74.75093963199639,45291100
2004-07-09,74.69746398925781,74.83785957306587,74.46346624892071,74.69077702793638,27412900
2004-07-12,74.73090362548828,74.9047289502087,74.20943275198502,74.55707830076786,35691300
2004-07-13,74.78438568115234,74.89135157559821,74.6105603644378,74.82449725398732,26752000
2004-07-14,74.55706024169922,75.13870343699959,74.2896430077125,74.38324005973921,54089400
2004-07-15,74.0757064819336,74.81780104098121,74.00884707248967,74.70414310532063,38403500
2004-07-16,74.01555633544922,74.657367074374,73.83504913726908,74.59051274544277,40871200
2004-07-19,73.70133209228516,74.18269140017871,73.5341937270809,74.04229578548612,39592800
2004-07-20,74.63729858398438,74.81112389015064,73.70800979820922,73.89520392762327,46679800
2004-07-21,73.26006317138672,74.918072302874,73.1731479882485,74.75762095803955,56241100
2004-07-22,73.46064758300781,73.80161125367302,72.7185528824965,73.11300205064992,72477100
2004-07-23,72.84555053710938,73.34696539909443,72.66504343108329,73.28679806397098,49610500
2004-07-26,72.7051773071289,73.15979379224805,72.34415788359394,72.99934241534051,49679100
2004-07-27,73.3871078491211,73.61441866791814,72.85226816491596,72.90575366353383,51295100
2004-07-28,73.60774230957031,73.78825461824631,72.59822505551986,73.24004093008051,65862300
2004-07-29,73.92193603515625,74.12250405960773,73.54086086922382,73.90188025284245,52200500
2004-07-30,74.10245513916016,74.14257181092063,73.60772705981331,73.7548096214007,41581700
2004-08-02,74.2562026977539,74.45008373516366,73.57428068743003,73.66787772608907,38263100
2004-08-03,73.6812744140625,74.24954382104478,73.64784980227412,74.16263370960542,40948800
2004-08-04,73.67456817626953,74.0422745143461,73.30017997797822,73.46731829516636,40763200
2004-08-05,72.47117614746094,73.79490877773628,72.38426095714993,73.7347414312041,50772000
2004-08-06,71.4349136352539,72.17700814969368,71.28114924435211,71.95638435336693,74729000
2004-08-09,71.53520965576172,71.85611751345999,71.44829955503343,71.54857847869786,37476300
2004-08-10,72.45781707763672,72.4778779645828,71.70904051936402,71.74246512962533,55870600
2004-08-11,72.31069946289062,72.42435225586064,71.60202977000509,71.9897917584786,52933200
2004-08-12,71.52183532714844,72.17032775310672,71.28783758819138,71.98982060374864,50015900
2004-08-13,71.66222381591797,71.76918968255593,71.26108778922035,71.60205137165075,41634700
2004-08-16,72.40435028076172,72.6316560356013,71.60208297393437,71.62882572756116,45731900
2004-08-17,72.81214904785156,73.059510527181,72.55809550606584,72.70517806169813,40701600
2004-08-18,73.5609130859375,73.65451013263629,72.53134047159439,72.55139625293606,43165400
2004-08-19,73.34700775146484,73.5542577152134,72.9926751938333,73.41386208486838,39881600
2004-08-20,73.86177062988281,73.96204954408793,73.2132731145197,73.28012742420874,44870900
2004-08-23,73.67456817626953,74.05564333543222,73.57428926648197,73.90856590085825,33745100
2004-08-24,73.7748794555664,74.02893305601656,73.44060269763393,73.96876058724628,30453100
2004-08-25,74.27629852294922,74.38995140250239,73.47403630172131,73.7615145327821,38551400
2004-08-26,74.27629852294922,74.41669415663117,74.10916013513851,74.18270143382792,26629500
2004-08-27,74.5102310180664,74.63057076404414,74.2428138942534,74.34309276535593,24902900
2004-08-30,73.89521026611328,74.43673691560544,73.84172476721932,74.3565137679224,26726500
2004-08-31,74.28291320800781,74.31634289330579,73.60767335008885,73.98206644294147,44125300
2004-09-01,74.42335510253906,74.63729196011987,73.86177276413582,74.17598853881934,52778300
2004-09-02,75.2657241821289,75.34594730565479,74.36986019772432,74.36986019772432,42736600
2004-09-03,74.95822143554688,75.42620685264627,74.88468014133718,75.0986170606767,30480500
2004-09-07,75.45294189453125,75.63344907963524,75.09192242366532,75.23900499705418,37338800
2004-09-08,75.2657241821289,75.58662687754519,75.08521195288291,75.292466923523,32963100
2004-09-09,75.19892883300781,75.46634625528434,74.89807658195616,75.25909622282191,34314800
2004-09-10,75.5866470336914,75.72704263795636,74.93146754712161,75.22562757958535,27900600
2004-09-13,75.83402252197266,76.04127247151781,75.55323128052599,75.75379426699146,44398100
2004-09-14,75.98777770996094,76.00783349475185,75.67355681315038,75.7470980911553,28048900
2004-09-15,75.41283416748047,75.78722248200069,75.33260591408688,75.74711090563302,38295000
2004-09-16,75.64012145996094,75.79389096631157,75.41281578175054,75.44624038702189,23911700
2004-09-17,75.96166229248047,76.10264222461767,75.65284837610089,75.82739203195452,33683000
2004-09-20,75.50519561767578,75.85428824530204,75.37764007975004,75.63946083094213,37149400
2004-09-21,75.83416748046875,76.17655051630231,75.55220739067208,75.69318743557042,40920800
2004-09-22,74.88752746582031,75.53871903662724,74.83381936042794,75.52529457122256,49042100
2004-09-23,74.48474884033203,74.98825098694596,74.48474884033203,74.92111839177517,44068700
2004-09-24,74.82713317871094,75.00839682324896,74.60559100067061,74.63244506363509,34981100
2004-09-27,74.35047149658203,74.65257068641345,74.23634559125797,74.58543810221623,39355100
2004-09-28,74.7063217163086,74.86073135835927,74.12226226421306,74.45793049990596,41662900
2004-09-29,75.08226776123047,75.08898256000757,74.51834758933227,74.65932763230681,33325700
2004-09-30,75.02854919433594,75.17624400549224,74.69288103148605,74.88756918056575,43536700
2004-10-01,76.29736328125,76.29736328125,75.33063747462657,75.36420633475781,62824300
2004-10-04,76.4249267578125,76.8277326607512,76.39807781138042,76.59947564095994,33082400
2004-10-05,76.4652099609375,76.6397588430342,76.22352846938507,76.43164109526475,36910600
2004-10-06,76.9888687133789,76.9888687133789,76.31753222481505,76.37795005027814,42297800
2004-10-07,76.1630859375,76.80085836794417,76.10266814110331,76.78742877637481,39388800
2004-10-08,75.53205108642578,76.37793116510281,75.42463481630762,75.9617059231191,51872600
2004-10-11,75.84086608886719,75.87442983226401,75.61932387051132,75.71331054704598,20229100
2004-10-12,75.5455093383789,75.74691237396023,75.14942318946548,75.32396702361785,41754700
2004-10-13,74.8808364868164,75.90798000014956,74.73314171095885,75.86098667345748,54212600
2004-10-14,74.27661895751953,75.14264306259957,74.23634043417687,74.97480905282175,64082200
2004-10-15,74.69287109375,75.01510961895448,74.22964745164343,74.53174670925875,63482200
2004-10-18,74.97483825683594,75.12253306247213,74.3169264286082,74.44448196472847,43535100
2004-10-19,74.34376525878906,75.34405982944966,74.24306380995826,75.20307472795346,55851900
2004-10-20,74.19610595703125,74.39750895098484,73.67917911799033,74.10211925902381,57118500
2004-10-21,74.6794204711914,74.73312858423105,73.98794516194044,74.37732129864659,53218300
2004-10-22,73.84029388427734,74.68617923604643,73.7530219906237,74.64590068849714,48752400
2004-10-25,73.7530288696289,73.92757779510711,73.41064581785389,73.67918144430702,43990900
2004-10-26,74.8808364868164,74.9211150177272,73.7664159939919,73.93425003530486,54337400
2004-10-27,75.78044128417969,75.92813609276931,74.59889305924189,74.77343681312999,73896000
2004-10-28,76.0086898803711,76.23694174336846,75.5186121717458,75.71330029589069,54413300
2004-10-29,75.9952621459961,76.29065173770107,75.79386434228837,75.94155913814086,48820200
2004-11-01,76.20337677001953,76.4249138329019,75.99525905619393,76.23694050832827,36720900
2004-11-02,76.23023223876953,76.9149929511781,76.00869004991507,76.3107893097064,56210000
2004-11-03,77.19025421142578,77.44536017537258,76.69346163473865,77.22381795511127,76960200
2004-11-04,78.24425506591797,78.32481215137523,76.98885422467943,77.0559868365238,55350300
2004-11-05,78.73431396484375,78.97599542270508,78.20395771686411,78.579909496809,63287200
2004-11-08,78.62023162841797,78.7007938663409,78.35841075753335,78.53295971208706,33863800
2004-11-09,78.46575927734375,78.88198949130515,78.38520222565872,78.60002956663186,44658100
2004-11-10,78.52617645263672,78.91555258030142,78.3851965005969,78.58659423698774,45265400
2004-11-11,79.12369537353516,79.29824424267677,78.61347836013854,78.66718649247281,37863200
2004-11-12,79.74801635742188,79.88899632454452,79.0028328727108,79.19752095737196,55583700
2004-11-15,79.9439697265625,79.97089823633652,79.60730684664061,79.78910254148857,35297900
2004-11-16,79.37163543701172,79.72850239010043,79.27064068686813,79.69483404867414,40028700
2004-11-17,79.84298706054688,80.22004792354502,79.49958941056273,79.70158923692257,54494000
2004-11-18,79.95069885253906,79.99110189111705,79.60730641556707,79.80930106018567,31854300
2004-11-19,79.06188201904297,79.93720725754783,78.87335169371973,79.92373787027269,54276500
2004-11-22,79.43895721435547,79.53322238818049,78.79929480675231,78.89355998057734,37560200
2004-11-23,79.56019592285156,79.62752748976494,79.02826781121811,79.40532869558845,41968800
2004-11-24,79.74872589111328,79.84972067234854,79.48612918576316,79.63425657726461,29724800
2004-11-26,79.6881103515625,80.11230890898422,79.65444714255764,79.7958449493421,15487700
2004-11-29,79.3244857788086,80.1324795656339,79.10229223921819,79.98434711452927,61460800
2004-11-30,79.37840270996094,79.61406578545923,79.21007120788077,79.4524689818418,53685200
2004-12-01,80.28063201904297,80.46242771256067,79.51977062826354,79.56017366676468,49898300
2004-12-02,80.34797668457031,80.71157326803359,80.13251261330342,80.19310947534629,60163500
2004-12-03,80.29410552978516,80.89336510977573,80.18637093078672,80.33450343587535,49067900
2004-12-06,80.26717376708984,80.55670408736934,80.0180413538503,80.26717376708984,33030500
2004-12-07,79.5197525024414,80.54321029338485,79.47935461021643,80.4556746774752,52047200
2004-12-08,79.98435974121094,80.00455869008361,79.45916652225178,79.59382960611457,43895100
2004-12-09,80.26717376708984,80.43550522918099,79.2706543882687,79.54671531482252,60922800
2004-12-10,80.34797668457031,80.50283875672567,80.02477800913563,80.07191061419186,47828600
2004-12-13,81.04821014404297,81.06840909156344,80.36141510594463,80.63748108756987,38541000
2004-12-14,81.33099365234375,81.4454577627387,80.92026465662892,80.92026465662892,41500700
2004-12-15,81.39160919189453,81.54647636401332,81.00781374637205,81.27041035977862,46699200
2004-12-16,81.34449768066406,81.63402801369872,80.826039014893,81.28390081743458,51641800
2004-12-17,80.80192565917969,81.16047322355378,80.61250469395067,80.81545351612424,70761900
2004-12-20,80.82223510742188,81.37697024968296,80.61928108604106,81.01165610799856,47187400
2004-12-21,81.44458770751953,81.50547595442329,80.81543668329067,80.91014714617819,33094200
2004-12-22,81.64080047607422,81.91140409458453,81.38372987722353,81.43784647185781,31500700
2004-12-23,81.70167541503906,82.0466951231908,81.62726445968693,81.76933018390606,25646100
2004-12-27,81.53253173828125,82.10079967746643,81.4445877830422,81.99255619901854,29944100
2004-12-28,81.97904968261719,82.08052667974151,81.5866747131148,81.61373558977026,23422900
2004-12-29,82.10079956054688,82.12786043012031,81.823429518419,81.91137863486595,22650600
2004-12-30,81.94524383544922,82.2429083955647,81.88436071797241,82.12790351055129,21076900
2004-12-31,81.76934814453125,82.30378893569836,81.72199289272329,82.06024616601879,28648800
2005-01-03,81.38370513916016,82.37140365935925,81.11310160290475,82.23609931056495,55748000
2005-01-04,80.3892822265625,81.54610791780735,80.12544505985767,81.49198614993563,69167600
2005-01-05,79.83452606201172,80.67339259857586,79.8277595524692,80.32837287059068,65667300
2005-01-06,80.24044036865234,80.60575451618139,80.00366411414332,80.125435496653,47814700
2005-01-07,80.12543487548828,80.6598756522856,79.91571434197591,80.48398250972738,55847700
2005-01-10,80.5042724609375,80.81546482756076,80.05777569925961,80.05777569925961,56563300
2005-01-11,79.94955444335938,80.32839650786543,79.8210165309008,80.26074687653735,63099700
2005-01-12,80.21341705322266,80.39607163185973,79.50308279569897,80.09841212736458,72720500
2005-01-13,79.57068634033203,80.32160887341647,79.48950371250274,80.2607206122109,55537500
2005-01-14,79.9901351928711,80.18632271704388,79.66541493042583,79.80748069041258,42032500
2005-01-18,80.82223510742188,80.92371211811229,79.79394230238394,79.86159708373432,57391700
2005-01-19,79.97657775878906,80.856032875598,79.96981125043403,80.79514978440365,54378900
2005-01-20,79.4895248413086,79.96307739285018,79.3474590758461,79.75336200021543,72049300
2005-01-21,79.00244903564453,79.8277880086666,78.91450502558048,79.68572222563866,63160400
2005-01-24,78.8468246459961,79.38126017128361,78.72505328497675,79.21213356771977,58441900
2005-01-25,79.07010650634766,79.4692481698374,78.96186811103074,79.09040604422289,68245000
2005-01-26,79.3068618774414,79.55716598742914,79.17832398658165,79.3677449870054,57195100
2005-01-27,79.442138671875,79.6586204913855,79.13771288739682,79.27977859757554,55878800
2005-01-28,79.442138671875,79.52332128969158,78.88740368679598,79.48272740011643,60738900
2005-01-31,79.93602752685547,79.99691064736986,79.63159644027523,79.79395658964971,52532700
2005-02-01,80.44339752197266,80.5584023984449,79.89542369869908,79.99690071495978,49841200
2005-02-02,80.68695068359375,80.903432618043,80.43664651143031,80.54488489798672,52468900
2005-02-03,80.47718811035156,80.612492465944,80.21335106861308,80.54483770748107,48837100
2005-02-04,81.33637237548828,81.471671600324,80.49073931692864,80.50426717487838,50024600
2005-02-07,81.22807312011719,81.53249874773898,81.15365704912855,81.34984440343212,45412000
2005-02-08,81.32283782958984,81.62050231224207,81.22812734171586,81.29577695286378,39263500
2005-02-09,80.7140121459961,81.5122902527194,80.67342339591512,81.46493499051279,55279400
2005-02-10,81.0048599243164,81.1942808555054,80.68013980265908,80.95074334492904,45858600
2005-02-11,81.70167541503906,81.88433503284524,80.81545368529072,80.97781377563628,53133000
2005-02-14,81.64080047607422,81.76257184633711,81.50550124748644,81.64756698590402,32432100
2005-02-15,81.94524383544922,82.14819788304357,81.64081792539353,81.72200057669843,43852700
2005-02-16,81.99935150146484,82.16847812492996,81.63403737542001,81.80993050899751,55523000
2005-02-17,81.33637237548828,82.08052843475386,81.32960586584612,82.012878822336,58124000
2005-02-18,81.44458770751953,81.50547595442329,81.11310108741321,81.343110736902,47723300
2005-02-22,80.23368072509766,81.49874990936966,80.22015286425443,81.11314135864183,80697600
2005-02-23,80.8087387084961,80.8899213861068,80.24724196270226,80.45695742819137,68292600
2005-02-24,81.34317779541016,81.39729957920137,80.49078292671663,80.66667098203203,68563600
2005-02-25,82.14817810058594,82.31053820276128,81.30254504147645,81.36342814429173,60899900
2005-02-28,81.60696411132812,82.06022731604027,81.20782781796565,81.95875032509474,69381300
2005-03-01,82.01290893554688,82.20909133519184,81.70847782588471,81.7355387130549,47294400
2005-03-02,81.97228240966797,82.48642873866413,81.62050133909234,81.69491745886815,64226500
2005-03-03,82.00609588623047,82.46612038439379,81.65430971398781,82.30376031484602,61230800
2005-03-04,83.02761840820312,83.09526800425652,82.39170085036784,82.56759392917334,56168500
2005-03-07,83.06819915771484,83.3793913987478,82.80436214550576,82.98025520742276,43442400
2005-03-08,82.75704956054688,83.21030772161075,82.60821729002788,82.98705931583224,44362000
2005-03-09,81.83697509765625,82.72996328534056,81.83020858889081,82.51348145685145,73263600
2005-03-10,82.0196533203125,82.19554646986639,81.45139029129517,81.99259243873995,65149000
2005-03-11,81.44458770751953,82.34434226628406,81.28899415906137,82.06697222401839,57976500
2005-03-14,81.95199584960938,81.96552886976748,81.37019985484883,81.59344823544332,36336400
2005-03-15,81.27548217773438,82.16847045987468,81.23489344351623,82.14140958328444,62438500
2005-03-16,80.58545684814453,81.28902423370408,80.43662459101952,80.97782669898723,74874200
2005-03-17,80.74781036376953,81.00488095694014,80.49073977059892,80.71398297670265,62584200
2005-03-18,80.50806427001953,81.18043487089658,80.24319084598893,80.89518736526483,60232000
2005-03-21,80.2092056274414,80.67103699923874,79.97829253234579,80.62349576309516,61244300
2005-03-22,79.39423370361328,80.77293511847911,79.39423370361328,80.39260512309752,92472400
2005-03-23,79.46216583251953,79.95116460516165,79.29237487988594,79.42820556934934,70817300
2005-03-24,79.5572280883789,80.13451614397712,79.50289375378894,79.77456024513144,51932500
2005-03-28,79.67272186279297,80.10059847045764,79.67272186279297,79.7474303123341,46765500
2005-03-29,79.14295959472656,80.0734158991393,78.95279455303258,79.55724994196365,71160300
2005-03-30,80.26355743408203,80.27713842667896,79.30593423537042,79.31272732247251,62002100
2005-03-31,80.11414337158203,80.45372519590119,80.05302113037615,80.27035329067611,64575400
2005-04-01,79.75420379638672,80.81369764707752,79.40104090669261,80.56919826897834,95255300
2005-04-04,79.89002227783203,80.04623220504826,79.28556701364384,79.70665036307253,71581200
2005-04-05,80.2703857421875,80.39942336410274,79.91721760041749,79.99192604649924,46853900
2005-04-06,80.54883575439453,80.78654207791038,80.26358816617551,80.44696013528511,53268200
2005-04-07,80.98347473144531,80.99706090657433,80.35864539730797,80.41977282217336,46734600
2005-04-08,80.14134216308594,80.96312988042274,80.14134216308594,80.93596270196416,63772900
2005-04-11,80.2024154663086,80.42654066556054,80.02583668654007,80.33825127567628,44945000
2005-04-12,80.61673736572266,80.86123673726743,79.5097022868343,80.06661637055109,86144800
2005-04-13,79.6658935546875,80.68463897005891,79.55043180292398,80.52163597284236,65949000
2005-04-14,78.62679290771484,79.80174859243039,78.62679290771484,79.73383324697133,96119800
2005-04-15,77.52654266357422,78.91882523429278,77.4925824036216,78.60641053283972,128677300
2005-04-18,77.76425170898438,78.07666642156808,77.39750265118393,77.5061713416174,100035200
2005-04-19,78.38227844238281,78.46377476322736,77.98836228627627,78.17173418978386,64930100
2005-04-20,77.2888412475586,78.5317070431925,77.11905030033778,78.36191609597168,107735900
2005-04-21,78.7897720336914,78.92560268337049,77.68273203053903,77.96119159847044,86952200
2005-04-22,78.49092102050781,79.12254324682395,77.60800644811545,78.60637756535122,88845800
2005-04-25,79.00711822509766,79.12257481600719,78.59282793385,78.68791044184704,52284100
2005-04-26,78.23966217041016,79.30594905395827,78.2057070917696,78.75582807286393,72626000
2005-04-27,78.54527282714844,78.83052030083161,77.72348547776187,78.00873295144504,84131900
2005-04-28,77.56051635742188,78.56568122293858,77.56051635742188,78.28722153299611,72481500
2005-04-29,78.61316680908203,78.69466828583884,77.40425673602088,78.15133547067157,103993800
2005-05-02,79.0546646118164,79.06145770043096,78.45699717233586,78.83053932201119,56026400
2005-05-03,79.19051361083984,79.36030459421713,78.57247712578355,78.83055755513756,86000300
2005-05-04,79.80174255371094,79.97153349531459,78.97316192962785,79.22445438858023,81055700
2005-05-05,79.77458190917969,80.14133099484746,79.28558312828932,79.91720569000458,96906700
2005-05-06,79.5232925415039,80.13454104153574,79.50291845510434,80.0937928687366,67415400
2005-05-09,80.01908111572266,80.19566515988474,79.4961272538999,79.60479077073205,43750500
2005-05-10,79.19051361083984,79.80176218731997,79.04788980659609,79.70667965115746,74613500
2005-05-11,79.62512969970703,79.73379835016786,78.68109282065593,79.41459066644722,91647400
2005-05-12,78.74901580810547,79.86284367580569,78.74901580810547,79.67947178729703,95086800
2005-05-13,78.59281158447266,79.20405985273213,77.96798232429941,78.98672771086288,85267000
2005-05-16,79.32633972167969,79.3535017158532,78.55209334751062,78.57925534168413,49207000
2005-05-17,79.85606384277344,79.93756016518985,78.89165269572437,79.06144360956854,61071800
2005-05-18,80.67786407470703,80.87482218788269,80.14811716832138,80.20244633137014,77944900
2005-05-19,81.01744079589844,81.09894230769271,80.61673150658659,80.83406368976334,61768100
2005-05-20,80.90198516845703,81.08535709516326,80.64389963551223,81.05139683611009,46345500
2005-05-23,81.35023498535156,81.52681901519459,80.94953085096317,80.96311184636265,51047900
2005-05-24,81.16004180908203,81.38416701749603,80.95629067750448,81.11929365540914,50654100
2005-05-25,81.09893035888672,81.4113450023228,80.70501421566449,81.05817701819005,47608800
2005-05-26,81.53360748291016,81.64227098477254,81.24156687309343,81.35702346307474,43256200
2005-05-27,81.66941833496094,81.66941833496094,81.36379680468694,81.54037560005972,24596100
2005-05-31,81.14649200439453,81.61511149655102,81.09215765754469,81.55398924255134,43377200
2005-06-01,81.83921813964844,82.12446562318843,81.12609424919114,81.17363549644782,69611000
2005-06-02,82.01579284667969,82.07012199338585,81.5675424105084,81.65583698941855,39704500
2005-06-03,81.60151672363281,82.10409639312068,81.31626922324303,81.87318323040732,60999400
2005-06-06,81.52679443359375,81.63545790885074,81.19400573976034,81.4656670187062,36046400
2005-06-07,81.58795928955078,82.34862474015887,81.5064629359349,81.76454335840094,66501300
2005-06-08,81.43854522705078,81.90037170181864,81.27554216131108,81.79170817293483,46881200
2005-06-09,81.82564544677734,81.8935607809462,81.11931457188393,81.32306057439051,56653300
2005-06-10,81.63546752929688,81.9410942765381,81.22797038124926,81.8799668544469,36465300
2005-06-13,81.89358520507812,82.23316715880799,81.37062609463288,81.45892071883267,49383200
2005-06-14,82.08369445800781,82.31460754236423,81.7576937241804,81.80523495811296,33857100
2005-06-15,82.23994445800781,82.34182006730649,81.65586834002009,82.28749089974143,53195600
2005-06-16,82.4504623413086,82.61346015498248,82.12446153235376,82.21954402213078,46564500
2005-06-17,82.75597381591797,83.12420306279671,82.6605075521925,82.87871689821088,51529400
2005-06-20,82.78324127197266,83.08327583723926,82.4695656977045,82.56503195063304,41019400
2005-06-21,82.83097839355469,82.95372146788593,82.53093861129592,82.85143470552309,39879800
2005-06-22,82.89920043945312,83.15150719218036,82.5582478991572,82.97421041452007,46310100
2005-06-23,81.73308563232422,82.91959817758824,81.7126293267623,82.72866572231808,62185600
2005-06-24,81.133056640625,81.83541793615943,81.03758515730337,81.7467669593298,58572500
2005-06-27,81.24893951416016,81.42623617861344,80.9761766155827,81.12619646992627,48183800
2005-06-28,81.93087768554688,81.99224663151627,81.39899267705869,81.41944899238182,41174200
2005-06-29,81.71265411376953,82.10133964490882,81.66492098547246,82.08088333314161,42316500
2005-06-30,81.26943969726562,82.04681099626477,81.11259925508891,81.97862153543582,62288800
2005-07-01,81.50807189941406,81.6921890907271,81.2898625929647,81.45351827217166,49737500
2005-07-05,82.16273498535156,82.27184228653553,81.2762615745829,81.31717421126567,51549000
2005-07-06,81.47398376464844,82.27181109259507,81.42625063910941,82.09451439665565,52363600
2005-07-07,81.79448699951172,81.79448699951172,80.64207130799669,80.66252762167429,103268800
2005-07-08,82.72869110107422,82.72869110107422,81.63764444874388,81.80812065074927,64491200
2005-07-11,83.15145874023438,83.26056078424395,82.72185546017457,82.73549646725067,49688300
2005-07-12,83.3696517944336,83.62195314848715,82.94686910024927,83.18553465240217,51871100
2005-07-13,83.48558044433594,83.54694936116951,83.18554075532049,83.3764732110506,41182300
2005-07-14,83.81291961669922,84.17432832032496,83.52651565310015,83.86065274354563,63638800
2005-07-15,83.76518249511719,83.90156657558815,83.43787110702833,83.73109037688998,56075900
2005-07-18,83.43107604980469,83.62200861817993,83.22650767048364,83.53336284072637,56598400
2005-07-19,83.8879165649414,83.94929069519794,83.47195947106997,83.67652776604476,59165700
2005-07-20,84.1743392944336,84.37209233215637,83.39696815443168,83.59471598963314,69477000
2005-07-21,83.6833724975586,84.29026745930656,83.51289626779744,84.24935482897082,101110900
2005-07-22,84.24250030517578,84.25613610894088,83.62196458221283,83.79244074313414,52607100
2005-07-25,84.00386047363281,84.52210441589865,83.7720101183908,84.15388037363861,57301600
2005-07-26,84.10611724853516,84.23568079717224,83.8401748505577,84.03111252316168,42758800
2005-07-27,84.41299438476562,84.48118382310506,83.90838629802894,84.21524137181677,43181600
2005-07-28,84.94487762451172,84.992610750667,84.3107059755798,84.52891529550688,47880700
2005-07-29,84.37889099121094,84.9857857930362,84.21523531047117,84.83577112049491,62358100
2005-08-01,84.31752014160156,84.58346256769212,84.18113607532423,84.44026319999107,40418200
2005-08-02,84.8221435546875,84.96534294834369,84.37890436335863,84.46755532313706,45147400
2005-08-03,85.04714965820312,85.06078546223523,84.63800790448416,84.72665363699204,36837200
2005-08-04,84.36526489257812,84.76758623787943,84.26297812940156,84.71303780637004,50855600
2005-08-05,83.7924575805664,84.54255700136235,83.64925820092007,84.18114309746949,53595500
2005-08-08,83.6356430053711,84.15389222313144,83.45152575579485,83.97659547974887,47616000
2005-08-09,84.14022827148438,84.27660714304558,83.78564008391297,83.91519845113997,47170000
2005-08-10,84.09931945800781,84.89714681805444,83.75154655650516,84.43345135022449,72863700
2005-08-11,84.4334487915039,84.57664816954288,83.88110759013637,84.05839908531573,58570200
2005-08-12,83.91517639160156,84.34477960887457,83.70378763549522,84.26294918593707,54776900
2005-08-15,84.4334487915039,84.46754611116485,83.75836452288573,84.02430696817534,36208500
2005-08-16,83.3355941772461,84.22888789898725,83.25376371931111,84.17433946288526,71942100
2005-08-17,83.3287582397461,83.78563837545295,83.21283568103078,83.32194293807133,62275100
2005-08-18,83.32193756103516,83.57423897224895,83.08326675229125,83.2264713185456,53388600
2005-08-19,83.51285552978516,83.75152109452411,83.32873837804429,83.62195755830048,39842100
2005-08-22,83.51285552978516,84.03110447216055,83.11052911849451,83.58786545049155,69912000
2005-08-23,83.35601806640625,83.60832464500325,82.61274453874485,83.53331472170467,55168600
2005-08-24,82.61276245117188,83.69017321714247,82.5718446279884,83.15146783415717,79104600
2005-08-25,82.91278839111328,82.96734201467541,82.65366648297297,82.74913272294675,35631100
2005-08-26,82.3468246459961,82.84461223381156,82.292271013695,82.83779693166447,61956800
2005-08-29,82.98099517822266,83.04236411183045,82.08769636971746,82.10815788344071,56179200
2005-08-30,82.54459381103516,82.71507004343918,82.09453406027811,82.68097271594968,74160200
2005-08-31,83.5879135131836,83.64246716006893,82.33320564743137,82.64006600926982,102945200
2005-09-01,83.52653503417969,83.97659479389311,82.60596440138261,83.54699135007179,74578700
2005-09-02,83.37649536132812,83.79245769432676,83.21966017496376,83.77200138328102,47653400
2005-09-06,84.35162353515625,84.41981817867348,83.63562660091314,83.64244710576904,57251300
2005-09-07,84.49486541748047,84.64488017287518,84.18800499377853,84.30392761488845,41749700
2005-09-08,84.21524810791016,84.55620052939967,84.0856845229374,84.32435537999693,39068700
2005-09-09,84.9653549194336,85.06082119532167,84.41983408614774,84.44029040204921,43093900
2005-09-12,84.79486846923828,85.01307781677167,84.74031483172463,84.86305791486974,33017600
2005-09-13,84.32437896728516,84.84262304709772,84.22890747624332,84.64486996301561,58427500
2005-09-14,84.01751708984375,84.50166903089325,83.88795347092824,84.37892591890025,57694600
2005-09-15,83.9765853881836,84.31753782158872,83.80610917148104,84.27661999186564,73156900
2005-09-16,84.57373809814453,84.7380904582624,84.14231119358485,84.43677866882419,75424100
2005-09-19,84.29295349121094,84.60796954199715,83.98479220306498,84.55318368754158,53355300
2005-09-20,83.58077239990234,84.64907061890308,83.45750681888937,84.36829698589172,84480300
2005-09-21,82.80012512207031,83.4575400745464,82.71109675189975,83.40275418900599,94469100
2005-09-22,83.09453582763672,83.31367923352042,82.47821328492108,82.8274613325489,84597200
2005-09-23,83.16303253173828,83.47119384673746,82.793235818939,83.02606788366423,59368100
2005-09-26,83.2588882446289,83.71085842970969,82.91648453106289,83.56019995979408,70415400
2005-09-27,83.23834228515625,83.53965399100893,82.8753899712744,83.2177936742579,66150800
2005-09-28,83.32051849365234,83.6286849709884,82.99865816661217,83.4985698878021,58620500
2005-09-29,83.99847412109375,84.13543350459007,82.91647722760983,83.23833752595833,66607700
2005-09-30,84.25872802734375,84.25872802734375,83.36847605434531,83.97111008825222,47824200
2005-10-03,83.9573974609375,84.46415354203042,83.85467529222049,84.20392857599168,50994800
2005-10-04,83.01237487792969,84.2518749138071,82.97128809542193,84.08752255910892,60776300
2005-10-05,81.92352294921875,83.0739998088329,81.882436169304,83.03291302891816,106052100
2005-10-06,81.6290512084961,82.35495070502996,80.92370032550555,82.02624080900206,140941800
2005-10-07,81.90982055664062,82.21113751037494,81.58111067759718,81.9714507200865,75661400
2005-10-10,81.21820068359375,81.97833772820017,81.01276148687253,81.95779433099491,52677000
2005-10-11,81.10177612304688,81.7591908881115,81.02644685807059,81.48526676316754,75629800
2005-10-12,80.46490478515625,81.58113945576342,80.40327459997002,81.07438322044909,100510400
2005-10-13,80.41694641113281,80.86207233924246,80.0403001893477,80.4374898005635,99052900
2005-10-14,81.26611328125,81.36198592331644,80.5059764586753,80.8894722516082,88651000
2005-10-17,81.56742095947266,81.67698744159358,81.11544550597417,81.35513230840512,68109300
2005-10-18,80.68402099609375,81.46470114316702,80.67032714468311,81.4510072917564,74996900
2005-10-19,82.02622985839844,82.03992893226514,80.20464488406625,80.46486981620917,116563800
2005-10-20,80.581298828125,82.0467864884688,80.32792339201573,81.82764829322112,131966700
2005-10-21,80.89630126953125,81.34142715191277,80.47172399913613,81.0058729681275,96579500
2005-10-24,82.14952087402344,82.23854398309919,81.08807220550177,81.10861559800638,71308400
2005-10-25,81.98515319824219,82.34125079270996,81.45100419420729,81.98515319824219,76594500
2005-10-26,81.74544525146484,82.54666849904135,81.62217973455579,81.8413178507647,80855800
2005-10-27,80.87579345703125,81.74550221703268,80.75937739456442,81.6290809298974,66623100
2005-10-28,82.03992462158203,82.1426415468559,80.8757489633777,81.10173664831134,72322000
2005-10-31,82.26595306396484,83.06718210160268,82.26595306396484,82.37552481172227,77698900
2005-11-01,82.51245880126953,82.79323239972555,82.32756306483931,82.5740941965242,66365100
2005-11-02,83.37532043457031,83.37532043457031,82.26593030642937,82.29332323579091,74012300
2005-11-03,83.73140716552734,83.99848688586324,83.37530957952345,83.64923361280835,84897600
2005-11-04,83.6218490600586,83.86153065393228,83.2383585098607,83.82044387345876,59156000
2005-11-07,83.70402526855469,83.97109978274352,83.44379506778944,83.79989790315238,46765400
2005-11-08,83.70402526855469,83.83413514427058,83.40270828858093,83.49858092317862,42152800
2005-11-09,83.81359100341797,84.19708153837142,83.45064385788463,83.60130234652111,57666800
2005-11-10,84.46414947509766,84.58741502668954,83.37530812325797,83.77934201617973,79048100
2005-11-11,84.75177764892578,84.80655827817014,83.84098242015605,84.47100406613214,34867000
2005-11-14,84.70381164550781,84.92979407052049,84.49151784217534,84.7722913265621,45092200
2005-11-15,84.39568328857422,84.97776867693159,84.13545829339496,84.60797718760685,69592500
2005-11-16,84.5668716430664,84.60796364337659,84.21762360076065,84.4846980917786,51133000
2005-11-17,85.35440063476562,85.36125017221106,84.32718945393195,84.69698610599202,55717500
2005-11-18,85.6899642944336,85.79268646880273,85.14212140557629,85.64202797635025,72437200
2005-11-21,86.12138366699219,86.22410582619554,85.58723470873403,85.70365071765367,50021200
2005-11-22,86.4912109375,86.64186423639954,85.88857684323023,85.98444949919715,66438800
2005-11-23,86.9910888671875,87.25131903996851,86.42954697150148,86.45693989625033,50854700
2005-11-25,87.0595932006836,87.1212286049751,86.84045496535268,86.95687623464383,15270000
2005-11-28,86.44326782226562,87.1554631464813,86.31315270309761,87.14176929299032,54498500
2005-11-29,86.34736633300781,86.95684975234516,86.34736633300781,86.73086204654587,51738900
2005-11-30,85.88172149658203,86.64185310705989,85.79954270573732,86.3953271838602,56007200
2005-12-01,86.75827026367188,86.99110232305253,86.2720575296708,86.29944523398984,65468200
2005-12-02,86.8677978515625,87.02530581652604,86.62811636110895,86.81301201812607,46699400
2005-12-05,86.68292999267578,86.78565215714463,86.40900596231431,86.7651035445178,59273400
2005-12-06,86.84729766845703,87.4773193923578,86.7171825554918,87.00480571176584,57935200
2005-12-07,86.34051513671875,86.8815135901968,86.06659114164984,86.81302867293033,66816500
2005-12-08,86.28575897216797,86.84730100411126,85.92966131335874,86.43641748251062,62608600
2005-12-09,86.51172637939453,86.81988764191041,86.16247311712132,86.39531036685887,50744500
2005-12-12,86.5938949584961,86.87466850461037,86.25834079029383,86.77194634811329,48389900
2005-12-13,87.18282318115234,87.44989763312401,86.48432197399538,86.5733450497641,88630900
2005-12-14,87.52523803710938,87.71698328612109,87.0664183020219,87.10066076420235,64375000
2005-12-15,87.27188110351562,87.65537168273406,87.09382966687824,87.54579996029034,55900300
2005-12-16,86.99099731445312,87.67943508664578,86.99099731445312,87.62435880430316,46238300
2005-12-19,86.54353332519531,87.34212386151098,86.52976687735335,87.24574296952319,48733000
2005-12-20,86.62614440917969,87.14935344471436,86.38519218855654,86.64679670632388,46603200
2005-12-21,86.76380920410156,87.26637107502768,86.60547146217313,86.89461405797888,51806900
2005-12-22,87.21817016601562,87.21817016601562,86.79822276677532,86.95656048968472,32247900
2005-12-23,87.2663803100586,87.33522304219818,87.03230871794749,87.280146755541,27977300
2005-12-27,86.37826538085938,87.46599803517744,86.31630326644279,87.40403592076085,44499500
2005-12-28,86.57102966308594,86.7362532192169,86.39892026017722,86.56414381630819,30764300
2005-12-29,86.18551635742188,86.71561106931566,86.09601609593393,86.55038749386812,32788900
2005-12-30,85.71739196777344,86.0960296064397,85.6141252472777,85.91703956010159,44645600
2006-01-03,87.22505950927734,87.43159293210947,85.63477001150463,86.18552230414821,73256700
2006-01-04,87.63813781738281,87.76893743341189,87.22507091769238,87.33522349157352,51899600
2006-01-05,87.69320678710938,87.8377780976514,87.34898788038163,87.53486903133829,47307500
2006-01-06,88.42292785644531,88.51930870116288,87.67941398088506,88.13378532229258,62885900
2006-01-09,88.65010070800781,88.84974296293797,88.38161050049611,88.4091433786951,43527400
2006-01-10,88.73961639404297,88.7946926712716,88.29901668093954,88.38851694452681,44960800
2006-01-11,89.02185821533203,89.11135845865074,88.62256317439456,88.82221594722499,49598900
2006-01-12,88.6707763671875,89.00122351629757,88.42293837917359,88.86353807956216,40509200
2006-01-13,88.58816528320312,88.73962242970188,88.25771810208151,88.51244721468024,44856700
2006-01-17,88.34720611572266,88.40916298395173,87.98921559141297,88.25770585846398,52066600
2006-01-18,87.99610900878906,88.73961775331298,87.54174284560017,87.83088542693518,75067600
2006-01-19,88.33342742919922,88.65011334962234,87.98920862665088,88.20951370254943,81530400
2006-01-20,86.72248840332031,88.33342992360332,86.72248840332031,88.31277763524515,114957800
2006-01-23,87.03226470947266,87.30764075114894,86.83261721056638,86.88769346937387,67017400
2006-01-24,87.12178039550781,87.53484190510444,87.03228014598113,87.17685141172186,53008800
2006-01-25,87.197509765625,87.55549500998701,86.63298588599369,87.45911416526023,87747700
2006-01-26,87.67941284179688,87.89282681627577,87.2663513337504,87.60368428587945,71294000
2006-01-27,88.49177551269531,88.57439517820652,87.7413809562901,87.88595749239063,65771200
2006-01-30,88.42292785644531,88.67764640932943,88.36097099299634,88.42292785644531,33709600
2006-01-31,87.77581787109375,88.49178854772713,87.76893202255974,88.3403418988866,72937000
2006-02-01,88.38854217529297,88.41607506940375,87.92729003965377,87.99613277965949,63561000
2006-02-02,87.36274719238281,88.21640848938051,87.29390447126997,88.18887560282573,83626900
2006-02-03,86.92902374267578,88.38851351848616,86.83952873492032,87.1424429955737,86040400
2006-02-06,87.15621185302734,87.29390254457695,86.86018343164922,87.04606455215048,45511900
2006-02-07,86.38516998291016,87.1975267267376,86.33009370310687,87.00475974742612,71208100
2006-02-08,87.16996765136719,88.18885757357025,86.46775838343162,86.63986777720929,59422200
2006-02-09,87.02540588378906,87.84464311592882,86.9978677474973,87.37650530369363,62023300
2006-02-10,87.18376922607422,87.52110230315922,86.36452650078952,87.03919790732351,64508700
2006-02-13,87.02540588378906,87.28701030001722,86.70871994261493,87.15620546572191,52308700
2006-02-14,87.94792175292969,88.14068348077718,86.88772699740531,87.05983643332102,90964400
2006-02-15,88.25769805908203,88.34031771414467,87.5967985945634,87.89971281877021,85471300
2006-02-16,88.91859436035156,88.95301833797598,88.24391801402716,88.35407054053601,61017900
2006-02-17,88.67765808105469,88.91861547692548,88.51932035204779,88.84288691005685,40342600
2006-02-21,88.45738220214844,89.08385265549674,88.31968622980762,88.88421030316707,46456300
2006-02-22,88.99435424804688,89.25595345972205,88.56751568369728,88.65013536003448,42326700
2006-02-23,88.8635025024414,89.24902577284381,88.31275047127171,88.99430729162535,43423200
2006-02-24,89.09073638916016,89.13892157171227,88.64324552551557,88.88420295245703,36777400
2006-02-27,89.12513732910156,89.52442189747376,89.00121309723923,89.08382224866462,35858600
2006-02-28,88.27833557128906,89.4349160060693,88.20949812576981,88.94612077068761,74394800
2006-03-01,89.06316375732422,89.14578340771916,88.46422644175924,88.53307439963444,48641600
2006-03-02,89.0562973022461,89.09760188163945,88.53996905037889,88.73961135235513,60642300
2006-03-03,88.6432113647461,89.5450733406382,88.56748281729631,88.58125450902979,73402500
2006-03-06,88.2370834350586,88.93240192489084,88.01678351951846,88.90486903126708,57478400
2006-03-07,88.0993881225586,88.16134500484198,87.70697877767273,88.02365954263644,61780800
2006-03-08,88.28524780273438,88.42293323145415,87.55550032390478,87.91348558999364,66692400
2006-03-09,87.69320678710938,88.5881727931833,87.69320678710938,88.31280186969205,56313600
2006-03-10,88.5262222290039,88.6983316946508,87.73452288891941,87.92039880077789,60490800
2006-03-13,88.69145202636719,88.9186377839672,88.48491856448278,88.69833262336297,45479100
2006-03-14,89.62081909179688,89.65524307941213,88.53997731281584,88.60882528804635,69877300
2006-03-15,90.0201416015625,90.08898959772104,89.39367105732894,89.60019403634585,53398900
2006-03-16,90.20597839355469,90.50889262000948,90.07517356806518,90.19220670015468,65526400
2006-03-17,90.28131866455078,90.474846914163,90.11544333431094,90.32278749711074,47286800
2006-03-20,90.13618469238281,90.47485388203734,89.99795172437081,90.29515207827166,45538500
2006-03-21,89.56941223144531,90.53706406183447,89.4726481030563,90.10852816768397,87102700
2006-03-22,90.1154556274414,90.20530126141144,89.47265699557859,89.51412583379553,51605700
2006-03-23,89.92882537841797,90.12235363305972,89.6177985796365,90.03249746251215,46704200
2006-03-24,89.99796295166016,90.24678654372242,89.67310963573163,89.84590350392763,43209200
2006-03-27,89.86663055419922,90.04633236564497,89.67310228141152,89.87353851162025,32523000
2006-03-28,89.31369018554688,90.21912831421731,89.19619162766217,89.80441883633003,82079900
2006-03-29,89.8735122680664,90.19836546249398,89.3620388127663,89.44498701009675,61505700
2006-03-30,89.7145767211914,90.53015870079743,89.54178285637651,89.92883942612178,70571700
2006-03-31,89.73529815673828,90.0186825851897,89.41735285102467,89.86662316243523,62925600
2006-04-03,89.6661376953125,90.45407684285915,89.50026243045707,89.90114523134845,61624700
2006-04-04,90.2398452758789,90.35734381103264,89.41043702705979,89.66616851260035,54809300
2006-04-05,90.55086517333984,90.73748544276181,90.1154319400183,90.27439929356434,50607200
2006-04-06,90.45413208007812,90.68913975962516,89.98413781398585,90.44031616389958,57906200
2006-04-07,89.53485107421875,90.82043765965214,89.40353661549351,90.58544056951352,80180900
2006-04-10,89.67310333251953,89.90810044558772,89.34133153542327,89.67310333251953,41496500
2006-04-11,88.91281127929688,89.89427917273144,88.64325327015993,89.74913823131187,72799400
2006-04-12,89.07868957519531,89.25148342645291,88.89206926281719,89.00265985878198,43033700
2006-04-13,88.96118927001953,89.33441934092609,88.68471278555216,88.87824105142957,51051800
2006-04-17,88.9266128540039,89.37587256133247,88.48426110264276,89.04411138443602,64167700
2006-04-18,90.33661651611328,90.50250239755142,89.11323318844185,89.11323318844185,92531800
2006-04-19,90.50943756103516,90.59238579993753,90.01870881899738,90.37120455820066,87269000
2006-04-20,90.63384246826172,91.13839760673982,90.26752031404467,90.54398628256675,86005500
2006-04-21,90.64764404296875,91.08999585052094,90.28132194670673,91.02088464257469,72342600
2006-04-24,90.48178100585938,90.59237160940472,90.1154588598033,90.4679545437911,52546400
2006-04-25,90.1085205078125,90.6269019829373,89.79749373203725,90.57160669334421,84359800
2006-04-26,90.1292724609375,90.64074607932524,90.0601612453717,90.19839422300348,67262400
2006-04-27,90.56468200683594,90.97939132892469,89.56938807101984,89.78365068705044,124478600
2006-04-28,90.86884307861328,91.06237137329565,90.34355349968988,90.3988382583125,55854400
2006-05-01,90.1292724609375,91.09692439736024,90.07398770708492,90.86883523834274,64990300
2006-05-02,90.80661010742188,90.8619053944554,90.36425835765118,90.55086808657956,49063500
2006-05-03,90.46795654296875,90.76516747825214,90.1638376497488,90.6476583678257,60821300
2006-05-04,90.79280853271484,90.97251035495168,90.52325052610932,90.59928024830577,42921400
2006-05-05,91.59454345703125,91.78807167565019,91.1314573234433,91.26969025867155,62588200
2006-05-08,91.48394775390625,91.76733211043661,91.48394775390625,91.58761981288256,30016700
2006-05-09,91.6636734008789,91.76735603338071,91.44941072547391,91.5254404373756,29864000
2006-05-10,91.61528015136719,91.75351309003769,91.15910196190711,91.51851603964813,64378200
2006-05-11,90.50943756103516,91.61532267671531,90.2122371322661,91.58766974824717,80626900
2006-05-12,89.32748413085938,90.35042044505256,89.29292326253268,90.10159695819517,91726500
2006-05-15,89.50720977783203,89.67309566219086,88.892064124771,89.01647062816578,84029300
2006-05-16,89.37586975097656,89.85278236017399,89.16851506699977,89.68689650369309,62137600
2006-05-17,87.6755599975586,89.23070923901633,87.62026472422062,88.93349846313653,144789500
2006-05-18,87.23326110839844,88.29767203420357,87.1641446115541,88.0212007735755,87906300
2006-05-19,87.84837341308594,88.11793133931744,86.94984875006381,87.68940605825642,124309400
2006-05-22,87.1779556274414,87.89677871188324,86.74251700221467,87.28163299723352,110852800
2006-05-23,86.5144271850586,88.21471810766182,86.5144271850586,87.9036912739021,92006500
2006-05-24,87.20560455322266,87.70325171690415,86.23104991872154,86.86693006198115,168405000
2006-05-25,88.28384399414062,88.28384399414062,87.38531378512953,87.72398828466436,78977900
2006-05-26,88.73310089111328,88.73310089111328,88.13177639701875,88.47735882246126,62989700
2006-05-30,87.15719604492188,88.47043004556038,87.12264044713447,88.44969563223822,72419900
2006-05-31,88.13177490234375,88.13177490234375,87.22633156131599,87.51662923096404,86926200
2006-06-01,88.97500610351562,89.1201575776729,87.96589065440907,88.04192037011056,73721700
2006-06-02,89.16165161132812,89.45885205437797,88.6916572698067,89.33444550979968,91702600
2006-06-05,87.86222839355469,89.06487224509382,87.62031275839273,89.05796428707521,86105100
2006-06-06,87.6479721069336,88.04194196983678,86.92224092434934,87.92444338883521,130498600
2006-06-07,86.99134063720703,88.228545298167,86.94295856770582,87.71707695297548,108599400
2006-06-08,86.91527557373047,87.43365693898136,85.6158681832042,86.79777706318644,204957200
2006-06-09,86.63884735107422,87.75164032126466,86.59737850876294,87.33693607840034,94972200
2006-06-12,85.69883728027344,87.0397192579639,85.58133872660464,87.00515837829666,95815900
2006-06-13,84.70355987548828,86.28634713453465,84.70355987548828,85.52605513701988,185688800
2006-06-14,85.36016845703125,85.45001936756331,84.55840240028283,84.90399012682953,163566400
2006-06-15,87.17105102539062,87.33693165949333,85.60899300727678,85.67119626759644,134057000
2006-06-16,86.5357894897461,87.16753617373764,86.4038840659932,86.98009636321761,94253500
2006-06-19,85.85546112060547,87.1120215826921,85.77215687324646,87.05648188674814,95804400
2006-06-20,86.14703369140625,86.64688034503071,85.89017187525134,86.09149929388101,65494700
2006-06-21,86.78573608398438,87.26475141580806,86.05679211006196,86.08456195918404,75008200
2006-06-22,86.4039535522461,86.82049091903646,86.11237792514883,86.7441251171929,74566100
2006-06-23,86.3900146484375,86.9870530916095,86.10537770147008,86.31364889664412,54107000
2006-06-26,86.77183532714844,86.8204312315892,86.25810643783814,86.45943384096593,37899600
2006-06-27,86.02210235595703,86.98013852314311,85.92490521475197,86.78575483384957,69780200
2006-06-28,86.60523223876953,86.6191145146554,85.84157994767895,86.21646495528131,62368100
2006-06-29,88.3547134399414,88.4102531511377,86.89683044866852,86.91765651622754,110634800
2006-06-30,88.36163330078125,88.62544420924777,88.13947981271083,88.54213466501251,54227800
2006-07-03,88.72264099121094,88.86842343280112,88.38246430564303,88.46577385453752,23914000
2006-07-05,88.2158432006836,88.47964880550548,87.83401442056012,88.36857471273298,69653400
2006-07-06,88.47276306152344,88.75739489739635,88.22283958309066,88.30614387819494,50100300
2006-07-07,87.8965072631836,88.5560239937628,87.6743537574199,88.29916214755447,81626500
2006-07-10,88.06312561035156,88.46578051548997,87.7576678345204,88.12560910086638,60964100
2006-07-11,88.45191192626953,88.45191192626953,87.43139222791079,87.89652539898798,73640800
2006-07-12,87.50775146484375,88.44496152506723,87.27865414222791,88.2714039103385,82561300
2006-07-13,86.08458709716797,87.25089461808872,86.08458709716797,87.09121926314847,102405700
2006-07-14,85.7513427734375,86.26507711947953,85.27232736504426,86.17482377126669,103242500
2006-07-17,85.62635040283203,86.1539668383433,85.49445026637129,85.7513120508069,81159000
2006-07-18,86.0637435913086,86.11928329451847,84.96685828742284,85.88324220415531,122771000
2006-07-19,87.2578125,87.65352357908296,85.89017789261729,86.2095232111266,133565300
2006-07-20,86.66075134277344,87.6812705159874,86.54273348783792,87.55630887648047,112259800
2006-07-21,86.04986572265625,86.91071532983034,85.95961766717949,86.88294547509328,101560000
2006-07-24,87.61882781982422,87.69519359597811,86.39004220667557,86.39004220667557,92884000
2006-07-25,87.93124389648438,88.3755510242096,87.2786654853935,87.45916691120648,95480700
2006-07-26,88.04923248291016,88.4796518901749,87.5979817170023,87.88261339310735,84525800
2006-07-27,87.96592712402344,88.64627519836797,87.6118681620402,88.43106018793722,87257100
2006-07-28,88.84762573242188,88.9586998632271,88.07008563055085,88.19504733805586,82137000
2006-07-31,88.75736236572266,88.83372813928503,88.47966912518294,88.62546218129876,49593100
2006-08-01,88.31999969482422,88.43107381386965,87.88957490419779,88.40330395996878,65225600
2006-08-02,88.91700744628906,89.1808183184909,88.54906627880355,88.56989233786028,64770900
2006-08-03,89.15306091308594,89.24331424902769,88.271390692769,88.4032908585529,63693800
2006-08-04,89.00032806396484,89.85422842179752,88.50048666493355,89.61125415704286,96294200
2006-08-07,88.79207611083984,88.91703780440095,88.44496088389876,88.79207611083984,45377300
2006-08-08,88.45191192626953,89.18085608125676,88.13256123031964,88.92398358893286,90901300
2006-08-09,88.15338897705078,89.2780442651902,87.89652179182683,88.98645814066809,78910600
2006-08-10,88.42411041259766,88.51435843993292,87.66739667250961,87.87566786981442,69322300
2006-08-11,88.1741943359375,88.30609449494365,87.74376963121777,88.2852684328141,47482200
2006-08-14,88.24361419677734,88.97255813320912,88.11170874437084,88.60461162368345,57839000
2006-08-15,89.29888916015625,89.46549773144953,88.79209847071529,89.03507813145026,68143000
2006-08-16,90.04167175292969,90.17357721063131,89.58347719242326,89.77787143064062,71737600
2006-08-17,90.27076721191406,90.50680297718945,89.895887501954,89.95836568809501,70992800
2006-08-18,90.72898864746094,90.72898864746094,89.96533083574154,90.38187338633705,58288400
2006-08-21,90.3402099609375,90.44434028901566,90.11111264604982,90.3749130082197,42133600
2006-08-22,90.33325958251953,90.61095810860814,90.02779650037988,90.24301683051691,60839900
2006-08-23,90.08333587646484,90.55541807253285,89.68763004376832,90.37491138295584,66592100
2006-08-24,90.00695037841797,90.31936247479095,89.83339281070555,90.24299672127295,57983000
2006-08-25,90.11801147460938,90.4234744266875,89.93751545434097,89.99999362369029,41756000
2006-08-28,90.54847717285156,90.81923723168946,90.00003975007323,90.00697824140886,52681500
2006-08-29,90.652587890625,90.82614545422481,90.11802762866596,90.59010971007619,61817800
2006-08-30,90.70814514160156,90.97194548602339,90.6317793751101,90.85392759110294,50052200
2006-08-31,90.69424438476562,90.93722922276862,90.65259226239105,90.84003740619012,37510300
2006-09-01,91.23574829101562,91.34682768566822,90.83309343023556,91.04136464693065,48794500
2006-09-05,91.4093246459961,91.53429163892397,91.08303547788854,91.29824522853048,52348300
2006-09-06,90.60399627685547,91.05525234583976,90.47903990253357,91.02053871082342,53795600
2006-09-07,90.18746948242188,90.64566406680196,89.79870217195928,90.29159980018338,86269400
2006-09-08,90.4443130493164,90.56927999848885,90.13191156605417,90.30546912265682,45096300
2006-09-11,90.53456115722656,90.72894476198346,89.8889215754103,90.15273243605694,68496600
2006-09-12,91.42321014404297,91.52734047485313,90.50682086044931,90.63872634155288,69875600
2006-09-13,91.79113006591797,91.95080006702396,91.30517098008654,91.38847522533948,62898400
2006-09-14,91.79806518554688,91.80501426780525,91.46483762365384,91.6106306406082,57805400
2006-09-15,92.01353454589844,92.31336134124918,91.81828537906091,92.25757738496728,76703100
2006-09-18,92.1390609741211,92.31338188641054,91.79738815574031,91.89500744103422,64154100
2006-09-19,91.90892028808594,92.13205607594718,91.39293739813178,92.12507643276402,92089100
2006-09-20,92.3970718383789,92.57837243447767,92.0832962585932,92.21578188198649,75204100
2006-09-21,91.95079040527344,92.56440341453458,91.6370148945209,92.46678413030705,88932500
2006-09-22,91.671875,91.81829859657907,91.34415085948056,91.81132959092878,65966800
2006-09-25,92.37612915039062,92.63413131962749,91.37901870079675,91.8531664458531,92299100
2006-09-26,93.14315032958984,93.1570989815701,92.32035009801925,92.3900827182165,73962700
2006-09-27,93.25468444824219,93.41505664889382,92.92696040362789,93.08036360066863,82432200
2006-09-28,93.21984100341797,93.42902819972804,92.9339521897843,93.25470730942011,58597500
2006-09-29,93.14315032958984,93.39417286671429,93.0734177093926,93.29655358226056,47966600
2006-10-02,92.79447174072266,93.31743426588022,92.70382149832474,93.11521613125407,51687400
2006-10-03,92.98974609375,93.34535691770647,92.4946700308736,92.66202193375518,73108100
2006-10-04,94.07749938964844,94.13328335284412,92.79450015525693,92.89908843643441,80890500
2006-10-05,94.2588119506836,94.41919487331693,93.95898504609242,94.07752200649165,60505900
2006-10-06,94.14024353027344,94.2030071327973,93.71490016053347,94.09840822172558,64983600
2006-10-09,94.1960678100586,94.3425020923612,93.882292221932,94.02872650423461,41176800
2006-10-10,94.32154846191406,94.44705439342343,94.02171100380409,94.2030115355877,56403700
2006-10-11,94.20997619628906,94.43310138858385,93.64517825113738,94.02170666800448,104071800
2006-10-12,95.02581024169922,95.1025118649702,94.41219725553142,94.44706356423707,59158600
2006-10-13,95.26985168457031,95.3256356434863,94.85844631752768,94.94212757575279,53944000
2006-10-16,95.41626739501953,95.56270160505576,95.12340961464842,95.19314221746595,42273000
2006-10-17,95.1164321899414,95.31863969668933,94.60043863799434,95.15826749204784,90500600
2006-10-18,95.2419662475586,95.78584661510146,94.90030408623507,95.55574174580201,86848600
2006-10-19,95.39537811279297,95.44419307722313,94.99095230351776,95.10252024532565,64063200
2006-10-20,95.41626739501953,95.49296900223825,95.06065665593349,95.41626739501953,48094500
2006-10-23,95.85555267333984,96.0856574788834,95.10248530238842,95.22102220711679,66219900
2006-10-24,96.14143371582031,96.17628937229053,95.68122414165605,95.72305944118011,53234900
2006-10-25,96.46920776367188,96.51104308488583,95.88348134756059,96.04386426515448,78105400
2006-10-26,96.76902770996094,96.92243096986658,96.21119864118627,96.68535707354133,66843700
2006-10-27,96.16238403320312,96.74809970491488,95.96714547596588,96.65048042629626,80238000
2006-10-30,96.09259796142578,96.36453798913499,95.80670929032965,95.98800973526743,49717800
2006-10-31,96.07868957519531,96.40641367407181,95.70216116356161,96.2739387453298,71274100
2006-11-01,95.43024444580078,96.44130364936146,95.3326251566233,96.37855067196976,83005600
2006-11-02,95.37444305419922,95.5348152914755,95.0815852401589,95.18617351670808,60693100
2006-11-03,95.20710754394531,95.79980291885157,94.56560784482451,95.71613228322411,71346400
2006-11-06,96.28092193603516,96.42037652979097,95.49298805374475,95.49996769923982,63303300
2006-11-07,96.65046691894531,96.90845841073117,96.2251235559,96.36457812876527,63318900
2006-11-08,96.85969543457031,96.95731474120684,95.43026151333744,96.22516462157962,87517800
2006-11-09,96.3506088256836,97.02000552752652,96.15537033758349,96.92935528673017,95916300
2006-11-10,96.39248657226562,96.46220854690871,96.02989612913092,96.3227539579194,48991500
2006-11-13,96.62959289550781,96.95033749395138,96.27398197817949,96.35067298413654,59398200
2006-11-14,97.35472869873047,97.43840996218006,96.30880334308549,96.90149863383215,96704000
2006-11-15,97.6336441040039,97.93347091869863,97.29197133962165,97.31986863941333,76509600
2006-11-16,97.88468170166016,98.09385828384964,97.26409968185517,97.92651701809805,76728800
2006-11-17,97.91260528564453,97.91957429444393,97.4314776857833,97.57093233972805,56353800
2006-11-20,97.96835327148438,98.13570517854055,97.57787612805745,97.82889866878965,69174200
2006-11-21,98.06599426269531,98.0869119257441,97.821940674184,97.96140594745134,51367900
2006-11-22,98.26123046875,98.42858240874426,97.96837255353977,98.14269350114392,45505300
2006-11-24,97.86378479003906,98.20544703984851,97.75918583706583,97.78708314707457,30998000
2006-11-27,96.51801300048828,97.86377613720313,96.49012633265154,97.8149611688571,84545100
2006-11-28,96.93641662597656,97.03403595229845,96.30188568503002,96.39253600222483,106652900
2006-11-29,97.94744110107422,97.98927642025626,96.97821719443947,97.25015740882749,90034900
2006-11-30,97.98927307128906,98.3518635579825,97.4523616674917,97.9265200946607,83994300
2006-12-01,97.77312469482422,98.07993123593904,96.90152003925041,97.98928094705369,126080000
2006-12-04,98.51920318603516,98.70050374621061,97.78008421219309,97.79403286444602,87813200
2006-12-05,98.94454193115234,98.98638788591872,98.49828083764464,98.70746805266157,73374400
2006-12-06,98.86084747314453,99.0630656334794,98.66560895677365,98.92360043061349,53253200
2006-12-07,98.42853546142578,99.2234381777689,98.39366916059383,99.03516866503729,62857400
2006-12-08,98.60980987548828,98.94450290367747,98.16354895800286,98.40760238587595,79625500
2006-12-11,98.89574432373047,99.07703424787677,98.55407149468475,98.60985546512309,39779400
2006-12-12,98.81900787353516,98.92359613143807,98.24026135383741,98.79809022195458,77451600
2006-12-13,98.9236068725586,99.25133096917291,98.70745068962188,99.17462935848229,55520200
2006-12-14,99.7951889038086,99.87887014018085,98.90266707363396,98.91661571964592,64755200
2006-12-15,99.80435943603516,100.19000439655804,99.73424897893135,100.01471220531911,70857400
2006-12-18,99.53089904785156,100.18299152998927,99.39066744169922,99.94458603064597,48954600
2006-12-19,99.72022247314453,99.95861728515057,98.99801950213514,99.25044068513749,65023600
2006-12-20,99.6640853881836,100.02869598643397,99.57293006387557,99.76224854552234,41469600
2006-12-21,99.29949951171875,99.86744439907393,99.08915747861266,99.7552655477455,48698400
2006-12-22,98.68949890136719,99.32054647975674,98.63340411900143,99.3135386440807,62069100
2006-12-26,99.271484375,99.29251858401062,98.71054717041304,98.73158137942367,32696900
2006-12-27,99.92351531982422,99.9866286136736,99.4467258932936,99.47476792468524,39727100
2006-12-28,99.71321868896484,100.0567845499383,99.55896069869593,99.85345030766749,37288800
2006-12-29,99.29949951171875,99.94457337754096,99.1662757580953,99.60801542558684,45461200
2007-01-03,99.12419128417969,100.16893624152684,98.56326502150627,99.74122301189963,94807600
2007-01-04,99.33454132080078,99.60098877771983,98.59130441358693,99.02602546520656,69620600
2007-01-05,98.54222106933594,99.14522643658744,98.43004223511312,99.09615020267421,76645300
2007-01-08,98.99801635742188,99.15227433652248,98.3389160283531,98.73858734665538,71655000
2007-01-09,98.91388702392578,99.28550562927329,98.44409451627307,99.08216068733643,75680100
2007-01-10,99.24334716796875,99.26439205805613,98.37390540484677,98.57023165451807,72428000
2007-01-11,99.67816925048828,100.00070093965478,99.21539522795767,99.27149002150574,54476800
2007-01-12,100.43540954589844,100.43540954589844,99.64308548249595,99.67112752325129,55370600
2007-01-16,100.23908996582031,100.57564797265013,100.07781344883037,100.31621895686321,44871300
2007-01-17,100.2811279296875,100.58964380018054,100.07778306096124,100.16193056135754,50241400
2007-01-18,99.944580078125,100.4494223893945,99.7833142756038,100.3863197752321,68177300
2007-01-19,100.14093017578125,100.33725657802837,99.88850898732258,99.94459307454763,56973000
2007-01-22,99.83235168457031,100.33719374534785,99.5168173723495,100.31615955106376,60253600
2007-01-23,100.1269302368164,100.32325669089143,99.60806135162427,99.74829300467938,54064400
2007-01-24,100.93319702148438,100.9542312192292,100.20398653537366,100.2460549308633,55834700
2007-01-25,99.74823760986328,100.91218001190921,99.57294546614492,100.87011160925415,73583800
2007-01-26,99.65711975097656,100.02171980462053,99.27147479136636,99.96563571866473,67255600
2007-01-29,99.60102081298828,100.1268973635331,99.38366021726748,99.69918400779721,66114600
2007-01-30,100.11986541748047,100.1689523578025,99.60801530589674,99.81136020296746,70407600
2007-01-31,100.79296875,101.05941619541335,99.84638702475506,100.00766347802204,91868600
2007-02-01,101.39598846435547,101.43104903304241,100.90517259968858,101.07344621101242,69312400
2007-02-02,101.53620147705078,101.63436463203776,101.23470417922702,101.48010671720372,49607000
2007-02-05,101.56424713134766,101.62734971966171,101.2066443996065,101.45906545184349,45705300
2007-02-06,101.59235382080078,101.69051703142797,101.199700978292,101.6484486124431,57081300
2007-02-07,101.81666564941406,101.92183662731985,101.36791831204863,101.75355236369013,55669700
2007-02-08,101.6834487915039,101.75355921516842,101.15757246860471,101.51516451654294,70641000
2007-02-09,100.92621612548828,101.90084011072173,100.54057123226978,101.71152158150821,79084400
2007-02-12,100.58263397216797,100.99632088022962,100.40033398700109,100.92621043931182,65657000
2007-02-13,101.43106842041016,101.59934206389754,100.80001016037606,100.80702869484502,64081800
2007-02-14,102.09716796875,102.3005021705219,101.51519670301032,101.52922307178291,66039400
2007-02-15,102.23042297363281,102.33559402411363,101.97098321746704,102.1392675972242,38715200
2007-02-16,102.18131256103516,102.20234676630278,101.83072820792752,101.97797834378629,39841800
2007-02-20,102.39861297607422,102.51080247089973,101.6694026576666,102.06205519057679,56911800
2007-02-21,102.3565902709961,102.41970357686424,101.91486132382241,102.09716131003823,63971600
2007-02-22,102.2794418334961,102.665086633822,101.7886260417094,102.40565772223086,79067400
2007-02-23,101.87982940673828,102.22339527350093,101.69051083385696,102.1883453924747,71966200
2007-02-26,101.7886734008789,102.33558420889955,101.49418378878985,102.25144737658462,69192800
2007-02-27,97.81304931640625,101.10854059443759,97.46246491025425,100.88417213797355,274466500
2007-02-28,98.81570434570312,99.55193365469972,98.02339095320835,98.43707793766859,177536300
2007-03-01,98.52120971679688,99.04007840396383,96.79634071443213,97.70084362557678,212828600
2007-03-02,97.23108673095703,98.62641664554448,97.22407889383415,98.19870320331331,162574000
2007-03-05,96.30553436279297,97.86913771644362,96.29150799174616,96.71220283227369,143750400
2007-03-06,97.9532699584961,98.24775954277301,96.5649588614804,97.30819600736774,143333300
2007-03-07,97.8550796508789,98.48613775575474,97.74289011681438,97.87611385114315,115144900
2007-03-08,98.68247985839844,98.97696940813434,98.21269814579702,98.5422375689184,117891600
2007-03-09,98.71051025390625,99.15925770995237,98.21969439557193,99.0821287394296,107765100
2007-03-12,98.8577651977539,99.10316778943634,98.27579397333199,98.45809395849469,80366900
2007-03-13,96.93658447265625,98.7035328055956,96.78933432033357,98.28983509144452,190605200
2007-03-14,97.65878295898438,97.71487774304357,95.88482687168309,97.06278523996814,231853800
2007-03-15,97.7920150756836,98.1566258536777,97.32223325547339,97.4414306696473,132435900
2007-03-16,97.51810455322266,98.29245315032848,97.22948273599096,98.06718419792865,121531600
2007-03-19,98.69373321533203,98.78525010192458,97.95458397623663,98.03201886302602,96161200
2007-03-20,99.23580169677734,99.292118968347,98.52481628337517,98.60928682001904,82147400
2007-03-21,100.868896484375,101.12231867714007,99.13015149181535,99.32725644825324,152368700
2007-03-22,100.79154968261719,101.14352466110057,100.51700962905711,101.002736817992,118942200
2007-03-23,100.93933868408203,101.23499624459754,100.77038690317926,100.86190379384564,74416800
2007-03-26,100.80560302734375,101.12237826962546,100.02421836762444,101.01679010267183,113787500
2007-03-27,100.56623840332031,100.77742542765114,100.23538123819962,100.74926142898396,99864600
2007-03-28,99.83414459228516,100.2917075685539,99.43992376520316,100.0594028949128,152907900
2007-03-29,99.93975830078125,100.39028576266864,99.39067829227544,100.34100411864844,139432700
2007-03-30,99.96084594726562,100.55216104957655,98.94715677677902,100.12979772281965,128194100
2007-04-02,100.07350158691406,100.28468866557736,99.59481015918253,100.07350158691406,79416400
2007-04-03,101.1505355834961,101.35467627324181,100.60145566881988,100.64369093280726,82417800
2007-04-04,101.26311492919922,101.3335034170115,100.77738817521306,101.15048045900242,63995200
2007-04-05,101.53770446777344,101.67849225376693,101.09421273754538,101.13644799920147,46822800
2007-04-09,101.67848205566406,101.93190434160255,101.47433065624277,101.82630545663407,50967400
2007-04-10,101.79817962646484,101.96713144308426,101.55883927565336,101.60107454445287,56620000
2007-04-11,101.38284301757812,101.97415821222702,101.0449394137041,101.94600494928108,106365700
2007-04-12,101.8333740234375,102.01639709262327,100.90415519198483,101.1857415385254,115534400
2007-04-13,102.29795837402344,102.29795837402344,101.62216204933111,102.00229009724555,84287000
2007-04-16,103.26947021484375,103.3821048008165,102.65000147484425,102.65703710843304,83064600
2007-04-17,103.5439682006836,103.7621909088791,103.23422858592059,103.45949766626495,108424100
2007-04-18,103.67070770263672,103.97340101228531,103.17794490703243,103.19906254531381,88345300
2007-04-19,103.64249420166016,103.76216434192025,103.03006150108845,103.1638136406198,102947700
2007-04-20,104.62097930908203,104.62097930908203,103.50873772446387,104.33940378396609,124114100
2007-04-23,104.22677612304688,104.69842106637384,104.16342323694738,104.44499878055743,77270800
2007-04-24,104.2690200805664,104.4661251258234,103.70586894635746,104.34645497273303,114471000
2007-04-25,105.22640228271484,105.3531188192319,104.19864169552964,104.69843998697138,108418800
2007-04-26,105.34608459472656,105.45168351090393,104.95892079300779,105.23346078879433,88741600
2007-04-27,105.26160430908203,105.4094384814742,104.77587726733434,104.95186470324752,108191100
2007-04-30,104.388671875,105.40940729443227,104.33236536461712,105.33900804432747,100874100
2007-05-01,104.65618133544922,105.21934314001543,103.95223176509596,104.48019394286091,134342700
2007-05-02,105.26863098144531,105.55725292972272,104.71251545750911,104.81810361350341,87129800
2007-05-03,105.8388442993164,105.87403319204743,105.40238817039703,105.57133996947101,86569700
2007-05-04,106.24008178710938,106.38086957134084,105.74731917158955,106.12041163344166,96409000
2007-05-07,106.2612075805664,106.43719500972979,106.16265504989173,106.21193668593918,63461400
2007-05-08,106.12041473388672,106.24008489105074,105.68396936759204,106.00074457672268,80584000
2007-05-09,106.4090347290039,107.57759375951646,105.85290847433198,106.04297789288994,102070100
2007-05-10,105.2967300415039,106.31041867952865,105.07850749275946,106.10626738195842,153617800
2007-05-11,106.19784545898438,106.2471163493316,105.39534328136662,105.4164609117182,113408900
2007-05-14,105.96550750732422,106.50755157944145,105.444581058927,106.19781210966018,108027500
2007-05-15,105.99369812011719,106.76100061842708,105.72619383059245,106.08520426541357,180673300
2007-05-16,106.71875,106.73986762598415,105.85993073858778,106.1555882437829,114166500
2007-05-17,106.50757598876953,106.97218529992027,106.37382384694568,106.5638932454016,101132800
2007-05-18,107.43681335449219,107.43681335449219,106.86661574405844,107.00740355356704,99182000
2007-05-21,107.38048553466797,107.86621255996897,107.35233227210021,107.40864953865601,174664600
2007-05-22,107.2960433959961,107.81697019340885,107.267890125979,107.49314851038511,82148800
2007-05-23,107.3100814819336,108.05626635835452,107.25376422352578,107.66909192018743,133786600
2007-05-24,106.33865356445312,107.85215205788678,106.11339521718018,107.3734606151221,187593000
2007-05-25,106.7821273803711,107.01443206091884,106.42310617342478,106.6483752241691,83309200
2007-05-29,107.16927337646484,107.35229637550653,106.61314726857215,106.95808638285264,82020000
2007-05-30,108.04222106933594,108.08445634213795,106.53576880467018,106.62025009169662,129013600
2007-05-31,107.92958068847656,108.33082645992694,107.7887821455192,108.17595665581045,114866700
2007-06-01,108.46459197998047,108.6898503418782,108.06333541772537,108.32380416111663,107771700
2007-06-04,108.47863006591797,108.68277070940937,108.04217404029384,108.08440929471153,78008800
2007-06-05,108.04924774169922,108.33785896703111,107.60575597529545,108.2252351739013,126917900
2007-06-06,106.88770294189453,107.66908741480084,106.82435005686874,107.60573452977505,164096800
2007-06-07,104.95893096923828,107.35235625474215,104.93076695895836,106.69064165165905,232414600
2007-06-08,106.32460021972656,106.4301991615481,104.95189990744065,105.29683926444552,175886000
2007-06-11,106.50757598876953,106.96513892945475,106.08520193473825,106.24710733416894,102015600
2007-06-12,105.34608459472656,106.67654930375694,105.27569605869662,106.06411640733043,233898000
2007-06-13,106.92294311523438,107.0496596747557,105.39537321787012,105.94445324581037,193208200
2007-06-14,107.6057357788086,107.78875880703586,107.02145632459046,107.04257395317752,146396500
2007-06-15,108.218017578125,108.63513543929842,108.119029487965,108.26750083548814,154030800
2007-06-18,108.09070587158203,108.44419761827275,107.92810268866366,108.43713166691526,88537500
2007-06-19,108.359375,108.43714362435604,107.71601736102849,107.85034596561741,110851700
2007-06-20,106.8534927368164,108.57853431550834,106.72624087660772,108.57853431550834,177119700
2007-06-21,107.44734954833984,107.53926085561207,106.22427111117983,106.81106871200997,205262000
2007-06-22,106.43641662597656,107.29893775237147,105.94153010781154,107.12219179676131,204964700
2007-06-25,105.92742919921875,106.93134532860373,105.35477380316378,106.21729526982378,232014400
2007-06-26,104.83859252929688,106.37275642324468,104.83152657692555,106.19601052453962,198445700
2007-06-27,106.33036041259766,106.45055715315351,104.67602089085992,104.72551493552606,213638000
2007-06-28,106.31619262695312,107.04438484047638,105.81422954604514,106.31619262695312,157705000
2007-06-29,106.35155487060547,107.2140758643109,105.44661658011378,106.68383807905175,199701800
2007-07-02,107.31307220458984,107.40498355575454,106.5919564557689,106.66264836705788,103357000
2007-07-03,107.7018814086914,107.81500137623583,107.45444361586607,107.58876144114697,54048400
2007-07-05,107.58877563476562,107.8574328961977,107.19994322507007,107.74431291372996,89279000
2007-07-06,108.15437316894531,108.2887018101061,107.41203805938888,107.73018938328173,81109000
2007-07-09,108.23921966552734,108.42303156242706,107.89985968825923,108.28163696575679,72348100
2007-07-10,106.69798278808594,107.89278701279267,106.59193954411842,107.6665470420412,180362600
2007-07-11,107.4544677734375,107.49688507387432,106.41520076187034,106.57780400945023,175607600
2007-07-12,109.15120697021484,109.40572151963664,107.70188830788838,107.72309695469731,133882500
2007-07-13,109.4764404296875,109.90770095825721,109.1512231508824,109.2784858383161,111794300
2007-07-16,109.46224975585938,109.95713601737629,109.28550389190967,109.57536969783793,98378700
2007-07-17,109.40572357177734,109.92181863333286,109.35622953648509,109.53297545501785,126201300
2007-07-18,109.20777130126953,109.44107721316196,108.38060167967728,109.03809133233459,237887400
2007-07-19,109.63200378417969,109.9572103525806,109.40576374727581,109.72390435991801,145212700
2007-07-20,108.52202606201172,109.57543593146899,108.04834815483397,109.50473322806779,245502500
2007-07-23,108.85424041748047,109.38447799405934,108.38056281026202,109.00270089780433,121183900
2007-07-24,106.96662139892578,109.07342951742292,106.5848442118025,108.25332594806758,256732400
2007-07-25,107.18579864501953,107.7372450652062,106.22430038638623,107.47566454960139,265214500
2007-07-26,104.64774322509766,106.61315729093192,103.49535619963697,106.18189674913569,467592500
2007-07-27,102.59040069580078,105.2486554091068,102.5479834016721,104.78205438597662,422987600
2007-07-30,104.19526672363281,104.49926455276751,102.71766251304345,103.17013167370337,283017500
2007-07-31,103.02169036865234,105.66581392524112,102.54093572758268,104.86691870031002,316976700
2007-08-01,103.52359771728516,103.93364947742107,101.77028150557982,102.6398682655387,467670000
2007-08-02,104.3508071899414,104.46391639276756,102.69645699448073,103.75693263345283,294758400
2007-08-03,101.66423797607422,104.33663496697963,101.24004352544577,104.1245377416654,359398200
2007-08-06,103.36808776855469,103.8064141945628,100.76638223745465,101.9541204199197,324980000
2007-08-07,104.47103118896484,105.34061850911608,102.67528574506879,103.17724914362178,232568700
2007-08-08,105.92742919921875,106.46473323266217,104.1670349032872,104.92351306983379,274930600
2007-08-09,102.78834533691406,105.30520523090591,102.71764266171552,104.23058713662712,357622100
2007-08-10,102.3075942993164,103.57309010762134,101.18348225580058,102.08135438514299,411018400
2007-08-13,102.67523956298828,103.84883509212591,102.52677902735088,103.57311188108419,181917200
2007-08-14,101.10577392578125,103.26207719736293,100.9007533205512,103.00756253600052,264134500
2007-08-15,99.71296691894531,102.13086043862373,99.41603508741085,100.90070503279735,323834000
2007-08-16,100.46235656738281,101.05622010002044,96.8567365134753,98.82921567106166,546743700
2007-08-17,102.3075942993164,103.08526973193364,99.96040373447497,102.86610655739867,388218100
2007-08-20,102.25816345214844,102.8449614559076,101.3037307545735,102.63286410225544,187320400
2007-08-21,102.46318054199219,103.19844990436587,101.90466795802298,102.22988532748042,157066400
2007-08-22,103.67914581298828,103.78519983092337,102.74593302390167,103.22667671785541,173156700
2007-08-23,103.58728790283203,104.3861724039085,102.94392994084163,104.1670091127888,203915300
2007-08-24,104.86688995361328,104.86688995361328,103.41757126029786,103.55896583795223,128901900
2007-08-27,103.8912353515625,104.86687614805109,103.73569810030452,104.52752704881246,113024300
2007-08-28,101.60771179199219,103.39637992876825,101.42389988903014,103.33275397632562,219790700
2007-08-29,103.60140991210938,103.74281531402998,101.77740104977019,102.06725623318529,207654200
2007-08-30,103.3256607055664,104.06092977522918,102.73179700233369,102.83077428620581,191817300
2007-08-31,104.34371185302734,104.98706954840229,103.80640817527929,104.38612914499244,185477500
2007-09-04,105.39713287353516,106.0334138980057,104.20939463008408,104.24474597315806,120062000
2007-09-05,104.48516845703125,104.8881545453886,103.92665580170078,104.77503450784403,166261800
2007-09-06,104.72551727294922,105.06486648781694,104.01145670676287,104.59825457505067,127878400
2007-09-07,103.2691421508789,103.84886333196637,102.69647613740585,103.5589973475636,235447600
2007-09-10,103.07115173339844,103.72865220223534,102.038961543908,103.5872576158591,192305900
2007-09-11,104.27301025390625,104.42147076196156,103.3115121706,103.38928079453333,162081900
2007-09-12,104.54167175292969,104.94465762263245,103.91245671860716,104.1316199301095,149554600
2007-09-13,105.2769775390625,105.65874410717329,104.77501421201842,105.02246289774916,154079000
2007-09-14,105.26985168457031,105.40418029200093,104.44975892312773,104.60529617513019,121911000
2007-09-17,104.70433044433594,105.09316299830019,104.37204711487175,104.85279103715737,109870800
2007-09-18,107.7867660522461,107.81504066057762,104.72552458683273,105.22041114051805,263759500
2007-09-19,108.4229965209961,109.15118870683257,107.96346153340666,108.45834785566745,193779900
2007-09-20,107.65950012207031,108.4725272368024,107.53931416175358,108.40890127917311,175186800
2007-09-21,107.94998931884766,108.76687309752144,107.78661473089088,108.47564296391762,141457500
2007-09-24,107.7511215209961,108.55380654629487,107.51670879222144,108.26966497858655,139450200
2007-09-25,107.53804779052734,107.72984204690235,106.88453826243362,107.12605053259739,142289900
2007-09-26,108.1063232421875,108.51832051154295,107.53805077276978,108.14894178058705,135547000
2007-09-27,108.74563598632812,108.7527463028413,108.10633615617466,108.61778035585627,102713300
2007-09-28,108.3833236694336,108.81663008440854,107.95711672920184,108.57511787642717,133372100
2007-10-01,109.6051025390625,109.92475231663123,108.32649258989508,108.39753069108478,148162300
2007-10-02,109.45591735839844,109.8537046771802,109.25702369900755,109.82529594250644,112978800
2007-10-03,109.2357406616211,109.68325692212795,108.68877754754539,109.25704992746483,119055900
2007-10-04,109.40618133544922,109.57665539318474,109.10073058385686,109.47010910710004,76864400
2007-10-05,110.70611572265625,110.88370011692494,109.83950301151376,110.12363370678716,134579700
2007-10-08,110.11656188964844,110.4504215018363,109.93897745077804,110.37938339073055,71280400
2007-10-09,111.15360260009766,111.16781238417319,110.12361545185605,110.52851300633756,94054300
2007-10-10,110.96894073486328,111.12521587396863,110.39356901310796,110.84107433064455,101711100
2007-10-11,110.43621063232422,111.89240518460602,109.775590889959,111.47329767540921,233529100
2007-10-12,111.04705047607422,111.06126025940236,110.29409454301613,110.42906038741124,124546700
2007-10-15,110.10940551757812,111.06836542191289,109.349350073361,111.00443765199442,161151900
2007-10-16,109.2357406616211,109.76139450985306,109.01553768863965,109.68325692212795,166525700
2007-10-17,109.56952667236328,110.16620739294153,108.30512716685313,110.08806985770723,216687300
2007-10-18,109.17182922363281,109.52699815944324,108.73852268838826,109.00134423244133,148367500
2007-10-19,106.31620788574219,111.1536043245635,106.30910841303901,108.74556073365243,297169900
2007-10-22,106.9342269897461,107.09050214267488,105.5987995541172,105.74086491889996,261989800
2007-10-23,107.80084228515625,107.93580817841679,106.7282362916476,107.58774965252678,180085100
2007-10-24,107.6019287109375,107.78662341026434,105.72663801821254,107.41014537702382,326694200
2007-10-25,107.8576431274414,108.17729283385958,106.46538770072088,107.72267726855839,237374500
2007-10-26,109.12208557128906,109.12208557128906,107.90030373068224,108.7242981513509,176484000
2007-10-29,109.4843521118164,109.70455506246631,109.07235494912916,109.34227590207436,106841000
2007-10-30,108.72427368164062,109.21440837050166,108.58930780048853,109.00130491809793,132981600
2007-10-31,109.8537368774414,110.2941536856658,108.56802718847976,109.37781185018953,220954400
2007-11-01,107.28228759765625,108.97289456571191,106.96973731728714,108.88764668268017,333040800
2007-11-02,107.4030532836914,107.97132558613379,105.98948826060634,107.63746601490736,331228200
2007-11-05,106.58612060546875,107.37459549064597,105.81895497349463,106.29487969317634,226841000
2007-11-06,108.02104949951172,108.04945823583662,106.4796072913047,107.16153619091617,177800500
2007-11-07,105.06605529785156,107.3533436349298,104.81033328380263,106.86320887142826,306639700
2007-11-08,104.5333251953125,105.41413723107836,103.04872162498802,105.12290693735676,374509900
2007-11-09,103.09844207763672,104.8032486972034,102.92085760314451,103.4891300892988,277745100
2007-11-12,102.07551574707031,104.14260086150261,102.07551574707033,103.14813251034556,243087800
2007-11-13,105.18679809570312,105.35017271655926,103.1552320298284,103.26177833932324,191117400
2007-11-14,104.8955307006836,106.12441146319645,104.26333079915959,105.99655592393715,230558800
2007-11-15,103.38256072998047,104.76772813906004,102.65802396335762,104.1142186505343,263111100
2007-11-16,103.56011962890625,104.04315485968849,102.69351768103837,103.92949823610535,308770600
2007-11-19,102.1181411743164,103.25468580009411,101.7132543321496,103.19785748491594,267746000
2007-11-20,102.74327087402344,103.37547115578664,100.94611689871132,102.30286485539395,414767500
2007-11-21,100.64060974121094,102.2246701378489,100.63351026835642,101.63508872422744,259012400
2007-11-23,102.38092803955078,102.53009281664735,101.36513996985448,101.6279721657428,77688400
2007-11-26,100.12208557128906,102.91371805969118,99.91609243018988,102.5940574589389,214232000
2007-11-27,101.27285766601562,101.74167234089097,100.12210314686459,100.68327603607449,293897900
2007-11-28,104.51199340820312,104.75350563443286,102.38807969909294,102.42359875327816,258596900
2007-11-29,104.5475082397461,104.93109670699191,103.78035298304295,104.14972082104246,199409900
2007-11-30,105.59880828857422,106.45831086188254,104.65405781823104,105.8687292523198,222908000
2007-12-03,104.90265655517578,105.44961956808251,104.62562531155406,105.26493568529874,146430400
2007-12-04,103.96501159667969,104.8032047622304,103.9294925488921,104.1781150445136,136533900
2007-12-05,105.70536041259766,105.98239170565475,105.00923244215309,105.08025971487125,171130000
2007-12-06,107.21839904785156,107.41019330623963,105.53490177671092,105.5775203143759,154457400
2007-12-07,107.19705200195312,107.61614859316012,106.94133002718598,107.559320283335,148980100
2007-12-10,108.02813720703125,108.14889329132016,107.16152451847228,107.45986499240212,123914300
2007-12-11,105.06605529785156,108.60353412645036,105.00922697929697,108.07078083375623,250346400
2007-12-12,106.1031265258789,107.80794331231223,104.56169519557797,107.30359883444991,322435600
2007-12-13,105.88289642333984,106.11730907777009,104.63270643860096,105.35725365784998,237551300
2007-12-14,104.5404052734375,105.91136276593753,104.49068726720674,105.0802580609534,159152900
2007-12-17,103.04871368408203,104.32731310055502,102.89953797141614,104.14262916768327,177269400
2007-12-18,103.6240234375,104.05021937440154,102.26017692941569,103.78029853269713,245569300
2007-12-19,103.6240234375,104.34146030989515,102.95630454691019,103.6666419473013,198917200
2007-12-20,104.27757263183594,104.32019115802075,103.12681823038226,104.30598136966157,214813800
2007-12-21,105.7807846069336,105.9878710602294,105.03810644414826,105.23805574264749,146084400
2007-12-24,106.5662612915039,106.74478817005128,106.03068065586177,106.2734854919623,45601400
2007-12-26,106.79483795166016,106.88766456850868,106.04502248209835,106.152134307855,67093100
2007-12-27,105.4522476196289,106.4234342039313,105.2023165457456,106.41629705201983,122981700
2007-12-28,105.1880874633789,106.12356699437223,104.90243778829866,106.07357421507533,116398100
2007-12-31,104.40967559814453,105.40942186624625,104.30255292172265,105.04523091781286,108126800
2008-01-02,103.4956283569336,104.96669943768167,102.74582395555264,104.63820508657383,204935600
2008-01-03,103.44563293457031,103.8955242336164,102.88149269465767,103.4813404957739,125133300
2008-01-04,100.91057586669922,102.43162903375746,100.62493709283493,102.360213892081,232330900
2008-01-07,100.82486724853516,101.56753445726493,100.04649247575463,101.26761053279222,234991000
2008-01-08,99.19669342041016,102.04597588816154,98.86106196286076,101.46041329815935,326365700
2008-01-09,100.23931121826172,100.5392351951263,98.33264464620933,99.32525408026852,301824900
2008-01-10,100.89627075195312,101.97458033784187,99.52518529436627,99.74655693489694,335701200
2008-01-11,100.08219909667969,101.33188768780836,99.26097952393447,100.53209047634033,267076600
2008-01-14,100.88912200927734,101.30330572958083,100.26070382724208,100.80343258315158,170365500
2008-01-15,98.66825103759766,101.03909362610327,98.47543892433538,99.8251019243357,239940100
2008-01-16,97.81846618652344,99.34665617385471,97.31859299373626,98.08983058964435,378802600
2008-01-17,95.28334045410156,98.461126944563,94.92628677170488,98.41113419874891,397892600
2008-01-18,94.30503845214844,96.41880153052506,93.61950132691331,96.21885229429681,348561500
2008-01-22,93.34813690185547,94.56925467234976,89.97754849906605,90.84161795388322,435923700
2008-01-23,95.59043884277344,95.82609564619196,90.57740069827194,90.75592758906627,511913000
2008-01-24,96.39740753173828,96.73303904050822,95.19770086505821,96.03320561143678,259949300
2008-01-25,95.00487518310547,97.66135646309014,94.6906769759783,97.48282955393213,269603900
2008-01-28,96.57594299316406,96.7758923058613,94.30507451835912,95.16200170083596,217934600
2008-01-29,97.05438232421875,97.43999569654372,96.31885224824372,97.19006453372425,168968300
2008-01-30,96.34027862548828,98.93248233383544,96.11890696766116,96.81872950772546,334939200
2008-01-31,98.09695434570312,98.93245890305333,95.11912705778825,95.26194639387586,343680800
2008-02-01,99.67513275146484,99.69655510616876,98.20407294757507,98.50399680984631,206843600
2008-02-04,98.41831970214844,99.4751959532728,98.28977466142885,99.4109288811219,124694300
2008-02-05,95.78325653076172,97.29716116627517,95.45476223808866,97.07578955218602,286882500
2008-02-06,95.01200103759766,96.58303529189816,94.55497269277541,96.10458459469481,250792900
2008-02-07,95.64044952392578,96.25458264916224,94.0694145908432,94.11940736560916,297368100
2008-02-08,95.02630615234375,95.84752555616024,94.33362088975035,95.0405804593124,221643500
2008-02-11,95.51189422607422,95.85466283286061,94.29076540079753,95.04772863139303,188576300
2008-02-12,96.39740753173828,97.34002408031179,95.67615174222786,96.34027760509453,256654400
2008-02-13,97.38286590576172,97.8756019740469,96.50451646462061,97.12578669171809,181967800
2008-02-14,96.52596282958984,97.83278158460445,96.2545983427192,97.79707401058118,215207200
2008-02-15,96.50450897216797,96.56163889267764,95.62615959922049,96.04748050450883,154110300
2008-02-19,96.7758560180664,97.75417985238268,96.1260155472592,97.63278287922357,145190000
2008-02-20,97.0615234375,97.51141480391126,95.51904809244944,95.68330071929704,220085700
2008-02-21,96.25456237792969,97.83988218370813,95.74041491050475,97.58995105177371,201051200
2008-02-22,96.8472900390625,97.01154266778323,94.87635656218993,96.38312435787331,205491000
2008-02-25,98.0683822631836,98.29689099234206,96.24740599639729,96.7901237625122,190107000
2008-02-26,98.80390930175781,99.22523009100442,97.47566898088692,97.65419584715228,212420700
2008-02-27,98.7039566040039,99.36093431013447,98.12553117232468,98.23264295729581,168395800
2008-02-28,97.73992156982422,98.5183072772136,97.51141276224163,98.00414883962873,170831100
2008-02-29,95.56189727783203,96.8901271341767,94.81921917068546,96.83300810724424,252715200
2008-03-03,95.33338928222656,95.55476095211388,94.43361739598194,95.07631004381095,189483500
2008-03-04,94.96916961669922,95.2619454389982,93.54095447730545,94.42644089002286,282513100
2008-03-05,95.56903839111328,96.24030139777379,94.5050139554047,95.27625160796661,270681400
2008-03-06,93.5909652709961,95.13344071347673,93.22677422058544,94.96205092106105,247911700
2008-03-07,92.62690734863281,94.07654499503705,91.81996222361505,92.66975206386952,326434600
2008-03-10,91.40577697753906,92.783999478248,91.11299023301763,92.71973240645093,235683600
2008-03-11,94.690673828125,94.77636325481853,92.08417450321657,93.34814802903335,341440600
2008-03-12,93.80516815185547,95.52616996154138,93.66234882121793,94.79064005716245,229161100
2008-03-13,94.01223754882812,94.71920781782158,91.83421863346787,92.55546320545268,351504200
2008-03-14,92.55547332763672,94.84061514382998,91.24865529765377,94.81205563830943,484687800
2008-03-17,91.62000274658203,92.30553990682256,90.02754047980623,90.38459426221972,405311100
2008-03-18,95.42621612548828,95.46906084437002,92.81971646385477,93.27674495929134,334416600
2008-03-19,93.0625,96.15457606456744,92.8625398637598,95.79038514126322,345971600
2008-03-20,94.78630065917969,95.38194573803615,92.76254188882177,93.32948606223319,245320700
2008-03-24,96.68085479736328,97.46308294996417,95.61874634473261,95.66897565480878,208977300
2008-03-25,96.77418518066406,97.27653320609232,95.99912924841804,96.78135767018244,192947200
2008-03-26,95.59002685546875,96.94637142418158,95.5254416260922,96.49426386818466,196934300
2008-03-27,95.28862762451172,96.47991751958837,94.98721890714813,96.30767927379684,225153200
2008-03-28,94.377197265625,95.70484077765502,94.0542602074003,95.4393164553929,180896100
2008-03-31,94.70733642578125,95.2527410993804,94.07580715608401,94.21933354909834,166692100
2008-04-01,98.0372085571289,98.20226337747334,95.81251092488466,95.88427960348464,254547300
2008-04-02,98.10176086425781,98.79787520160843,97.5850572128149,98.3529402046723,210910800
2008-04-03,98.3458023071289,98.63286610771904,97.39134665246415,97.57075742144636,175884800
2008-04-04,98.23809051513672,99.00597331765802,97.68550267269146,98.40314523937384,204446800
2008-04-07,98.28839111328125,99.44379679322878,98.13050877562158,98.9414379277499,154245500
2008-04-08,98.18790435791016,98.25966207588347,97.56354760441029,97.73578583819669,148937300
2008-04-09,97.47742462158203,98.1735390263476,96.80283862518155,98.03718513979513,195610600
2008-04-10,97.61377716064453,98.08024060259613,96.81000977478861,97.183187098566,192967800
2008-04-11,95.71920776367188,96.96789932652818,95.45367246035612,96.5157917728972,222973300
2008-04-14,95.3962631225586,95.8340257189348,95.12356627343144,95.58285728025554,160522000
2008-04-15,95.61875915527344,95.94169632159459,94.96570138425648,95.86275515201712,172389200
2008-04-16,98.2094497680664,98.25250659637565,96.53734024975641,96.55168522561733,189268900
2008-04-17,98.35294342041016,98.49646978375719,97.35542041216281,97.61377224633131,179665700
2008-04-18,99.37921905517578,100.15427496115332,99.22133668819708,99.70933971804902,218530600
2008-04-21,99.42943572998047,99.7380169510504,98.92708784081854,99.19978472329919,118587400
2008-04-22,98.99166107177734,99.2571854344755,98.2453063409632,99.17107179259747,162166000
2008-04-23,98.83377075195312,99.59447039452571,98.4031806767352,99.09929509313324,193309000
2008-04-24,99.26439666748047,100.28344853304961,98.34580344532512,99.092158385133,229381300
2008-04-25,100.18294525146484,100.39105685775226,98.97012709487609,100.03940792259269,190788100
2008-04-28,100.20447540283203,100.64941046906104,100.02506468898343,100.38388611668061,105610200
2008-04-29,99.80978393554688,100.27624747820872,99.4724908691806,100.03225150051983,125514100
2008-04-30,99.22132110595703,100.89343067518686,99.22132110595703,99.96049254874416,208395900
2008-05-01,101.27377319335938,101.27377319335938,99.22849728350474,99.30743844882028,187279500
2008-05-02,101.5536880493164,102.17086165610108,100.87192918086468,102.1493332355454,181585500
2008-05-05,101.0656509399414,101.62541152601713,100.76424223592844,101.22353325399985,118504500
2008-05-06,101.94122314453125,102.04886524902498,100.24758468150765,100.48440826176052,179339800
2008-05-07,100.12553405761719,101.93398616546327,99.84565378256761,101.8263441175061,199267300
2008-05-08,99.86719512939453,100.69966357597472,99.73801370475026,100.28342935268462,178321200
2008-05-09,99.68063354492188,100.03228264604053,99.35769630327238,99.46534935073282,152588200
2008-05-12,100.80010986328125,100.87186757118377,99.55857996757362,99.93175727989012,147865900
2008-05-13,100.81449127197266,101.10872754669016,100.27625899155156,101.04414230112694,159132200
2008-05-14,101.02259063720703,102.04881469286627,100.80012309788852,101.23788568990152,181910800
2008-05-15,102.28564453125,102.35741320340858,101.06565375708767,101.21635263811397,166927000
2008-05-16,102.37894439697266,102.52964328209397,101.62541712027935,102.52247079482798,204236800
2008-05-19,102.65882110595703,103.55587474905285,102.12058892009955,102.48658286435237,165664400
2008-05-20,101.82635498046875,102.14929210915253,101.18765321027652,102.09906279820096,178552100
2008-05-21,100.10400390625,101.99139713321163,99.7523549717736,101.76892960439706,252724800
2008-05-22,100.11837005615234,100.59201705983168,99.75237607168908,100.06095730264306,170820400
2008-05-23,98.7763900756836,100.22603211910078,98.69027641283087,99.78826941565933,181376400
2008-05-27,99.50836181640625,99.75235776126081,98.69742187869197,98.89118851742285,168322900
2008-05-28,99.96768188476562,100.47002984391234,99.03474370328502,99.8743847815083,181288100
2008-05-29,100.47001647949219,101.13741918993182,99.80978625667048,99.84567059548571,173927200
2008-05-30,100.72120666503906,101.0010870171286,100.42697038581665,100.80732032710847,117362000
2008-06-02,99.68063354492188,100.3695758174246,99.03475906162288,100.3480473980057,181069900
2008-06-03,99.09928894042969,100.19728151866863,98.48211571112756,99.96764152307425,271965700
2008-06-04,99.0490951538086,99.86720777897318,98.64721680465598,98.81944412551353,246637700
2008-06-05,101.02978515625,101.10872632777465,99.26438942995523,99.4509726761209,237867100
2008-06-06,97.80757141113281,100.32650565221381,97.75734208928264,100.14709488064346,384276300
2008-06-09,98.04434967041016,98.67587879883773,97.17600806918165,98.2165878737157,228263900
2008-06-10,97.55635070800781,98.38881887080701,97.13294414171393,97.3625841122759,260234900
2008-06-11,96.12109375,97.78601961796821,96.11391031262119,97.57790799085788,283890100
2008-06-12,96.4870834350586,97.50613501493628,95.81968081000207,96.59473643773187,252791800
2008-06-13,97.70708465576172,97.97261999729497,96.46556540065781,97.00379762083357,244726900
2008-06-16,97.76445770263672,98.2668053807154,97.21188073192923,97.27646594403403,185832500
2008-06-17,97.2908706665039,98.4032086008063,97.14733330045905,98.36733520965869,191707700
2008-06-18,96.34355926513672,97.25496881367167,95.95603691753662,96.65932389299837,265893000
2008-06-19,96.465576171875,97.05404872114926,95.80534588878248,96.27180948487448,304204900
2008-06-20,94.89974212646484,95.98879887761994,94.64009807256372,95.80849081255334,289275700
2008-06-23,94.80601501464844,95.36857551444476,94.71226226810583,95.26760339922836,165096400
2008-06-24,94.61849212646484,95.52003273898907,93.89725963644545,94.5175200180675,267300600
2008-06-25,95.06562805175781,96.21238477174315,94.65453136191451,95.0007197857507,287853900
2008-06-26,92.48363494873047,94.78436824909987,92.37545448215326,94.17132726327246,297775000
2008-06-27,91.97879028320312,92.93803093768288,91.62538785881455,92.51971471959229,303423400
2008-06-30,92.30332946777344,92.97407585253761,91.81289119178923,92.23841568727791,258842600
2008-07-01,92.59185028076172,92.65675857743449,90.82482700290164,91.25035162127217,388622000
2008-07-02,91.00509643554688,93.1543712193485,90.83921057703034,92.88750777136578,288064600
2008-07-03,91.09886932373047,91.675857486816,90.1468427064362,91.675857486816,239352500
2008-07-07,90.1684799194336,91.84173901008204,89.37512531226326,91.44506445778038,372427300
2008-07-08,91.76964569091797,91.87783169464412,89.57709765883845,90.146872142732,375973700
2008-07-09,90.00260925292969,92.13024304315383,89.7141151366533,91.95714877441503,336729400
2008-07-10,90.37043762207031,90.72384001875214,89.12991679813042,89.7429633441284,436475700
2008-07-11,89.31741333007812,90.80315574188857,88.34375073904367,89.41117705905475,481124600
2008-07-14,88.50965118408203,90.51467660618273,88.27885700965102,90.34158235100128,322720800
2008-07-15,87.26189422607422,89.06497497173072,86.56229801634896,87.84609612941163,502502500
2008-07-16,89.40397644042969,89.8439286879233,87.34125113326635,87.59368139759046,371642900
2008-07-17,90.29830169677734,91.06281184532538,89.49773322680711,90.25502951004393,375490600
2008-07-18,90.86087036132812,91.17820891116595,90.26224608158861,90.99790079094807,267030100
2008-07-21,90.91136932373047,91.45229376119201,90.29110886190246,91.24313565173206,222863000
2008-07-22,91.94271850585938,92.17351267818776,90.04587357142351,90.2622455153545,296904200
2008-07-23,92.44036865234375,93.14717342433119,91.9932080218199,92.2384244317759,311698400
2008-07-24,90.52188873291016,92.61346399370845,90.26945846925125,92.5629724384096,248634500
2008-07-25,90.500244140625,91.22868490412529,90.27665835446595,90.79594656383769,219131000
2008-07-28,89.17318725585938,90.91856861256832,89.01451522296449,90.52189403289849,205201300
2008-07-29,91.07726287841797,91.14938504663944,89.1732090240138,89.41843099904926,261505600
2008-07-30,92.69998168945312,92.75047323022058,91.07720910109093,91.67583319874691,354710000
2008-07-31,91.4738998413086,92.72884808625962,91.32965007044669,91.88500205877432,277402100
2008-08-01,90.99070739746094,91.79848438728676,90.48584127625176,91.68309003269795,248690900
2008-08-04,90.1468505859375,90.97626907940766,89.98097018878391,90.9041469283597,188239600
2008-08-05,92.577392578125,92.72163685908328,90.132415148686,90.88970587756684,251577600
2008-08-06,92.98847961425781,93.25534306154026,91.94270043271688,92.33216655369516,209555400
2008-08-07,91.6037368774414,92.63509952201078,91.26475673863955,92.28890551784352,246312500
2008-08-08,93.30585479736328,93.70974327893659,91.14937093672316,91.29362075340497,260811700
2008-08-11,94.27227783203125,94.84925486215317,93.20484611501657,93.377945827132,249425800
2008-08-12,93.29142761230469,94.26508487728613,92.8442559819995,93.96216855006071,213200800
2008-08-13,92.72885131835938,93.50777259533265,92.0797355807048,92.88751231542236,256393200
2008-08-14,93.428466796875,93.96218288635225,92.13746527635855,92.20237356956713,239555300
2008-08-15,93.8828125,94.12082049312721,93.25534388502143,93.70971277632597,181000800
2008-08-18,92.59903717041016,94.10641040429428,92.07254054427122,94.07034657946082,172275100
2008-08-19,91.58930206298828,92.09416805074444,91.25753581521136,91.89943221890947,194673700
2008-08-20,92.01484680175781,92.28169931419538,91.12051450947644,91.87781086127313,225498200
2008-08-21,92.17350769042969,92.63509601010868,91.30802546410648,91.41621143021773,180609800
2008-08-22,93.50777435302734,93.50777435302734,92.1735010432887,92.80096969686348,167715300
2008-08-25,91.6109848022461,93.50782502252943,91.41625437382292,92.8947837659066,171936900
2008-08-26,91.87781524658203,92.22400929601592,91.29361863464055,91.6109572188399,159117200
2008-08-27,92.77216339111328,92.91640772646065,91.8129226036042,91.99323077407274,171032800
2008-08-28,93.89725494384766,94.00543540989038,93.11832257293842,93.24093076949814,167537100
2008-08-29,92.88754272460938,93.86121114728095,92.68559847481822,93.5655031368238,189195800
2008-09-02,92.31053924560547,94.27229788218725,91.9715591154911,93.78185409611665,252364900
2008-09-03,92.23120880126953,92.67837492580462,91.5460401370862,92.23120880126953,251947000
2008-09-04,89.45443725585938,91.7623838133534,89.40395121723797,91.57486188308873,340042500
2008-09-05,89.73574829101562,90.11800064396093,87.99036692347757,88.92075752912407,289503400
2008-09-08,91.58930206298828,92.49084807665524,89.73573499226863,92.34659279077262,364075300
2008-09-09,88.87023162841797,91.85613246476488,88.56731542822392,91.66861055402168,377326800
2008-09-10,89.23088836669922,90.08194296146908,88.38704763785731,89.35349657463678,298916600
2008-09-11,90.52188873291016,90.68776911935727,87.7018671376387,88.0769111029894,375369400
2008-09-12,90.94020080566406,91.02675068422982,89.3102193619292,89.64198564258056,297851200
2008-09-15,86.6128158569336,90.62287264930674,86.46857154534823,87.72351466435785,483607000
2008-09-16,88.0625,88.22117205356497,84.38421481375998,84.52845913378191,581744300
2008-09-17,84.1029052734375,87.882161269175,83.66295309711805,86.28823842651198,624095600
2008-09-18,86.59837341308594,87.83889401240292,82.07624871936476,85.14148639689495,776114700
2008-09-19,90.03752899169922,92.85210647688989,89.46445673290714,91.90907505671724,501087800
2008-09-22,87.99913787841797,90.4945401967404,87.31000331313153,90.27691584221982,249966500
2008-09-23,85.99700164794922,88.51415927686851,85.80113865962319,87.6654344192322,327470400
2008-09-24,86.2726821899414,87.04886770560634,85.44571838949159,86.57735189865072,311818400
2008-09-25,87.6219253540039,88.43438330841622,85.91721975485865,86.61360991531903,328253000
2008-09-26,87.66545867919922,88.13697446428675,85.9680084941853,86.20013857592441,285917400
2008-09-29,80.79585266113281,86.57009336028194,80.4984385843888,86.42501413276064,459562300
2008-09-30,84.13996124267578,84.7275447100343,80.17923945792202,82.34095487798719,328154400
2008-10-01,84.19075775146484,84.64776782889767,82.66014811870255,83.6176854000802,332783000
2008-10-02,81.13680267333984,83.50163194156015,80.56373026145482,83.38556412093712,365337800
2008-10-03,80.04142761230469,83.74825883876026,79.56266173927364,81.86945685148652,461798000
2008-10-06,75.96464538574219,78.06832744230762,73.00498258344675,77.72738516150748,610637500
2008-10-07,72.56248474121094,77.85795976388586,72.28683198464458,77.5025062343974,540012100
2008-10-08,70.73444366455078,74.12209329185072,70.22665540409524,70.74169375033945,725414800
2008-10-09,65.79443359375,72.9904775265953,65.46800255378639,72.2940872494331,534485200
2008-10-10,64.19853973388672,68.14475682865576,60.6295374972801,62.93633270570495,871026300
2008-10-13,73.52001953125,73.52001953125,65.2503762410934,68.09397670676235,455584000
2008-10-14,72.43191528320312,76.55222882551818,70.44430089985238,75.95013945916294,546268300
2008-10-15,65.3011474609375,70.94481958587005,65.07627302146683,70.69817828357112,484627500
2008-10-16,68.02145385742188,68.74686130428725,62.77676111586017,66.22244648847071,708811200
2008-10-17,67.6152114868164,71.51790063670768,66.48357790802362,66.73021372517864,476649000
2008-10-20,71.67748260498047,71.88785135401129,68.2535597859174,69.16757439408843,321294200
2008-10-21,69.53751373291016,71.55414425723706,69.07325370721257,70.34271592563292,356502000
2008-10-22,65.75090789794922,69.53753435206228,63.494891072367196,67.60794855138612,516168000
2008-10-23,66.51258850097656,67.06389399285376,62.247190586911,65.49701730551249,634666400
2008-10-24,63.13945388793945,65.22862498016008,60.934214967830584,60.977737636079354,545812600
2008-10-27,60.897926330566406,64.93119373550068,60.71657454812348,62.36325183197884,397288600
2008-10-28,68.01417541503906,68.36236774511043,61.31866503644768,63.3570573413917,639939500
2008-10-29,67.5208969116211,70.48780941341569,66.80999548988865,68.02142406734632,531270100
2008-10-30,69.85669708251953,70.03079321479888,67.39031214849443,69.47948233909531,414582100
2008-10-31,70.24117279052734,71.50337963027756,68.53646716461796,68.97171032993695,411394000
2008-11-03,70.44427490234375,70.8650122947223,69.60280011758664,70.20488926174048,205419400
2008-11-04,72.83812713623047,73.16455810656763,70.15411763517079,71.85882315638543,346793400
2008-11-05,69.77690887451172,73.05574644464758,68.91367267732969,71.96038020298174,387844100
2008-11-06,65.91044616699219,69.23280982649742,65.3301186551926,68.52190890126361,477721900
2008-11-07,68.08672332763672,68.18827989749657,65.64935458216425,66.48357400694276,380391000
2008-11-10,67.19446563720703,69.29814758319054,65.95402001345404,69.06601750508035,301773000
2008-11-11,65.11981201171875,66.83902933483313,64.3073593637,65.83796923591635,418498200
2008-11-12,62.254451751708984,64.5249745166682,61.74666887597314,64.00268593066201,454330600
2008-11-13,66.13536071777344,66.54159243714672,59.54866324628667,62.47930844991404,753141900
2008-11-14,62.83476638793945,66.78097733605497,62.762221248796976,64.85865290595524,540352300
2008-11-17,62.00056457519531,64.24207053925629,61.77569007683051,62.66068235902239,415254900
2008-11-18,63.1684455871582,63.270002128743954,60.14349959617601,61.768409795964445,523811800
2008-11-19,59.12068557739258,63.01612415322584,58.69994808183312,62.31973391975722,558327600
2008-11-20,54.731964111328125,59.85334205969088,54.44180569552128,58.12686959978823,814180400
2008-11-21,57.68437957763672,58.68544508115356,53.9267699645824,56.19004247860104,718536500
2008-11-24,61.68136978149414,63.10316714755718,58.29371968067171,59.42535307654654,523305300
2008-11-25,62.13838577270508,63.48038803688081,60.80363359602443,63.32805318321504,454112400
2008-11-26,64.53948211669922,64.69907259275192,61.10830348482002,61.15183168200945,370134200
2008-11-28,65.3519287109375,65.38094566161104,64.18402826922818,64.29283491623211,118308100
2008-12-01,59.56317138671875,63.50938738176283,59.381819630099685,63.480370436573814,369927100
2008-12-02,61.85546875,62.01505921754895,59.51240662201912,60.54973912666961,469508400
2008-12-03,63.342559814453125,63.71251905555001,60.310357337582026,60.498964769139775,519863500
2008-12-04,61.877262115478516,63.87213274536953,60.745622649298355,62.42856783204779,444173800
2008-12-05,63.78505325317383,64.1405012200339,59.65748464773594,60.68031142315588,471905300
2008-12-08,66.01206970214844,67.01312986568031,63.893881541065326,65.53329818844693,412859300
2008-12-09,64.92393493652344,66.83175360204459,64.5467256826502,65.5550411009222,370790000
2008-12-10,65.366455078125,66.27321424241548,64.56125249748156,65.51878995359556,396187400
2008-12-11,63.792293548583984,66.01203720444555,63.37881177868004,64.95294364529539,365061000
2008-12-12,64.5539779663086,64.61201186408523,61.804684321333134,62.05858124050162,415060400
2008-12-15,63.65446853637695,64.67003951164692,62.59537490918945,64.57573305327011,256694200
2008-12-16,66.65039825439453,66.75195479939207,63.96639436331678,66.65039825439453,377699500
2008-12-17,66.00482177734375,67.0494102676772,65.33019263307332,65.89600955386409,281819800
2008-12-18,64.77161407470703,66.49808133886452,63.988172915744215,66.30222381633288,374673300
2008-12-19,64.49298858642578,66.27003788462528,64.41985453138489,65.15846496840642,301451300
2008-12-22,63.666629791259766,64.84401683120274,62.51849526167297,64.77820286741076,243759500
2008-12-23,63.00844192504883,64.30283289477933,62.745175019452184,64.01031349085599,221625200
2008-12-24,63.374107360839844,63.5276788351377,62.89144937360789,63.22053030719687,62061600
2008-12-26,63.7397346496582,63.84211559931831,63.25707681896627,63.79823406421876,74767700
2008-12-29,63.55693817138672,63.864081152987936,62.59893661542238,63.79826161159012,127795900
2008-12-30,65.06339263916016,65.12189764617764,63.534981412059565,63.99570136814156,168256300
2008-12-31,65.99211883544922,66.52596712247784,64.9902473514327,65.1438187706029,193987200
2009-01-02,67.98124694824219,68.3322713357751,65.70691689678236,66.13838425688859,227566300
2009-01-05,67.90081024169922,68.49316360161568,67.1987669811907,67.73992428170571,240349700
2009-01-06,68.35425567626953,69.07092281703147,67.77653101745695,68.47857468935212,328260900
2009-01-07,66.30659484863281,67.46935817713815,65.96288489882718,67.27921968971158,280899200
2009-01-08,66.57716369628906,66.61372513505523,65.57528654112308,65.93362546469947,263834400
2009-01-09,65.151123046875,66.78191470783204,62.423393553121954,66.66491031179545,330953600
2009-01-12,63.58620071411133,65.01954613887484,63.1913056861477,64.96835005002528,277858500
2009-01-13,63.70318603515625,64.26628142094455,63.0377040907888,63.425295602855456,356432300
2009-01-14,61.699440002441406,62.70862638348896,60.81457259121622,62.55505490676511,435491600
2009-01-15,61.72137451171875,62.34297490516817,59.76150129445873,61.51661255428552,532647300
2009-01-16,62.204017639160156,62.884122941864035,60.7341171295615,62.78905649845057,399237200
2009-01-20,58.920494079589844,62.204010196651446,58.54022277209015,61.597039008489055,419855200
2009-01-21,61.465431213378906,61.60437365983442,58.847390186599185,59.92239620247132,364360700
2009-01-22,60.51472473144531,61.4580969405867,59.35927608030992,60.27339578924414,427940300
2009-01-23,60.777992248535156,61.42153052135654,58.920500312288375,59.16182925685039,386800600
2009-01-26,61.194854736328125,62.4234323445653,60.558625153355706,61.12903518943972,317978800
2009-01-27,61.81640625,62.26981145776415,60.91691593085496,61.52388694109867,273789700
2009-01-28,63.907955169677734,64.31747913259903,62.942644700402155,63.18397371255743,330007000
2009-01-29,61.831050872802734,63.98105633969779,61.77254588040396,62.9718703278631,294392500
2009-01-30,60.5732536315918,62.45268427153337,60.11984806850129,62.14554126718793,383383600
2009-02-02,60.39041519165039,60.82919160437873,59.46166629835303,59.6518047896284,288233300
2009-02-03,61.23868942260742,61.69209468422288,60.12712261197078,60.770660704513844,278385800
2009-02-04,60.93889617919922,62.430740668160496,60.72681967260051,61.64825418211834,322989300
2009-02-05,61.845706939697266,62.37224099021772,56.84364461844511,60.478181312892524,417679400
2009-02-06,63.608097076416016,63.87135837321749,61.92611487653143,62.057748314603636,366101700
2009-02-09,63.69585037231445,64.16387914470911,63.12544065466741,63.59346942706207,240075200
2009-02-10,60.777992248535156,63.64467034475401,60.295334359411136,63.088883994068645,536212800
2009-02-11,61.1363410949707,61.46542762433485,60.25878817535709,61.02664558518265,324442500
2009-02-12,61.18020248413086,61.297206897825205,59.271520212612685,60.09056784650376,469302200
2009-02-13,60.52206039428711,61.604375383331714,60.50743134940101,61.09978492167878,293998400
2009-02-17,57.933250427246094,60.6682949803949,57.89668340787,58.620670220241244,478910100
2009-02-18,57.79431915283203,58.45980115827997,57.24584717973136,58.350105647790755,362964800
2009-02-19,57.17271041870117,58.61336415208688,57.05570040330078,58.38665864208479,316867500
2009-02-20,56.616920471191406,57.289711279725836,55.410281264559366,56.112330154462725,477176600
2009-02-23,54.59123992919922,57.23852751051834,54.54735838134246,57.23852751051834,379641400
2009-02-24,56.66084289550781,57.00454748876076,54.62783438303112,55.05930212502469,426260900
2009-02-25,56.21470260620117,57.34820759639059,55.30789191883753,56.41214999077702,461985800
2009-02-26,55.30060577392578,58.26235123945922,55.234786232373985,56.90945474932575,363353900
2009-02-27,54.064693450927734,55.3517754957741,53.976935954911966,54.12319844827157,470510900
2009-03-02,51.629493713378906,54.057396079909104,51.46129876683886,53.03358061898411,426452600
2009-03-03,51.241905212402344,52.43391556090944,50.927447741657566,52.36810160578257,443761000
2009-03-04,52.45584487915039,53.28952156041524,51.24189129594574,52.09019701616253,462753100
2009-03-05,50.31317901611328,52.45587702966823,49.85245885559055,51.263860694954,485549400
2009-03-06,50.40089416503906,51.519775601439434,49.069936323537384,50.7519185271171,490470000
2009-03-09,49.808555603027344,51.190704169249564,49.53066521752953,49.691545601126805,379905300
2009-03-10,52.77762222290039,52.92388474623663,50.72999711029608,50.832378086959054,406227900
2009-03-11,53.12133026123047,53.933069103577644,52.5289824062967,53.38459721438872,356648300
2009-03-12,55.21284484863281,55.39566883819782,52.63137100867014,53.10671449740824,409702700
2009-03-13,55.644290924072266,56.2951492743891,54.64973383734279,55.58579150438968,337474700
2009-03-16,55.47610092163086,57.01913553622053,55.43953389917651,56.28052520152804,360644900
2009-03-17,57.17271041870117,57.3043438963543,55.176270270852854,55.629675711512434,356814300
2009-03-18,58.45248031616211,59.16183821736721,56.36097363853782,56.90213103126699,473273200
2009-03-19,57.72850799560547,59.23497596943757,57.5456839956998,59.183785472637815,428520400
2009-03-20,56.499229431152344,58.119599198653,56.36665377398665,58.0091185478017,371078200
2009-03-23,60.55750274658203,60.60905962627847,57.677667499781855,57.99437565199673,419933300
2009-03-24,59.3643684387207,60.6606639380521,59.298083378400385,59.835747598607966,330271000
2009-03-25,59.9903678894043,60.911030414528845,58.23006159090841,59.828336005175984,441775100
2009-03-26,61.21303939819336,61.35298196642991,59.894649363777575,60.579622831506875,422025200
2009-03-27,60.108245849609375,60.785852462850116,59.8872844838965,60.432321020846665,322332300
2009-03-30,58.031211853027344,58.826665772704104,57.419890472945426,58.77510888638871,324108500
2009-03-31,58.56888198852539,59.71787297964536,58.2227174972431,58.59834387232639,364238300
2009-04-01,59.703147888183594,59.96829926157365,57.69242319580301,57.839727016895004,377018300
2009-04-02,61.4487190246582,62.3178249450289,59.754697200777734,61.19093456083636,476230700
2009-04-03,62.06004333496094,62.07477146816521,60.888957260776664,61.492911869194174,284646300
2009-04-06,61.57392501831055,62.07476579064959,60.609072232194876,61.38242558848925,264866600
2009-04-07,60.137691497802734,60.874221692217276,60.03457772012706,60.57960849059557,258947800
2009-04-08,60.78584289550781,61.087823006500074,60.05667949427099,60.439672766040616,230402800
2009-04-09,63.20164489746094,63.20901177172081,62.111583516701515,62.36200104875106,269653500
2009-04-13,63.216392517089844,63.739328318712516,62.29572970734292,62.54614729433976,224847500
2009-04-14,62.12632751464844,63.16483789868758,61.927466813066495,62.627168325954116,276598800
2009-04-15,62.7891845703125,62.91439332581423,61.58127578002704,61.75067453881688,250726100
2009-04-16,63.70985794067383,64.18860366177171,62.43565830937755,63.29003598017119,335202900
2009-04-17,64.13705444335938,64.5568764540498,63.444714221797014,63.95292188394639,262649000
2009-04-20,61.4487190246582,64.11496055443811,61.38242838008695,63.00279830277259,293690100
2009-04-21,62.649253845214844,62.700810731836064,60.947870967435236,60.99942785405646,114090900
2009-04-22,62.266258239746094,63.59200911016804,61.92008817747535,62.08212570613646,340395200
2009-04-23,62.87760925292969,62.914432405449965,61.59604216874096,62.39149643769639,324903700
2009-04-24,63.827720642089844,64.306460857768,63.113285327975085,63.36370294114333,287703000
2009-04-27,63.22374725341797,64.085491825122,63.00279157343379,63.10590534794893,289581600
2009-04-28,63.024898529052734,63.77615697428472,62.4283107749191,62.582981466017436,247926300
2009-04-29,64.36534118652344,65.07977601840302,63.56252637166601,63.72455821355093,311505700
2009-04-30,64.38745880126953,65.56590581559539,64.01919375808778,65.21974139519858,301419800
2009-05-01,64.73362731933594,64.96931671666107,63.871888487173294,64.40219103597445,236110300
2009-05-04,66.93584442138672,66.980040042525,65.09451942016734,65.21973379090151,287120000
2009-05-05,66.70751953125,66.97267077147531,66.16985017766041,66.70751953125,243036300
2009-05-06,67.86387634277344,67.9080663462925,66.73698629881211,67.52507320414493,291941000
2009-05-07,66.92112731933594,68.60778197264816,66.49393850004556,68.50466820513378,317728000
2009-05-08,68.48255157470703,68.65931717472883,67.34829487095276,67.78284480835572,299081700
2009-05-11,67.20103454589844,67.84181803994652,67.053730708299,67.5398378678021,247923600
2009-05-12,67.00212097167969,67.63553708861143,66.17720552144196,67.48822774788499,282431300
2009-05-13,65.31549835205078,66.29508486654707,65.1829226912973,66.09621856577712,269619100
2009-05-14,65.8752670288086,66.37610782107569,65.18292679910057,65.3449643523752,260098700
2009-05-15,65.33758544921875,66.28770996638372,64.92513038537491,65.82369801955939,271502700
2009-05-18,67.19364929199219,67.27466244024443,65.23447635972892,65.95627839247834,241447400
2009-05-19,67.11263275146484,67.73868228738998,66.88430457208179,67.1568227645741,206102200
2009-05-20,66.66334533691406,68.35000005186893,66.58969344589471,67.72394493000672,285722200
2009-05-21,65.70584869384766,66.1404043692322,65.00614735564102,65.88998121645768,258988400
2009-05-22,65.5658950805664,66.28769691950544,65.31547758945713,65.88997006367508,166811900
2009-05-26,67.24520874023438,67.43670254416762,65.05034629680164,65.07980817877892,236318500
2009-05-27,66.0446548461914,67.57663885217556,65.9415410784116,67.34831631198868,246015800
2009-05-28,66.96531677246094,67.27465807243561,65.62483218662518,66.62651359354408,289095000
2009-05-29,68.15113830566406,69.01287728849226,66.78855856354367,67.33358933653594,258641500
2009-06-01,69.80095672607422,70.09556989677417,68.81400906640006,68.9907747211085,276246800
2009-06-02,69.85992431640625,70.2429233644056,69.40327895362242,69.52848780346429,230874500
2009-06-03,68.97602081298828,69.32955199028069,68.32050970328505,69.26326700176715,235310500
2009-06-04,69.62417602539062,69.72728976996062,68.71824732391461,69.23381604676456,210102300
2009-06-05,69.63893127441406,70.4638414856893,69.08653363538681,70.33126582755159,284257900
2009-06-08,69.35169219970703,70.04402682520144,68.52677628293928,69.11599712124772,238565100
2009-06-09,69.70521545410156,70.0734805423499,69.24856472173309,69.74204421063811,225125500
2009-06-10,69.52845764160156,70.33127292744405,68.63725670165168,70.32391167072838,296100400
2009-06-11,69.83777618408203,70.78790058300436,69.64627680572423,69.66101055290149,275414200
2009-06-12,70.0293197631836,70.07350979405084,69.2338654918833,69.52847880932211,184361800
2009-06-15,68.42366027832031,69.2485705490749,68.05539515908207,69.20438053293584,224190500
2009-06-16,67.49560546875,68.71088103351761,67.45141546906751,68.66669103383512,227319000
2009-06-17,67.42932891845703,68.0038214634269,66.89902637870688,67.466152049714,223445200
2009-06-18,67.92280578613281,68.25424207885912,67.20837069988235,67.53244573759068,211725100
2009-06-19,68.17315673828125,68.66200954724859,67.7879944999237,68.57313030072012,215655600
2009-06-22,66.12887573242188,67.54359791596866,66.1066559119092,67.50656111443254,251913600
2009-06-23,66.18067169189453,66.57323661420855,65.81032657257668,66.2695565548973,188309800
2009-06-24,66.75105285644531,67.46211530292537,66.36589049937987,66.78068116475973,211577700
2009-06-25,68.2027816772461,68.26944110885826,66.3436469650114,66.41771488380937,279411000
2009-06-26,68.02506256103516,68.32134010793654,67.60286889328354,67.97321441415423,167579000
2009-06-29,68.66200256347656,68.7508874519846,67.84724419738845,68.224997909773,168481300
2009-06-30,68.10652160644531,68.92868890455442,67.60285160085617,68.67685672727121,228888200
2009-07-01,68.38794708251953,69.05456958339,68.29906219873034,68.3953499179041,173041100
2009-07-02,66.52140045166016,68.41016315926703,66.48436932369906,67.4991115159343,212309900
2009-07-06,66.51399993896484,66.61028765624837,65.66961333811147,65.87700574519556,174499600
2009-07-07,65.22520446777344,66.52882134696954,65.18076484552338,66.44734493883102,197088900
2009-07-08,65.18079376220703,65.7733486931816,64.44010292400013,65.61779864425824,248050500
2009-07-09,65.3066635131836,65.84736992789178,65.11408810061893,65.63256905909091,163777600
2009-07-10,65.15115356445312,65.54371873292001,64.69933178349496,64.95857239936728,173520300
2009-07-13,66.73621368408203,66.78806179363501,64.87707892550496,65.41037699577568,217413500
2009-07-14,67.11398315429688,67.1732397651075,66.46217738844443,66.94362181097172,181487400
2009-07-15,69.07679748535156,69.26197011001129,67.16581464261833,68.0027928717131,220877900
2009-07-16,68.9657211303711,70.00268938494035,68.75092011934427,68.88424468994636,231174500
2009-07-17,69.7212142944336,69.86194733724976,69.2842094892995,69.6693661709258,138561700
2009-07-20,70.46192169189453,70.58043494571008,69.76567610430857,70.12861305482849,164179400
2009-07-21,70.7878189086914,71.03224822679154,69.93602336596271,71.01002840715013,217718300
2009-07-22,70.77304077148438,71.20263733841576,70.28418190601167,70.33603005983227,196068100
2009-07-23,72.33584594726562,72.6469346397469,70.75817136921492,70.81742797283634,258795500
2009-07-24,72.63214111328125,72.6913977360342,71.6173982909942,71.99514654624346,154003100
2009-07-27,72.84691619873047,72.88395298752148,72.0988171431125,72.49879072776902,159259400
2009-07-28,72.50621032714844,72.86174434055701,71.89143570553644,72.33585463505251,186685200
2009-07-29,72.32843780517578,72.65433782461157,71.83217646226838,72.17289345819081,194399300
2009-07-30,73.08396911621094,73.9431732652891,73.03212097969919,73.20248237167954,225575400
2009-07-31,73.18766021728516,73.67651888501238,72.86916292949935,73.06915262121419,207358000
2009-08-03,74.39496612548828,74.46162556740434,73.55798212573664,73.95795573029551,175776900
2009-08-04,74.58753967285156,74.69123590270294,73.90610569067945,74.06165003545652,176714600
2009-08-05,74.37271881103516,74.7060271994111,73.75794448036785,74.63936213112466,184726400
2009-08-06,73.98756408691406,74.82454221001097,73.6394386924784,74.71344317010114,193203800
2009-08-07,74.95789337158203,75.5726679825164,74.35793573858561,74.76531786655931,220640900
2009-08-10,74.80232238769531,74.97268366722328,74.26902439215301,74.61714978652198,130898700
2009-08-11,73.86907958984375,74.52088531493658,73.66908995361932,74.46903719647489,157301000
2009-08-12,74.66161346435547,75.22453424199952,73.70612192856342,73.74315306731803,219052400
2009-08-13,75.23193359375,75.26156189176795,74.26163085049694,75.00232134788585,176449500
2009-08-14,74.6541748046875,75.25413212963393,73.84681945224824,75.19487555035026,199616100
2009-08-17,72.81729888916016,73.29134047193136,72.66916301367718,73.21727253418989,237667500
2009-08-18,73.39501953125,73.65426572918092,72.84691013906426,72.9802346561927,173461500
2009-08-19,74.03941345214844,74.29125113261823,72.74320522157647,72.81727313311956,192812800
2009-08-20,74.80232238769531,74.97268366722328,73.97275275109114,74.13569989326744,174131300
2009-08-21,76.2688980102539,76.38740554600714,75.26896701369063,75.41710284613713,224605000
2009-08-24,76.26148223876953,76.99476414606964,75.98742475879995,76.5799793340242,191279000
2009-08-25,76.4096450805664,77.2244036111308,76.24669224424936,76.56518942859063,215310600
2009-08-26,76.41703033447266,76.76515574086159,75.91336061584984,76.17260113623963,194620700
2009-08-27,76.58740234375,76.82442308858283,75.50599484226144,76.37260141077333,196230100
2009-08-28,76.57260131835938,77.29107219013883,76.04671160781454,77.20219292420092,147024400
2009-08-31,75.89114379882812,75.98002868833123,75.39488254723022,75.8244843699656,176051600
2009-09-01,74.21717834472656,76.46887791545976,74.0616340335567,75.51338658882821,321276800
2009-09-02,73.93572235107422,74.39495247598244,73.75054973392055,73.90609405420726,171805000
2009-09-03,74.55048370361328,74.63936292758528,73.76534810207484,74.36531111897988,143572300
2009-09-04,75.59489440917969,75.61711422700841,74.47645547097405,74.69865930028307,142687900
2009-09-08,76.24669647216797,76.3281728948444,75.83931435878581,76.29113610234742,132909100
2009-09-09,76.83184051513672,77.09108110198682,76.14299801235165,76.38001878476044,154612500
2009-09-10,77.6169662475586,77.66881436191152,76.45408226762542,76.88368415856141,162902400
2009-09-11,77.60214233398438,77.99471305158511,77.2392055659597,77.76509515053182,152360100
2009-09-14,77.97990417480469,78.11322870664162,76.40223525725153,76.94293622174193,149593800
2009-09-15,78.30583953857422,78.59470852526859,77.59477698278631,78.10584983946404,196795900
2009-09-16,79.49093627929688,79.50574760881896,78.31324062201972,78.58729260084601,206406300
2009-09-17,79.37239074707031,80.03900762632108,78.93538044627431,79.37979358278136,229170900
2009-09-18,79.42303466796875,79.75049277102413,79.15511543418509,79.74304899288039,153799100
2009-09-21,79.22208404541016,79.63140663104419,78.6341562266827,78.80532336035623,151892000
2009-09-22,79.6834945678711,79.90676244508437,79.33371087660804,79.69093834456167,143126700
2009-09-23,79.02113342285156,80.39793673642689,78.87973006788944,79.86954219674932,225947400
2009-09-24,78.15042114257812,79.3634957947489,77.8080811611914,79.19232864302508,228636800
2009-09-25,77.73363494873047,78.41087663890947,77.4657157831583,77.97922846349456,204059000
2009-09-28,79.12535095214844,79.29652379253389,78.01646641276619,78.03134829204606,118285800
2009-09-29,78.88719177246094,79.64629244028023,78.72346273012336,79.26674494533998,133733900
2009-09-30,78.58204650878906,79.22951879466649,77.8601591695612,79.15509806337822,254383000
2009-10-01,76.6321792602539,78.68622389417561,76.61729171072469,76.65450490661124,281840600
2009-10-02,76.27496337890625,76.72893718303806,75.90285407571214,75.92517972543381,224748800
2009-10-05,77.41362762451172,77.6368955084234,76.35683842026454,76.5801063041762,149875000
2009-10-06,78.52253723144531,78.96906743302898,77.92715984404072,77.97181116081721,202491100
2009-10-07,78.73831939697266,78.82018388602646,78.19503739488253,78.34387882337862,159200300
2009-10-08,79.34109497070312,79.75785530486857,78.77548760438309,79.2964437000236,183305800
2009-10-09,79.82489776611328,79.82489776611328,79.1550998138311,79.36348013722157,135008300
2009-10-12,80.1374740600586,80.44260079058697,79.83978542880621,80.19701292189676,118031000
2009-10-13,79.97376251220703,80.15981723767129,79.45281155208293,79.92166741619462,157692700
2009-10-14,81.35054779052734,81.43241230529503,79.94397484106545,80.91146146399001,191421600
2009-10-15,81.64822387695312,81.64822387695312,80.91889281115886,80.95610033528614,173873600
2009-10-16,81.03794860839844,81.32074958246793,80.54676737154763,80.97097167162,192069400
2009-10-19,81.70775604248047,81.96078762641386,80.91888618911521,81.1719177730486,159530400
2009-10-20,81.27610778808594,81.85659735307232,80.88167286202786,81.82682792949134,180921100
2009-10-21,80.5467758178711,82.0947460799718,80.48723697142267,81.14959102383492,225379300
2009-10-22,81.36543273925781,81.62590815156915,80.00351114039523,80.51702386605054,238444000
2009-10-23,80.43517303466797,81.6854609043549,80.10027115221628,81.63336581303207,240033200
2009-10-26,79.56439971923828,81.35051951310835,79.34113190603634,80.52443655337208,242028200
2009-10-27,79.19974517822266,79.9216381572123,79.00625242269325,79.65371899639268,253266300
2009-10-28,77.70388793945312,79.24442063440307,77.65923095027883,78.99882706673046,248821400
2009-10-29,79.37090301513672,79.52718821652888,78.09829007985496,78.2843447021699,198110600
2009-10-30,77.07129669189453,79.3486100685074,76.98199407026108,79.11046028092017,325608100
2009-11-02,77.63688659667969,78.44808784903405,76.71405709312116,77.49548324123775,254222900
2009-11-03,77.88249206542969,77.9941260117147,77.05640881203432,77.20525028845543,228362600
2009-11-04,78.08341217041016,79.13276309522614,77.88247565179496,78.52250408580956,247996700
2009-11-05,79.5197525024414,79.54207815091243,78.47040727874386,78.63413627144745,180015300
2009-11-06,79.72814178466797,79.92908399944567,78.92438995937019,79.08067519423192,170954100
2009-11-09,81.54399108886719,81.58864236564868,80.27882237129246,80.33835551435631,159495700
2009-11-10,81.55890655517578,81.8119438096958,81.097494697186,81.35052627376919,171899800
2009-11-11,81.97569274902344,82.47431792631829,81.58125773779204,82.09476479112244,169466200
2009-11-12,81.14213562011719,82.28823269928685,80.93375536534744,81.86402841552385,157144500
2009-11-13,81.58125305175781,81.93103105891487,80.93378076160731,81.35054140192237,150963000
2009-11-16,82.76456451416016,83.12179200385529,82.10221029683686,82.14686160382188,210922200
2009-11-17,82.86129760742188,82.89851080922952,82.23615669820296,82.54872715281242,147134100
2009-11-18,82.80924987792969,82.92832764944703,82.28829882239293,82.80181177566534,156486800
2009-11-19,81.7301025390625,82.83898688187139,81.21658978687667,82.24361529124833,208734600
2009-11-20,81.4398422241211,81.68543572663243,81.12727177252704,81.30588264801831,134196000
2009-11-23,82.47429656982422,83.15897624892762,82.31056758613933,82.39987585304111,148010200
2009-11-24,82.60084533691406,82.75713060794101,81.87151407212164,82.60828911494553,138420100
2009-11-25,82.89106750488281,82.9803757829668,82.47430689636573,82.7347822766889,109564800
2009-11-27,81.54399108886719,82.10215476037388,80.59139266463194,80.67325712402102,126001800
2009-11-30,81.81940460205078,82.01289737335081,80.46492681326052,81.47706468597609,160874800
2009-12-01,82.83152770996094,83.09944684486042,82.40732335935957,82.54872102426869,159613700
2009-12-02,82.7943344116211,83.35994224101985,82.5487408659421,82.81666006523947,132315100
2009-12-03,82.14685821533203,83.48645414900864,82.07988125761725,83.01759841119087,167324900
2009-12-04,82.61571502685547,83.63529095705722,81.89382201826902,83.23341219935124,274907800
2009-12-07,82.48918914794922,83.0027018128919,82.2287137664339,82.54128990218976,127973800
2009-12-08,81.57380676269531,82.43709744503509,81.32076946891348,81.89382100963435,169863700
2009-12-09,81.87894439697266,81.99802212241259,81.13472564678845,81.55149200788976,155063400
2009-12-10,82.34033203125,82.6975593993272,82.19892870335373,82.38498332303351,138014600
2009-12-11,82.69013977050781,82.87619444451617,82.3180304224911,82.69013977050781,124854000
2009-12-14,83.2557373046875,83.35248367918625,82.70501144940656,83.2557373046875,107141500
2009-12-15,82.8687744140625,83.29297896524129,82.60829893139828,82.95063894831978,120408800
2009-12-16,82.99524688720703,83.44922063883396,82.80919225712834,83.203632842362,155358200
2009-12-17,81.99799346923828,82.55615733683304,81.92357275581294,82.39987213525889,183390100
2009-12-18,82.46190643310547,82.52924967591947,81.76605670272498,82.45442258201373,174591200
2009-12-21,83.29991912841797,83.57675881972058,82.87343096079776,82.87343096079776,118039600
2009-12-22,83.59923553466797,83.77880805179205,83.37476560688233,83.47951671758032,91707500
2009-12-23,83.76380920410156,83.88352797668075,83.42711014610683,83.80122274765888,111783100
2009-12-24,84.16038513183594,84.25016851532672,83.80123447235461,83.94339910755643,39677500
2009-12-28,84.33991241455078,84.54193062766149,84.04062131010642,84.47459312612558,87508500
2009-12-29,84.2202377319336,84.57190453542043,84.21275958907651,84.55694254120026,80572500
2009-12-30,84.19029998779297,84.28757292069736,83.92842230017628,83.97331969555732,73138400
2009-12-31,83.3822250366211,84.39981184977555,83.34481149011314,84.37736029676735,90637900
2010-01-04,84.79634857177734,84.84124024926585,83.43457917241822,84.07805318943998,118944600
2010-01-05,85.02081298828125,85.05822652533224,84.43719834471325,84.74397336471935,111579900
2010-01-06,85.08070373535156,85.29020591967505,84.8712015510281,84.93853909234362,116074400
2010-01-07,85.43984985351562,85.54460094008545,84.68414069311395,84.92357256363152,131091100
2010-01-08,85.72417449951172,85.76158804883364,85.04329242820074,85.21538105466682,126402800
2010-01-11,85.84388732910156,86.14317286886842,85.47725283842739,86.10576503065045,106375700
2010-01-12,85.04327392578125,85.45479433625928,84.71405303059488,85.27522189729622,163333500
2010-01-13,85.76161193847656,86.00104387871671,84.82633002995914,85.26029649704533,161822000
2010-01-14,85.9935302734375,86.15065689468558,85.61193378840315,85.66430932881917,115718800
2010-01-15,85.0283203125,85.92618836456947,84.69909936277179,85.84388883564327,212283100
2010-01-19,86.09080505371094,86.1431805987205,84.9909129000037,85.01336445515604,139172700
2010-01-20,85.21539306640625,85.634397477044,84.5345108991199,85.50720052502996,216490200
2010-01-21,83.57678985595703,85.49972924980253,83.47203873788823,85.23785145463054,344859600
2010-01-22,81.71368408203125,83.60669317197257,81.62389499123934,83.20265082616797,345942400
2010-01-25,82.1326904296875,82.6115598837771,81.86333456773966,82.46191139546593,186937500
2010-01-26,81.78850555419922,82.65644964056212,81.5864872353422,81.81095139979378,211168800
2010-01-27,82.17759704589844,82.36465339588445,81.05525894598233,81.6837655418521,271863600
2010-01-28,81.23482513427734,82.49184393689407,80.74099937709201,82.44695224310622,316104000
2010-01-29,80.35193634033203,82.15516254331538,80.22473937481661,81.58650956244206,310677600
2010-02-01,81.60144805908203,81.60893191034152,80.43421843685972,80.92056601562099,187865000
2010-02-02,82.58909606933594,82.74622267735865,81.46675826188353,81.75108749321485,216327900
2010-02-03,82.17759704589844,82.66394469756342,81.93816514625661,82.21500489079158,172730700
2010-02-04,79.64111328125,81.57901432421097,79.62614557650903,81.5416064793721,356715700
2010-02-05,79.80570983886719,79.97031460271101,78.24939991111465,79.73088274524953,493585800
2010-02-08,79.22956848144531,80.30701463030229,79.1697090935076,79.8655587798935,224166900
2010-02-09,80.22470092773438,80.92055054064244,79.51388361516968,80.15735769628917,337820500
2010-02-10,80.0676040649414,80.50905432415972,79.39420004294935,80.09753376686405,240511500
2010-02-11,80.90560913085938,80.99539823246123,79.49894745680375,79.96284925231997,223591600
2010-02-12,80.83826446533203,80.8831561579253,79.69348063615436,80.05262559391284,304622100
2010-02-16,82.11026000976562,82.19256526667307,80.67366850312024,81.45182366301329,159317500
2010-02-17,82.49932098388672,82.61155591760517,82.11024064146352,82.50679912656365,168845100
2010-02-18,82.98564147949219,83.157730041003,82.33468364313703,82.3646133295963,193708600
2010-02-19,83.15775299072266,83.47949007332221,82.57413821496195,82.76867837638405,222684900
2010-02-22,83.17272186279297,83.4869750990087,82.92580615926389,83.4645292547798,132346900
2010-02-23,82.1626205444336,83.20265328232469,81.9456345166605,82.94825941366352,207497000
2010-02-24,82.9183120727539,83.05299283000763,82.20001660356903,82.40951873518483,176350700
2010-02-25,82.80606842041016,82.86592779698626,81.51164222585172,81.73610632525562,259634700
2010-02-26,82.85845947265625,83.14278871041428,82.38707963793354,82.8809053159518,173589300
2010-03-01,83.71890258789062,83.80120780223388,83.18017962437273,83.20262546310192,147709700
2010-03-02,83.95088195800781,84.35492433189098,83.80123917146133,84.07808460592936,160992400
2010-03-03,84.02571105957031,84.52702068578904,83.81620316151007,84.16786999762088,150785000
2010-03-04,84.28009796142578,84.39981675039803,83.82368006835462,84.13793332664773,135770400
2010-03-05,85.48474884033203,85.55208638379925,84.62428851993153,84.82631256734632,176118800
2010-03-08,85.49971008300781,85.68676642455578,85.35006729317203,85.49223193947059,114631200
2010-03-09,85.64186096191406,86.03841942888582,85.20041080690946,85.24530249494231,154556700
2010-03-10,86.02347564697266,86.25542369558681,85.60447124728078,85.67929264601051,186088800
2010-03-11,86.3825912475586,86.40504279719319,85.55954472460772,85.82142238529597,160791100
2010-03-12,86.39008331298828,86.7716797739974,86.15065147066018,86.7567120728176,162074800
2010-03-15,86.41252899169922,86.4723883792936,85.74660900310151,86.2404403879971,146816800
2010-03-16,87.10090637207031,87.18320589989897,86.41253478559089,86.65196664351676,168673000
2010-03-17,87.6171875,87.90151678695261,87.10839403274979,87.3627936206281,177468100
2010-03-18,87.5722885131836,87.74437713289736,87.22062171397818,87.62466405507551,196509100
2010-03-19,87.12901306152344,88.12073738195929,86.79092170763928,87.12901306152344,226641100
2010-03-22,87.59481048583984,87.75258987412148,86.58054799153372,86.63313921028995,184477800
2010-03-23,88.21090698242188,88.28603649288902,87.43705640176903,87.72255656636409,182941600
2010-03-24,87.78267669677734,88.22595065375549,86.83603433200499,87.88035024140781,196072600
2010-03-25,87.63993072509766,88.78191442641092,87.53474824202993,88.37620810657168,223396300
2010-03-26,87.58732604980469,88.21842085141644,87.2417256967295,87.80520565474623,205808500
2010-03-29,88.14329528808594,88.30106899556165,87.66997416565883,88.03059814502764,134513500
2010-03-30,88.20338439941406,88.52644642425504,87.83524581873927,88.24846095524788,145772500
2010-03-31,87.9028549194336,88.2935317525452,87.60984586159654,87.86528730401311,161078700
2010-04-01,88.50392150878906,88.84200719261474,87.97800343926463,88.50392150878906,161215200
2010-04-05,89.22518157958984,89.28528175675433,88.59408099723537,88.84201357358945,105847600
2010-04-06,89.43557739257812,89.59335115960836,88.87209719660575,88.96976503371485,110384200
2010-04-07,88.92465209960938,89.67595872043607,88.51143116534884,89.2552288470178,184576300
2010-04-08,89.2326889038086,89.38295367403695,88.35366149302843,88.61661767590948,158704000
2010-04-09,89.8187026977539,89.85626458702924,89.25522277049576,89.42050540093287,133006500
2010-04-12,89.96145629882812,90.19436525714752,89.82622087309954,89.93140334510902,110279000
2010-04-13,90.02903747558594,90.18681111454893,89.40545185586627,89.87126383662294,125043600
2010-04-14,91.05083465576172,91.05083465576172,90.21688399972655,90.35962833395739,161609000
2010-04-15,91.12596130371094,91.33632619557918,90.8705141264328,90.90056707270159,144615300
2010-04-16,89.67594909667969,91.12597094854377,89.21765164859735,90.80290890697776,366786700
2010-04-19,90.01404571533203,90.10420457466694,89.00729758015846,89.41300384914346,217947800
2010-04-20,90.81793975830078,90.89307500392378,90.05912421923567,90.57752187554476,157708000
2010-04-21,90.65267944335938,91.08092408159436,90.14929954100018,90.87055336686879,192910100
2010-04-22,90.92312622070312,91.0358233620773,89.49564820334597,90.01404588244363,115360300
2010-04-23,91.5166244506836,91.554192060903,90.63008273042358,90.86299159616131,177335500
2010-04-26,91.17107391357422,91.749583327015,91.08092077112731,91.54672729247812,143457300
2010-04-27,89.01481628417969,91.16354807486827,88.84201322896277,90.64515037324746,355853300
2010-04-28,89.69097900390625,89.91637327459968,88.85702822716074,89.44305218456077,300674100
2010-04-29,90.8028793334961,90.99070590737276,90.20934667220438,90.23188494394763,193775000
2010-04-30,89.26273345947266,90.91561138438261,89.24019517906267,90.81793785992018,270000900
2010-05-03,90.41974639892578,90.66767894777048,89.55574267938516,89.69097809402642,182747900
2010-05-04,88.29351806640625,89.42799223849552,87.8427354113018,89.4129686338641,360353400
2010-05-05,87.76763153076172,88.50391447678939,87.12902210537858,87.57229022148677,328973200
2010-05-06,84.8525619506836,87.90286465046375,78.88718622477516,87.34689941917688,647356600
2010-05-07,83.59037780761719,85.47615333424858,82.20046167939397,84.62717890029951,637558800
2010-05-10,87.27178192138672,87.63992056946417,86.33264862281126,87.00882001217379,396159600
2010-05-11,87.02385711669922,88.17335545955912,86.33265632298175,86.45286241527313,317849800
2010-05-12,88.240966796875,88.36869328811699,87.21918925902928,87.3694540334272,235607100
2010-05-13,87.14405059814453,88.413760581568,87.0689210848327,88.00053966033123,234452500
2010-05-14,85.56629943847656,86.64818266574703,84.79996930716923,86.4904089837724,345601400
2010-05-17,85.61136627197266,86.03961071212542,83.9735180087192,85.79919288137322,325739800
2010-05-18,84.44686889648438,86.56555342748163,84.16888337150414,86.31010618495642,360556800
2010-05-19,83.96599578857422,84.72481104346386,82.91416579592037,83.97350472471287,394742700
2010-05-20,80.7955093383789,82.56107863393963,80.7429181076861,82.17791067774098,530418300
2010-05-21,81.97505950927734,82.17790975910654,79.15765989934071,79.57088080160376,500909400
2010-05-24,80.92322540283203,82.18542059852547,80.84809589647215,81.53178185596522,269823000
2010-05-25,81.005859375,81.04342698945445,78.42136341129255,78.96981962945631,396505200
2010-05-26,80.51750946044922,82.24551655798628,80.27709162994097,81.50172479047848,349719300
2010-05-27,83.2146987915039,83.24475173546195,81.72710959165232,82.03514796821248,300870500
2010-05-28,82.17037963867188,83.18464209038993,81.7796971168761,83.12453620518862,297933500
2010-06-01,80.7879867553711,82.60614710355496,80.66778069642369,81.40405785401248,277909400
2010-06-02,82.89164733886719,82.89915627680085,80.7729632427949,81.20120771757503,240243700
2010-06-03,83.17713928222656,83.44009540246213,82.32816502774784,83.13206272790433,226618300
2010-06-04,80.25457763671875,82.1403589687346,79.98410677905851,81.59941725341412,398475600
2010-06-07,79.25532531738281,80.8480972460645,79.1952251505,80.5400588132288,264609100
2010-06-08,80.10432434082031,80.26209806376662,78.62424918916146,79.31544999407345,357774300
2010-06-09,79.67607879638672,81.3514895478253,79.33798733806758,80.57012988248488,268023300
2010-06-10,82.00511169433594,82.10277948304385,79.66854784773933,81.03592554972069,317890600
2010-06-11,82.40331268310547,82.45590391873888,81.23127615640958,81.28386739204299,214128200
2010-06-14,82.27557373046875,83.48517761448926,82.1929295596092,83.03438914361406,207196100
2010-06-15,84.14630889892578,84.22143838546877,82.71131105830136,82.85406109514172,238268700
2010-06-16,84.11626434326172,84.46186460142148,83.54526987099156,83.71055819707078,216374000
2010-06-17,84.25153350830078,84.39428361661116,83.43261195055558,84.35671598852466,263185800
2010-06-18,84.3428726196289,84.64482046932184,84.07111494747642,84.41835958205215,174006600
2010-06-21,84.101318359375,85.45255065692315,83.63328993589407,85.39216453718898,213140700
2010-06-22,82.71232604980469,84.4712004833504,82.59154806256873,84.10131033837737,239355400
2010-06-23,82.45565032958984,83.05955164593519,81.88948960591843,82.76514853036883,254639900
2010-06-24,81.08932495117188,82.15371004787711,80.87795916838135,82.04802715648185,268523600
2010-06-25,81.42904663085938,81.84422788379392,80.59867260641593,81.33090837745033,238726500
2010-06-28,81.17235565185547,81.76871235238976,80.87795251301117,81.54979616414664,169218600
2010-06-29,78.6661605834961,81.15727057559174,78.1679420406485,80.03249356354587,373649500
2010-06-30,77.9188461303711,79.17194605209626,77.66218350203066,78.44726071917921,284101700
2010-07-01,77.57158660888672,78.12264660913704,76.3411266798146,77.86598978913793,382924800
2010-07-02,77.14884185791016,78.06979767056198,76.71101522113398,77.8357863854501,233385200
2010-07-06,77.65462493896484,78.78694664887476,76.90728846373835,78.23588088263274,256935300
2010-07-07,80.1004409790039,80.19857345723352,77.76785518140976,77.85089257040644,253769400
2010-07-08,80.89303588867188,80.98361790611675,79.94943481172834,80.77225218636683,210842100
2010-07-09,81.49693298339844,81.50448340423003,80.71940665697026,80.87038051790022,144999900
2010-07-12,81.54978942871094,81.70831373966602,80.88549625528704,81.2251903845787,131283600
2010-07-13,82.7802734375,83.10486681784468,82.22920763885698,82.39528242089423,213025900
2010-07-14,82.77269744873047,83.0972964881092,82.17634080618421,82.51603493050132,184426800
2010-07-15,82.79536437988281,83.08221714221463,81.65549223604854,82.74252292999836,232337900
2010-07-16,80.51559448242188,82.44053720049503,80.35706443524616,82.34994942486374,282693400
2010-07-19,80.99120330810547,81.24786014743006,80.18348066775104,80.81003343568304,186709000
2010-07-20,81.88948822021484,81.94987431932826,79.88150212311531,79.91924847443522,258162400
2010-07-21,80.8250961303711,82.33485790044193,80.4929466979846,82.31221239537633,264527000
2010-07-22,82.62928009033203,82.99162553301522,81.77626656635125,81.78381123026152,274781300
2010-07-23,83.34644317626953,83.46722118375793,82.22921637074515,82.46322771976372,222020800
2010-07-26,84.21454620361328,84.29758359771157,83.25584959805109,83.48986093089904,184445700
2010-07-27,84.20697021484375,84.7655804915694,83.87482076200364,84.67499270644451,204855600
2010-07-28,83.6634750366211,84.29002774189532,83.38416695180003,84.0333651689516,163056200
2010-07-29,83.25581359863281,84.41078043259667,82.59152049237026,84.18431386310866,220149100
2010-07-30,83.24073028564453,83.68611309695643,82.2669388059109,82.41036228812548,220070600
2010-08-02,85.12041473388672,85.25629359463983,84.19945865092535,84.53915292316456,188263200
2010-08-03,84.71277618408203,85.12795742281057,84.43346804366368,84.90904692489727,146657300
2010-08-04,85.27887725830078,85.38456010009115,84.66742570804462,84.94672789308363,158171700
2010-08-05,85.18830108642578,85.23359785284325,84.6070453775024,84.73537373723715,140473800
2010-08-06,84.84107208251953,84.97695088801137,83.73139613088364,84.35039829828318,239728300
2010-08-09,85.29399108886719,85.43742030251941,84.78822226921928,85.24114965635597,120800400
2010-08-10,84.83350372314453,85.2864368185398,84.07107824841518,84.56929659035299,242916300
2010-08-11,82.50849151611328,83.55777559338729,82.37261271247353,83.52757966376905,273406900
2010-08-12,82.0027084350586,82.29711151936122,81.22518204527043,81.26292839322066,239542600
2010-08-13,81.76113891601562,82.25181259573995,81.66300648378419,81.74604383385831,158698500
2010-08-16,81.72343444824219,81.98764169738696,80.90816142863598,81.20256461472388,147895300
2010-08-17,82.72740173339844,83.33130880577993,82.19143694232008,82.42545395649236,172270300
2010-08-18,82.8783950805664,83.32377215662098,82.21410179856979,82.68967480916315,182922100
2010-08-19,81.43658447265625,82.65194370554471,81.09689022515013,82.44812830889838,265847600
2010-08-20,81.17235565185547,81.4818596363911,80.58354937416685,81.19500116110731,209714200
2010-08-23,80.86284637451172,81.9574214068388,80.82510002472759,81.55733543997835,163490300
2010-08-24,79.66259002685547,80.31178813959838,79.23985851503585,79.97963866072017,280677800
2010-08-25,79.97208404541016,80.27403179668562,78.72652941390423,79.22474781093608,272234800
2010-08-26,79.43614959716797,80.4552380446185,79.1719365751035,80.34955513950727,224439500
2010-08-27,80.66655731201172,80.74959465515788,78.7416090980352,79.93432206387726,272649000
2010-08-30,79.49652099609375,80.70433527537182,79.48897633233011,80.45522314832431,167238600
2010-08-31,79.49652099609375,80.0022956732377,78.87751876964212,79.20211784932317,273933100
2010-09-01,81.8744125366211,81.98764586609371,80.51562986080877,80.56847131332448,256828100
2010-09-02,82.6368179321289,82.65191301693666,81.89703207228843,82.07065722364273,156112200
2010-09-03,83.70873260498047,83.78421953416418,82.99914280022978,83.4445254731957,212197300
2010-09-07,82.76516723632812,83.42191589756284,82.6972306985897,83.31623299933463,141973700
2010-09-08,83.34644317626953,83.67858701632787,82.89350981014881,82.93125617708787,149924400
2010-09-09,83.73140716552734,84.30511839313175,83.50494629938638,84.2824728824462,147017900
2010-09-10,84.1541519165039,84.25228439123875,83.69367396093438,83.8823942456994,127819000
2010-09-13,85.09017944335938,85.26379883224837,84.64479669934849,84.98449657378752,178503500
2010-09-14,85.03734588623047,85.52046926596702,84.60706394617495,84.92411258426112,209823600
2010-09-15,85.36194610595703,85.46007856404422,84.53157814571551,84.78823492499822,168608400
2010-09-16,85.33930206298828,85.39214350429444,84.8108818906415,85.0977403656908,199962900
2010-09-17,85.37117767333984,85.87206922790482,85.13591358626022,85.788587302144,195836900
2010-09-20,86.67650604248047,86.86623659746098,85.3939256379748,85.66713810035608,214555200
2010-09-21,86.50196838378906,87.15463625059081,86.14527396778446,86.74482329402998,268389100
2010-09-22,86.07695770263672,86.8510616175949,85.83410282130255,86.36535185492654,191322400
2010-09-23,85.37876892089844,86.26670672804738,85.13591398757262,85.37117807576122,202354300
2010-09-24,87.13944244384766,87.20015760645975,86.25150490358294,86.32739596178976,209671800
2010-09-27,86.7220458984375,87.26847086337195,86.63856977501678,87.16981305197113,128761800
2010-09-28,87.02562713623047,87.30643049872803,85.89483442151233,86.83589654295007,209207500
2010-09-29,86.87385559082031,87.2077833286268,86.53233700712217,86.80554955803312,179665800
2010-09-30,86.6158218383789,87.87563595305959,86.20600299830637,87.31403493079088,287106700
2010-10-01,86.98009490966797,87.36714694681325,86.464027456847,87.26848333119915,174638700
2010-10-04,86.3274154663086,87.16222887543172,85.89482996766455,86.79794939768827,166153200
2010-10-05,88.06536102294922,88.27785838067257,87.02563519109572,87.12429881440923,229634100
2010-10-06,88.0577621459961,88.28544117428784,87.70106770372753,88.05017130102152,148626600
2010-10-07,87.95150756835938,88.43721739197542,87.42026425819114,88.41445064869933,164860000
2010-10-08,88.44479370117188,88.68764857306844,87.73899582501673,88.07292344516833,177760100
2010-10-11,88.5283203125,88.77117530703693,88.22475012179888,88.58144466161372,103098300
2010-10-12,88.80156707763672,89.05959807545,87.76943150613957,88.23995998218072,182210000
2010-10-13,89.49211883544922,89.9702436040639,89.08230008668713,89.29480320058133,194347200
2010-10-14,89.14302825927734,89.56043791335264,88.58142728025493,89.40864995272587,217764300
2010-10-15,89.32516479492188,89.81846551643011,88.61178167116324,89.76534117965959,243705000
2010-10-18,89.76535034179688,90.06132964688803,89.02919460704024,89.35553150625857,141204800
2010-10-19,88.58900451660156,89.43899380505987,88.05016457680247,88.9381080872352,280604700
2010-10-20,89.45417022705078,89.88675569020546,88.69524795554312,88.74837228294396,200051800
2010-10-21,89.65149688720703,90.38006166274572,88.95328970108055,89.85640916820994,221585500
2010-10-22,89.81847381591797,89.95508009311047,89.55285210752115,89.78811622208418,108212400
2010-10-25,90.08409118652344,90.88855290908407,90.01579094627553,90.41801891249649,151145700
2010-10-26,90.09925079345703,90.19031775813275,89.45416803649579,89.62871691220244,158982900
2010-10-27,89.84122467041016,89.9398882804456,88.99123535390763,89.4693543444403,190024000
2010-10-28,89.85639190673828,90.39522598752886,89.42380647342094,90.35727756052398,168576000
2010-10-29,89.9247055053711,90.09926018939835,89.60595951553131,89.7653325104512,144305500
2010-11-01,89.955078125,90.88096445125646,89.43901062135471,90.36489694761117,174074800
2010-11-02,90.66845703125,90.88095436974572,90.38765366817023,90.63050859646795,158345900
2010-11-03,91.03272247314453,91.08584679956604,89.89433908686868,90.82781601126649,226702800
2010-11-04,92.78587341308594,92.83140691365443,91.0479400632467,92.04212675978947,215039400
2010-11-05,93.13495635986328,93.28673852138023,92.72513757562551,92.84656214681542,180654100
2010-11-08,92.96039581298828,93.1121837550715,92.54299200002482,92.84655630395535,156107100
2010-11-09,92.29256439208984,93.30951774855095,91.92069399354561,93.21085990937937,186621600
2010-11-10,92.66442108154297,92.70996036144723,91.57157679585059,92.2697839931215,221387400
2010-11-11,92.3153305053711,92.45193678411779,91.58676561542842,91.86756901899636,158017600
2010-11-12,91.22247314453125,92.09523509107132,90.80506928496415,91.69300713234797,239068800
2010-11-15,91.09342193603516,91.86752574768886,91.05547930377217,91.51083142174218,163940800
2010-11-16,89.67426300048828,90.6836252731051,89.24167172492972,90.53184312703094,299566200
2010-11-17,89.71977996826172,90.09165021076196,89.44656752353434,89.71218912532022,172308900
2010-11-18,91.04029083251953,91.36662755426049,90.57734790655873,90.58493874849202,197723700
2010-11-19,91.2907943725586,91.32873702604432,90.50151422454901,90.99481504081994,156852900
2010-11-22,91.21485900878906,91.25280164386118,90.13718510866266,90.83539791736735,181361000
2010-11-23,89.89437103271484,90.32695664162333,89.5452673650097,90.13722600981927,222309000
2010-11-24,91.22247314453125,91.24524568097478,90.44837481889067,90.46355071973443,140046100
2010-11-26,90.15997314453125,90.92648051215126,90.15997314453125,90.43318564055426,76007800
2010-11-29,90.43318939208984,90.67604431083849,89.35551526190713,89.9322978652294,223642300
2010-11-30,89.9247055053711,90.44077292278129,89.40863808796091,89.53765928490188,233930700
2010-12-01,91.83719635009766,92.0117452503275,91.21488024687328,91.22246530158372,221037200
2010-12-02,93.0135269165039,93.08183294294346,91.92826765960415,91.98139199567119,191213600
2010-12-03,93.2639389038086,93.37018753744512,92.67198057637194,92.69474731356314,151288900
2010-12-06,93.16531372070312,93.37781106235076,92.96799227912247,93.06665010485365,103050500
2010-12-07,93.21841430664062,94.11394272551286,93.16528998476332,94.06081840363555,206581000
2010-12-08,93.55995178222656,93.63584286358369,92.8996930052894,93.3322785381552,138019200
2010-12-09,93.92420959472656,94.12152519049275,93.46126660676099,94.08358255597618,123705100
2010-12-10,94.47066497802734,94.56173196235505,93.901473165505,94.21262834548891,117571700
2010-12-13,94.5313720703125,95.01708194196827,94.5010144795692,94.90324821432895,133812700
2010-12-14,94.61482238769531,95.0398227259956,94.32643405715864,94.67553754889771,147249600
2010-12-15,94.18225860595703,94.81216552019532,94.02288561382164,94.44029520521275,160823100
2010-12-16,94.72868347167969,94.79698949113967,93.91663682327707,94.24297365152024,185035200
2010-12-17,94.83016967773438,94.95223283588084,94.46396856215644,94.66232774228487,141075300
2010-12-20,95.05902862548828,95.28790502222999,94.58602594238928,95.08954586642508,119085500
2010-12-21,95.6617202758789,95.7227547508862,95.26500782946732,95.35655372141036,94965500
2010-12-22,95.9592514038086,95.9897686398296,95.67697715660752,95.7303808645024,78878100
2010-12-23,95.82194519042969,95.959269868665,95.58544384146782,95.85246243232295,70053700
2010-12-27,95.86009979248047,95.95164570388927,95.3947220075886,95.46338144114519,58126000
2010-12-28,95.99740600585938,96.08895189965054,95.7456431567976,96.0508097174269,55309100
2010-12-29,96.06607055664062,96.27968541431889,96.05081484705003,96.11184932654906,58033100
2010-12-30,95.91349792480469,96.22628947150487,95.76854247942941,95.97453240923309,76616900
2010-12-31,95.93635559082031,96.02790728996918,95.61593337464988,95.76851371933094,91218900
2011-01-03,96.92816925048828,97.34776821235612,95.89823129733887,96.66877561573624,138725200
2011-01-04,96.87480163574219,97.17233756668757,96.27209900571751,97.14182031472257,137409700
2011-01-05,97.37830352783203,97.43933802034597,96.47806513524505,96.56961687401594,133975300
2011-01-06,97.18756103515625,97.52324487481928,96.89765596853647,97.41643743866626,122519000
2011-01-07,96.99685668945312,97.47749027131476,96.24157368350767,97.31727907736088,156034600
2011-01-10,96.87480163574219,97.01212635929933,96.27972395328077,96.5696349366629,122401700
2011-01-11,97.21805572509766,97.45455701877918,96.85185472854388,97.22568648892953,110287000
2011-01-12,98.0954360961914,98.2022435389134,97.24097073384638,97.8131617778129,107929200
2011-01-13,97.93521881103516,98.17935676001527,97.69109250319318,98.13358380486603,129048400
2011-01-14,98.64472198486328,98.66760845952517,97.72922807497798,97.79788749896363,117677900
2011-01-18,98.81256866455078,98.90411456761883,98.43873682512753,98.5531692039626,114401300
2011-01-19,97.84365844726562,98.82781176100944,97.58427064564465,98.72864091988167,151958400
2011-01-20,97.7139663696289,97.95809264596352,96.9891950234149,97.6224146505772,175745700
2011-01-21,97.93521881103516,98.5455520423473,97.82841136864089,98.32431221207995,151462900
2011-01-24,98.49214935302734,98.60658173533673,97.85129308868207,97.87417956514395,113715500
2011-01-25,98.5455551147461,98.62947608218218,97.73686850552842,98.2327577232899,167552200
2011-01-26,98.92699432373047,99.21690518526995,98.5913105137661,98.78967547845582,141281500
2011-01-27,99.17112731933594,99.3389692159955,98.77440905076463,98.94987589140477,123302700
2011-01-28,97.43933868408203,99.44580544001576,97.27912750556882,99.28558844093294,295637300
2011-01-31,98.17169189453125,98.24798789189461,97.46218801181809,97.70632589047301,149249200
2011-02-01,99.74334716796875,99.91881406972193,98.70578400958233,98.76681850609211,167194300
2011-02-02,99.5526123046875,99.81962511339705,99.43054331954872,99.48394122483496,118323600
2011-02-03,99.77381896972656,99.92639932983262,98.85070022434704,99.37710072054261,145886700
2011-02-04,100.05610656738281,100.09425457278283,99.35422750434265,99.81198028686907,134634800
2011-02-07,100.68170928955078,101.00975655164972,100.2697294241966,100.27736601056768,112439100
2011-02-08,101.13945770263672,101.19285559921927,100.49860145568539,100.77325080691104,99072800
2011-02-09,100.91056060791016,101.1852099028095,100.40703496040553,100.86478766561606,146436700
2011-02-10,100.94871520996094,101.06314757318121,100.17054021665624,100.3994165842324,162708500
2011-02-11,101.55145263671875,101.68114658099657,100.52915097631222,100.55203745817653,137710300
2011-02-14,101.79553985595703,101.8794608042436,101.37594675566001,101.49037912098905,101690700
2011-02-15,101.47515869140625,101.63537570889389,100.94875795655382,101.48279527961172,119575400
2011-02-16,102.11597442626953,102.23803173637023,101.61244873327045,101.81843863334024,130183500
2011-02-17,102.42115783691406,102.55847670660256,101.72690361934183,101.81846117360598,109810500
2011-02-18,102.63479614257812,102.75686514868585,102.27622571284991,102.5127271364704,130002400
2011-02-22,100.57493591308594,102.65768749866288,100.30028645687808,101.55908967383144,233116400
2011-02-23,99.95695495605469,100.75801665904484,99.33899672953456,100.51387869041814,227584000
2011-02-24,99.88827514648438,100.27736854483426,98.94989464900996,99.85013877821625,260431400
2011-02-25,100.95630645751953,101.01734091124402,100.24679111896256,100.30782557268705,141686900
2011-02-28,101.58191680908203,101.71162233416051,100.99448185965551,101.33016562569061,141585500
2011-03-01,99.88827514648438,101.99392419787037,99.85776372364226,101.90237828820595,258565500
2011-03-02,100.10188293457031,100.56726062348842,99.44577687545849,99.75093761131409,200277400
2011-03-03,101.82608032226562,101.94051270715795,101.00213222762733,101.00975717290754,176480100
2011-03-04,101.06315612792969,101.94813861553011,100.39942508279766,101.74977364764304,277202300
2011-03-07,100.26973724365234,101.58958626362202,99.74333659419645,101.36070983625848,216790400
2011-03-08,101.14708709716797,101.46750941417093,99.99509174500466,100.42994644624517,174615000
2011-03-09,101.00211334228516,101.31491065735457,100.39941682598115,100.94871545303234,153806000
2011-03-10,99.13301086425781,100.07901642887445,99.03382835526817,99.94169754670993,301291800
2011-03-11,99.81963348388672,100.17820388208825,98.78970689340282,98.81259337489313,225621800
2011-03-14,99.21693420410156,99.54498152451767,98.46164541077593,99.17116124228907,234974100
2011-03-15,98.0801773071289,98.6676240790985,96.50857704549199,96.57723648034677,359585400
2011-03-16,96.26441955566406,98.08778805990947,95.57779628511085,97.76735416603846,468670300
2011-03-17,97.53849029541016,97.95046428592481,96.96630516756782,97.65292848509225,254303700
2011-03-18,97.89324951171875,98.75142661325053,97.70169259274005,98.72077095885831,230435400
2011-03-21,99.410400390625,99.61727348152837,98.99663082540118,99.11157201205603,153992600
2011-03-22,99.06558990478516,99.52533127440299,98.97364630754507,99.3950739477433,129538600
2011-03-23,99.34909057617188,99.6096051991445,98.32234822089815,98.78973591356278,148603100
2011-03-24,100.2992172241211,100.44480238097594,99.35676027673009,99.91610331311725,159129800
2011-03-25,100.60570526123047,101.0424489962116,100.29154907975695,100.55973346720167,155642800
2011-03-28,100.3604965209961,101.08075239844108,100.32985255867574,100.82023779774585,109762400
2011-03-29,101.03479766845703,101.0654416359515,99.94675560092418,100.27622794125016,129798800
2011-03-30,101.7320327758789,102.0308610459215,101.41787668150727,101.56346178337238,135835000
2011-03-31,101.59414672851562,101.87765898031658,101.48687529834226,101.60181648962666,132537100
2011-04-01,102.0232162475586,102.49828538434852,101.7780294568313,102.22244293746336,153850100
2011-04-04,102.10751342773438,102.42166963484803,101.81635481121964,102.23777075201622,100768900
2011-04-05,102.0921859741211,102.54425752447142,101.86231531898642,101.90828711167191,120791500
2011-04-06,102.41403198242188,102.67454668292018,102.00026233649085,102.5826030690292,120411600
2011-04-07,102.15345764160156,102.65915891446883,101.64774467703032,102.2300733778765,170731500
2011-04-08,101.801025390625,102.66686654099576,101.37959776470524,102.60556691434303,147945400
2011-04-11,101.4945297241211,102.25308769012219,101.24933123979656,101.90828755178467,121385400
2011-04-12,100.7359619140625,101.12673385245141,100.36817587253721,100.92751884906427,161187400
2011-04-13,100.7282943725586,101.27996753711,100.34518053858548,101.2033517853392,162059000
2011-04-14,100.804931640625,100.95817486858195,99.81650288235015,100.14597523787215,161220400
2011-04-15,101.17273712158203,101.42559375745435,100.69002144556312,100.98884988946476,170006700
2011-04-18,100.0387191772461,101.1650751979111,99.23417749224102,100.06170508038534,210759300
2011-04-19,100.61336517333984,100.64402083105915,99.9467507642919,100.19193756750758,124258800
2011-04-20,101.98491668701172,102.20711758686026,101.74737626700525,101.81634564917871,156133800
2011-04-21,102.50592803955078,102.55189982516804,101.98489888028125,102.51358610658518,135935400
2011-04-25,102.3987045288086,102.56727561604029,102.06156235434518,102.42934850298214,65757100
2011-04-26,103.27982330322266,103.48670804941953,102.6055508987061,102.71282230567736,146600000
2011-04-27,103.95410919189453,104.10735239139487,103.05762419852555,103.47905176593149,143031000
2011-04-28,104.29124450683594,104.42915986996256,103.75488749738918,103.77020363215485,124791100
2011-04-29,104.53646087646484,104.64374400044258,104.1916606792953,104.32958777318866,115094100
2011-05-02,104.37554168701172,105.11111375602337,104.16865692748028,105.02683993027019,126278700
2011-05-03,104.0000991821289,104.35256912519637,103.47140011338207,104.176339999517,138375000
2011-05-04,103.31050872802734,104.00010915845992,102.85076731326573,103.95413735532573,182678500
2011-05-05,102.37571716308594,103.4024598130432,101.92364547728978,102.73584523596375,226900000
2011-05-06,102.82779693603516,103.92350907356692,102.429355095868,103.39480987428412,222787200
2011-05-09,103.22621154785156,103.52503992622597,102.6591987591656,102.82011174369423,114104500
2011-05-10,104.10736083984375,104.29125970919179,103.44074643748196,103.57100375221314,114806900
2011-05-11,103.01165771484375,103.96944237569777,102.53660026440649,103.95411454744605,193564200
2011-05-12,103.50202941894531,103.71657221950213,102.20710285663085,102.73580179075505,171550700
2011-05-13,102.7051773071289,103.70127586441231,102.33739120765986,103.55569070020121,157444900
2011-05-16,102.05389404296875,103.14193623846693,101.88532297265259,102.33739461954153,141675400
2011-05-17,102.03856658935547,102.17649368908377,101.23402496745132,101.6707804762629,192686200
2011-05-18,102.95036315917969,103.0576345788053,101.86997920256673,102.09219180217482,135217900
2011-05-19,103.19552612304688,103.46371045600509,102.62852518961144,103.28748138412963,119489500
2011-05-20,102.37571716308594,103.1955749922662,102.18416017503225,102.92740222401744,182594900
2011-05-23,101.18805694580078,101.69377017751827,100.82792888912712,101.12675730937652,168700000
2011-05-24,101.10375213623047,101.70140886281249,100.91219519330782,101.47920795337372,147199600
2011-05-25,101.44087982177734,101.86230737470576,100.66699409127699,100.69763805344165,151050100
2011-05-26,101.90828704833984,102.09218591067474,100.97348829195835,101.16504522250034,164850000
2011-05-27,102.299072265625,102.57491474910393,101.87765631705913,102.1918008382559,120921900
2011-05-31,103.36414337158203,103.37947120390412,102.55194363416702,103.2645416907644,164731200
2011-06-01,101.04248046875,103.37947815736749,100.9581949228749,103.06532187804112,233094300
2011-06-02,100.93519592285156,101.32597962652981,100.34520886998502,101.11143675426749,200466800
2011-06-03,99.9314193725586,100.69764710431417,99.67090474977145,99.72453461130652,234690200
2011-06-06,98.87397766113281,99.8854034320404,98.74372040731026,99.67851876222709,179951200
2011-06-07,98.81273651123047,99.66324978765525,98.72845099044214,99.37973756770853,161660500
2011-06-08,98.39897918701172,98.988977905748,98.2150802938226,98.65949385024778,198696400
2011-06-09,99.14984130859375,99.55594097891577,98.42959722525042,98.66712589750993,160964400
2011-06-10,97.7706527709961,98.78973116310381,97.51013816055074,98.7284432361693,238629400
2011-06-13,97.84727478027344,98.26104428490453,97.34923145282853,97.99285991369153,207599800
2011-06-14,99.08858489990234,99.43338507222836,98.70547099916045,98.74377303586793,160570400
2011-06-15,97.32626342773438,99.07326791689987,97.06574875271833,98.26106822907944,300958000
2011-06-16,97.54080200195312,98.0541732287566,96.78989618020665,97.35690311957386,308032800
2011-06-17,97.83190155029297,98.51722489209908,97.50078981072525,98.50952297959623,233284900
2011-06-20,98.33238983154297,98.54030029364402,97.46996384012073,97.50076560764815,159479000
2011-06-21,99.67993927001953,99.87244591663976,98.37089642293662,98.84061311067691,193157300
2011-06-22,99.07931518554688,99.957144986166,99.01771165133309,99.37192903564416,176703000
2011-06-23,98.79438781738281,99.05619396908264,97.16963167057358,97.91655820605324,334286500
2011-06-24,97.64704895019531,98.84828829172123,97.50074792451933,98.77129269912157,226129300
2011-06-27,98.5171890258789,98.89449447858799,97.51615225911084,97.70865887773272,168904700
2011-06-28,99.80316162109375,99.8185654450898,98.77132865718363,98.90992782412302,165556300
2011-06-29,100.65788269042969,100.8195817039996,99.81855647800752,100.25746555022845,244295500
2011-06-30,101.62039947509766,101.78209846239787,100.65017030228009,100.98127606177145,223322700
2011-07-01,103.12194061279297,103.26055148340525,101.47408448235649,101.71279080153585,202385700
2011-07-05,103.03723907470703,103.24514950950521,102.71382937039397,103.01413922080405,165936000
2011-07-06,103.16043853759766,103.29134161663919,102.49821535854197,102.79082915267627,143331600
2011-07-07,104.23078918457031,104.49259537885526,103.86117974854027,104.07678623203047,170464200
2011-07-08,103.49154663085938,104.23077716736256,102.7138241729132,103.05263767924089,194100500
2011-07-11,101.62039947509766,102.55212497247686,101.3816931369207,102.2210192129855,195918600
2011-07-12,101.18147277832031,102.2441130596756,101.15067688958267,101.40478703293596,214675700
2011-07-13,101.5202865600586,102.58292684410675,101.27388420051885,101.71279317675302,204062600
2011-07-14,100.81954193115234,102.24409534412128,100.62703534830084,101.77437881197682,226111800
2011-07-15,101.40477752685547,101.54337663768912,100.69635465558608,101.38167767504986,220012800
2011-07-18,100.57315063476562,101.08906692337648,99.81852803721085,100.93506399015499,196872100
2011-07-19,102.20561218261719,102.32881924028122,101.1121759826103,101.13527583721334,166554900
2011-07-20,102.14404296875,102.52905634104032,101.96694010740563,102.46746454118845,137145400
2011-07-21,103.56087493896484,103.81498511042454,102.1594209781276,102.72153706971699,245246300
2011-07-22,103.63019561767578,103.7379988866476,102.99876807821569,103.58399589521287,126019400
2011-07-25,103.05268859863281,103.56090910924131,102.53677204986718,102.6445753324499,136653800
2011-07-26,102.66763305664062,103.15275350398333,102.43662276030258,102.9833467366469,131278200
2011-07-27,100.56547546386719,102.12862847221582,100.43456060631506,102.09782082937775,249020100
2011-07-28,100.27284240722656,101.46638572071657,100.11113168747028,100.56545620979944,207939900
2011-07-29,99.58753967285156,100.52697304675975,98.54030304700342,99.26412991703168,307038400
2011-08-01,99.16400909423828,100.84267292944865,98.20147599482249,100.75026176212803,325790900
2011-08-02,96.63062286376953,98.94840425030665,96.63062286376953,98.41708409072716,346653800
2011-08-03,97.15423583984375,97.26203907291605,95.12136648071525,96.76152658000991,370830800
2011-08-04,92.60342407226562,95.96074137065011,92.4494151882619,95.80673248664638,520721800
2011-08-05,92.46477508544922,93.99712603555045,89.98528904191897,93.75841972229824,655619200
2011-08-08,86.44317626953125,92.49558501093428,86.25836568021681,90.02380065850417,702263900
2011-08-09,90.4627456665039,90.5859468922577,84.91084759897753,87.83695161481315,717828700
2011-08-10,86.46627807617188,89.5386822261332,86.20446600615153,88.75325776574435,662607400
2011-08-11,90.34720611572266,91.57154536928795,86.48937189959447,87.21319865317537,487979700
2011-08-12,90.95552062988281,91.79484658731788,90.30869539792353,91.1711270822575,313731600
2011-08-15,92.88060760498047,92.97300703409856,91.63316243835747,91.7794693675765,258810600
2011-08-16,92.08746337890625,92.93449720176768,91.10183043030653,91.99506396174739,294095200
2011-08-17,92.14906311035156,93.32720262927381,91.41754033874908,92.59567985767134,238201100
2011-08-18,88.17575073242188,92.1798868442357,87.3133187949501,89.70810207571363,512956300
2011-08-19,86.73580169677734,89.23068640676183,86.62799843537806,86.9822099906667,428281300
2011-08-22,86.8050537109375,88.73011915771322,86.55864556874354,88.6839135921038,275090600
2011-08-23,89.6618881225586,89.76198945326809,86.68958534325809,87.12850021611666,331136600
2011-08-24,90.92473602294922,91.0479372154774,89.26147586254629,89.4693863200148,246869700
2011-08-25,89.53868103027344,91.94116583997851,89.222973218248,91.42524949176865,312365400
2011-08-26,90.84001922607422,91.25583420480623,87.66750820769415,89.08435989909606,314495900
2011-08-29,93.4504165649414,93.50431818497967,90.9093267635127,92.06436651419193,190977200
2011-08-30,93.69682312011719,94.27434298504029,91.8333604325926,93.04230178150485,241315700
2011-08-31,94.11266326904297,95.10599840704997,93.40424012211685,94.29746803023295,301828400
2011-09-01,93.12699890136719,95.02126322592797,93.00379185188251,94.16653341334334,254585900
2011-09-02,90.7476577758789,93.07314201641675,90.4242479278057,91.18657281964637,255517200
2011-09-06,90.08538055419922,90.21628949786549,88.07561132158496,88.08331322999703,285130500
2011-09-07,92.62650299072266,92.66500079688949,91.14035137646671,91.44836319998589,209803200
2011-09-08,91.6639633178711,93.12701497137076,91.45605285469755,92.07207645875103,250568200
2011-09-09,89.261474609375,91.67935746151296,88.76865809650843,90.61672295717621,380195100
2011-09-12,89.83897399902344,89.90827942632815,87.8215086959921,88.14491835718775,305793500
2011-09-13,90.66290283203125,91.00171631355711,89.49246533877775,90.13158863353428,272514700
2011-09-14,91.9180679321289,93.01920609221726,89.87749647639141,91.12493568058981,319389500
2011-09-15,93.50433349609375,93.5351352661359,91.94118038418564,92.90371366736423,326777200
2011-09-16,94.0577392578125,94.40604747372284,93.12892915917945,93.87972017643595,284528300
2011-09-19,93.12118530273438,93.60107385584112,91.89051165452594,92.51745816170907,241517000
2011-09-20,93.0128173828125,94.42151590849164,92.88897880413533,93.51592526453291,218932200
2011-09-21,90.2728271484375,93.34564925608885,90.12576919398546,93.05926919910351,316251300
2011-09-22,87.35482025146484,88.39973318260817,86.14736583371977,87.65668385590112,513911300
2011-09-23,87.88114929199219,88.36103790829014,86.70465007307826,86.77431408595547,307242500
2011-09-26,89.9709701538086,90.09481465632669,87.44770041992696,88.70933528686778,260673700
2011-09-27,90.97718811035156,92.54068660573276,90.43537725752087,91.74345679487996,311753900
2011-09-28,89.11954498291016,91.71247829270446,88.98796464988389,91.16293169133307,286696800
2011-09-29,89.82389831542969,91.04683011014575,88.18299434188575,90.59790862093023,298108900
2011-09-30,87.57929229736328,89.35951296604513,87.51737003795739,88.5855024391665,288392300
2011-10-03,85.08698272705078,88.19850263955722,84.99409933218789,87.0684479089362,365136800
2011-10-04,86.9522933959961,87.13806007517137,83.15190680593709,83.86399469375671,459177500
2011-10-05,88.56228637695312,88.79449190578477,86.36409923300305,87.16907091965898,284108000
2011-10-06,90.1644515991211,90.29603782847195,87.85790438074527,88.51581190658148,257800800
2011-10-07,89.56074523925781,90.75272199800861,89.05763728380903,90.69079974698057,312657900
2011-10-10,92.55615234375,92.5948493152995,91.07778984817922,91.08553160458109,230666300
2011-10-11,92.64904022216797,92.91220682236695,91.91373272248035,92.00661609406185,209088000
2011-10-12,93.46175384521484,94.53762780629411,93.13667090126944,93.34565110659703,281544900
2011-10-13,93.27598571777344,93.5546299065901,92.20011184076533,92.91219992097226,212538800
2011-10-14,94.87043762207031,94.89365698510456,93.83326670500924,94.35959391962774,211397600
2011-10-17,93.05929565429688,94.85499998341993,92.82709011565242,94.42155003829909,202311600
2011-10-18,94.87818908691406,95.59027718390325,92.26203035305987,92.9896019638094,318857900
2011-10-19,93.75589752197266,95.26522166540342,93.43081450224244,94.72341072728777,226601300
2011-10-20,94.16612243652344,94.50668304882132,92.74194001295322,93.9880974191153,262075600
2011-10-21,95.95404815673828,96.07015087107274,94.98653537933346,95.2729153820985,278999400
2011-10-24,97.13055419921875,97.37050141594133,96.0237191963402,96.10886080465625,203215600
2011-10-25,95.24199676513672,96.71261202767052,95.03301061798904,96.66617328618509,268596800
2011-10-26,96.20948028564453,96.57326015730355,94.59179572771485,96.24817725655474,289053800
2011-10-27,99.56095886230469,100.17242186530949,97.99745458929011,98.78694257782391,393220200
2011-10-28,99.53777313232422,99.73127579252666,98.91856225758337,99.07336202365231,225906500
2011-10-31,97.1383056640625,99.55321434425167,96.99898355518768,98.42316576871144,228146700
2011-11-01,94.42924499511719,95.59800205794717,94.05771749847489,94.45246435642686,416565800
2011-11-02,95.96951293945312,96.28685992254817,95.04070315934356,95.84567439121186,244717600
2011-11-03,97.71881103515625,97.91231363126548,95.6676823353524,96.96027826010665,291174800
2011-11-04,97.12284088134766,97.29311823225594,95.98504449280581,96.92933825486725,249401600
2011-11-07,97.7265625,97.82718173408865,96.13209693411915,97.05317127276649,196617200
2011-11-08,98.98045349121094,99.08882038622552,97.30085224433522,98.2374041733106,224426300
2011-11-09,95.32711791992188,97.37050477963632,95.09491245190553,96.66615252382238,337982000
2011-11-10,96.2249755859375,96.7048641742541,95.21875967358137,96.58876142971596,231866500
2011-11-11,98.0361557006836,98.29157463325035,97.36276455700835,97.39372568024714,189924400
2011-11-14,97.10735321044922,98.64763239788167,96.68938684650261,97.67238345390422,159258300
2011-11-15,97.58719635009766,98.10578170794597,96.5345421252312,96.8828443135822,184709400
2011-11-16,96.03922271728516,97.78848216746945,95.8999005933099,96.60424706629547,235782500
2011-11-17,94.51438903808594,96.10111236127521,93.83326216603398,95.8611651759923,331219600
2011-11-18,94.41377258300781,95.00975787524808,94.01902570334087,94.81625531338403,215580400
2011-11-21,92.61808013916016,93.15214325832035,91.83632804212476,93.03604052624891,229611600
2011-11-22,92.25431060791016,92.95865707098966,91.73571910054334,92.41685209939004,216494900
2011-11-23,90.21862030029297,92.25427075396684,90.21862030029297,91.38737726867507,224329100
2011-11-25,90.04835510253906,91.10100957869122,89.93999413339662,90.07931622304118,99557000
2011-11-28,92.65676879882812,93.02055457090157,91.96790013030893,92.52518847006148,210686000
2011-11-29,92.91993713378906,93.65524454290173,92.57937071850496,92.91993713378906,199241500
2011-11-30,96.7435302734375,96.921555212271,92.88122114751737,95.58251500909354,324439500
2011-12-01,96.72808074951172,97.24666630088187,96.31011442437988,96.63519737551663,176954800
2011-12-02,96.64293670654297,97.91231325978497,96.5810144587676,97.61819144069787,221109700
2011-12-05,97.69559478759766,98.4386440717528,97.09186761329852,98.1754774619222,225263900
2011-12-06,97.7265625,98.38447021107758,97.33955726933891,97.68785961484141,178842100
2011-12-07,98.09031677246094,98.5005412400152,96.72805714577396,97.40144225091802,237802500
2011-12-08,95.9385986328125,97.66464463747688,95.70639902711335,97.44792264339844,240862800
2011-12-09,97.56399536132812,97.81167840762393,96.28687725486577,96.37201885564524,209111400
2011-12-12,96.13983154296875,96.72808110329443,95.3271241621544,96.71259758828992,215826100
2011-12-13,95.24199676513672,97.19250067553591,94.77758572935592,96.64295391544236,245159800
2011-12-14,94.22801208496094,95.2264860786433,94.01903190266925,94.86270029351525,238618800
2011-12-15,94.56858825683594,95.35807624439994,94.42152439528526,95.22649589734436,199109200
2011-12-16,94.70880126953125,95.76813206492241,94.4829198867444,95.20731512267096,220481400
2011-12-19,93.6961898803711,95.2773948819031,93.49366922744784,95.07487422897984,183903000
2011-12-20,96.53145599365234,96.69502831134429,93.75850556342024,95.16834740353774,225418100
2011-12-21,96.71841430664062,96.86641088486559,95.6123502553884,96.53147532650802,194230900
2011-12-22,97.57522583007812,97.67648915042119,96.76515492343225,97.07671791398076,119465400
2011-12-23,98.44763946533203,98.47879695982634,97.68430164961688,97.88681644980326,92187200
2011-12-27,98.5254898071289,98.78253457423318,98.19055430708814,98.27623589612288,86075700
2011-12-28,97.23249053955078,98.55665087570887,97.15459980377952,98.5410751056275,119107100
2011-12-29,98.23729705810547,98.3385544203212,97.25585714805858,97.55184432100761,123507200
2011-12-30,97.75434112548828,98.40084536554964,97.75434112548828,98.15937641816097,95599000
2012-01-03,99.31220245361328,99.99765518366853,99.25767834487544,99.51472311864616,193697900
2012-01-04,99.46796417236328,99.55364574660656,98.69683594685475,99.07850463223237,127186500
2012-01-05,99.73283386230469,99.8808304486514,98.47877910669065,98.93055378092969,173895000
2012-01-06,99.47576904296875,99.87301949382442,99.14862440940847,99.8574377821224,148050000
2012-01-09,99.71721649169922,99.84183450230402,99.2420754130203,99.70163478336322,99530200
2012-01-10,100.58185577392578,100.98688526358339,100.44164411568613,100.78437051875459,115282000
2012-01-11,100.6363525390625,100.76876736928753,100.10669321816239,100.27025958505557,111540700
2012-01-12,100.87783813476562,101.02583470910243,100.12228543394724,100.924583278266,118983700
2012-01-13,100.35594177246094,100.51952002570312,99.48355611613773,100.2001603174551,179836200
2012-01-17,100.74541473388672,101.50876416992246,100.40268835613432,101.32181926786711,132209200
2012-01-18,101.85926818847656,101.91378635266362,100.54289282490528,100.72204091489688,163395200
2012-01-19,102.3967056274414,102.48238720010042,101.88261619148736,102.20976077290493,126328900
2012-01-20,102.77837371826172,102.77837371826172,101.976087989453,102.22534780848913,138230200
2012-01-23,102.5135726928711,103.0120805847475,102.02284971550198,102.43567600633561,129295800
2012-01-24,102.3967056274414,102.42785716051662,101.72683475538781,101.88261619148736,103083300
2012-01-25,103.25352478027344,103.49498782483886,101.84368296365838,102.2409274674244,198613200
2012-01-26,102.72390747070312,103.90785655332303,102.31886600277086,103.71312667830902,184880500
2012-01-27,102.67713928222656,102.85628737840867,102.1552529355566,102.22536469959682,135259100
2012-01-30,102.32661437988281,102.38114443039174,101.30623210083016,101.65674337361986,147311800
2012-01-31,102.28767395019531,102.95753304505044,101.78915425760123,102.83291500726556,157212000
2012-02-01,103.18344116210938,103.70531566959812,102.91861145121037,103.04322950698526,166234500
2012-02-02,103.34698486328125,103.61182640138159,102.98090380529855,103.38593319700449,113090400
2012-02-03,104.79578399658203,104.85809895886025,104.19602476971119,104.37517285790872,160598500
2012-02-06,104.7256851196289,104.77241837044225,104.24275901407249,104.35959214110585,107694500
2012-02-07,104.99055480957031,105.16971485311763,104.09480213330738,104.50762851997135,135528100
2012-02-08,105.3021240234375,105.32549065648006,104.61667109320831,105.04507917460155,139361400
2012-02-09,105.43453216552734,105.61368030252356,104.81139425837054,105.47348051323097,148602900
2012-02-10,104.65559387207031,104.7412754674137,104.2505525226866,104.4998123947273,167907500
2012-02-13,105.43453216552734,105.55916212403211,104.95160593303015,105.40338061858466,115841900
2012-02-14,105.3021240234375,105.36443900667359,104.5699378271232,105.15412742392276,165329500
2012-02-15,104.81135559082031,105.8005862077784,104.60104409910362,105.64480475980264,195195100
2012-02-16,105.97196197509766,106.06542847793156,104.63221996944601,104.8191648604779,186567800
2012-02-17,106.25239562988281,106.42375884455662,105.90188428545602,106.33807723721971,129869400
2012-02-21,106.29908752441406,106.75086201589292,105.97194293790079,106.50160220596172,134042300
2012-02-22,105.95638275146484,106.36142408219852,105.76943785604215,106.13553084789223,124455300
2012-02-23,106.4237289428711,106.50161372787916,105.54354648620131,105.90185453040063,137704300
2012-02-24,106.65743255615234,106.86774413155761,106.423766233888,106.65743255615234,105539100
2012-02-27,106.83657836914062,107.12477471850046,105.77724760280555,105.94861080657783,145728900
2012-02-28,107.14812469482422,107.27275462099168,106.65740178889229,106.8677133036294,129355900
2012-02-29,106.72753143310547,107.63886563584337,106.35364159195717,107.30392413881876,185934700
2012-03-01,107.28055572509766,107.48308235702599,106.6574178855806,106.95341103355848,145023500
2012-03-02,106.95338439941406,107.35064076442907,106.71192136950607,107.21042913990532,120638300
2012-03-05,106.5172119140625,106.86772321422042,106.15111890034768,106.7898384171659,140765000
2012-03-06,104.95936584472656,105.48902521414443,104.65558782159238,105.42672213510107,202129900
2012-03-07,105.6915512084961,105.86291438828465,105.0995649927305,105.20082829497758,143692200
2012-03-08,106.74311828613281,106.96122667093678,106.11999222223972,106.33808872167586,116968900
2012-03-09,107.1559066772461,107.4363061443065,106.81318037035588,106.94559519158851,122836800
2012-03-12,107.16372680664062,107.30392658624453,106.78205204210857,107.14036017670664,104003500
2012-03-13,109.09541320800781,109.14994325296256,107.56094154629743,107.74010150655197,184090500
2012-03-14,108.9786148071289,109.39922604855252,108.64367328873169,109.12661139302303,145163600
2012-03-15,109.60948181152344,109.6562150495164,108.86171434755411,109.14212566087254,165118500
2012-03-16,109.76126861572266,109.90208275688843,109.52656644299799,109.80820666277792,152893500
2012-03-19,110.19156646728516,110.52796380104866,109.61263596708896,109.69087401270593,125291100
2012-03-20,109.87081146240234,110.00380659515974,109.24494288549384,109.56570217255886,121729700
2012-03-21,109.69090270996094,110.0351191633599,109.46401948078457,109.93342400239213,122388400
2012-03-22,108.90071868896484,109.17453993216895,108.54085230141445,108.88506869115157,135216700
2012-03-23,109.25276947021484,109.37794558174251,108.39221056272689,108.99461015418417,120521000
2012-03-26,110.78617858886719,110.78617858886717,109.99602654221913,110.03513364295516,120164000
2012-03-27,110.44193267822266,110.9582752507488,110.37152558309252,110.88786815561866,119868500
2012-03-28,109.894287109375,110.55927475067004,109.24494946624421,110.38716058321604,148562100
2012-03-29,109.70653533935547,109.90994952612147,108.81467634243795,109.24496180969032,164963700
2012-03-30,110.16026306152344,110.34802720271776,109.56569452058216,110.24632013405633,135486800
2012-04-02,110.9660873413086,111.25555861004719,109.80823807870966,110.02729031927022,151741100
2012-04-03,110.51229095458984,110.99734524971421,109.86295351006716,110.80958114152601,155806700
2012-04-04,109.41706848144531,109.7925848918682,109.01025207330716,109.69870877362534,146896000
2012-04-05,109.3622817993164,109.68304106813314,108.94764642741164,109.04153446794919,137439400
2012-04-09,108.13404846191406,109.40142387041448,107.83675815623538,107.98540330907471,127555900
2012-04-10,106.31900787353516,108.22790154851882,106.20948177435329,107.92279227669434,235360300
2012-04-11,107.17961120605469,107.60206573497143,106.98402797392684,107.4064825028436,154133000
2012-04-12,108.57998657226562,108.66604367560657,107.20308485626417,107.28132292746635,154321500
2012-04-13,107.28912353515625,108.60344889343507,107.18741644754999,108.32962762870359,169246700
2012-04-16,107.21870422363281,107.99320599495822,106.85100688145702,107.83674183471219,147825300
2012-04-17,108.80683898925781,109.02589120161795,107.72721598730412,107.83674209348418,147877600
2012-04-18,108.43916320800781,108.8068606241781,108.25922998438809,108.32181804857161,123884200
2012-04-19,107.74283599853516,108.86156577620122,107.23432463367732,108.4547614592937,198666700
2012-04-20,107.92279052734375,108.61124710387014,107.86020248061868,108.22008076492548,143199600
2012-04-23,107.0152816772461,107.10916971598925,106.35030606399914,106.8196985079177,171844900
2012-04-24,107.4220962524414,107.6959174599959,107.02311089102832,107.10916796162124,137484200
2012-04-25,108.8929214477539,108.93985951313512,108.37657885365444,108.47045498441688,150252200
2012-04-26,109.6517333984375,109.77690947179639,108.59557967782386,108.6581677145033,136291600
2012-04-27,109.83164978027344,110.14457797846359,109.37007650983702,109.98029485251972,130725000
2012-04-30,109.42488861083984,109.69089084428452,109.12761025426879,109.61265278666228,115092200
2012-05-01,110.10552215576172,110.82526689656314,109.23713227352664,109.36229644859344,138832200
2012-05-02,109.77698516845703,109.88651132380792,109.10417823202857,109.46404476927192,121081000
2012-05-03,108.9398422241211,109.87863919511521,108.73643999393191,109.7925821097561,143759700
2012-05-04,107.17961120605469,108.97897932912142,107.1170231392794,108.36876059987881,193927300
2012-05-07,107.25782775878906,107.61769414874409,106.757135262475,106.79624235109348,127765900
2012-05-08,106.82754516601562,106.99965933530154,105.55233889470213,106.61631196962819,213377700
2012-05-09,106.19386291503906,106.87448865890656,105.21594687502179,105.69317038004829,220752500
2012-05-10,106.41290283203125,107.06224043991362,106.17038159217945,106.92923336891398,150600000
2012-05-11,106.09215545654297,107.07789052395675,105.70098904190155,105.74792710166626,153032400
2012-05-14,104.91864013671875,106.0921392008365,104.76217598232634,105.07510429111116,163910000
2012-05-15,104.31625366210938,105.4662838438554,104.1519704575464,104.84824617855679,207629300
2012-05-16,103.91727447509766,105.26288793956667,103.89380544446348,104.78566442091834,207265500
2012-05-17,102.37604522705078,104.0658865198164,102.32127621469395,103.94071043795638,247992900
2012-05-18,101.49984741210938,102.95498669177482,101.35120229114337,102.7750415782636,319615900
2012-05-21,103.24445343017578,103.28357245496038,101.66413794099071,101.82843307010589,177861100
2012-05-22,103.42440795898438,104.23020989851818,102.75160118119906,103.51046505628668,197531200
2012-05-23,103.47917938232422,103.62782454813865,101.69546126745708,102.6811964559511,204958400
2012-05-24,103.68255615234375,103.9250773895884,102.81416634119188,103.76079420062595,167357600
2012-05-25,103.34614562988281,103.93289510483496,103.09579345726124,103.64342391306016,135465600
2012-05-29,104.59791564941406,104.77784888993739,102.61861419129616,104.17546109830411,152883500
2012-05-30,103.08018493652344,104.59009373372017,102.86896363551858,103.70605368244767,162370400
2012-05-31,102.8532943725586,103.61997717557475,101.96925448684176,103.04105854240898,196186000
2012-06-01,100.26375579833984,102.87674399762642,100.26375579833984,101.24167161580777,253240900
2012-06-04,100.21682739257812,100.7175198618035,99.46578272001504,100.44369863158411,202545800
2012-06-05,100.97569274902344,101.1243259425586,99.96647682678025,100.02123987997618,164149400
2012-06-06,103.24445343017578,103.29139148493717,101.6484879435868,101.67978793839463,184202800
2012-06-07,103.30703735351562,104.46488642867236,103.09580417808132,104.41794837578692,184772700
2012-06-08,104.12850189208984,104.15197092141766,102.71246947708777,103.04105976257976,143915400
2012-06-11,102.80632781982422,105.02814949537196,102.70462076383048,104.96556145610258,169756100
2012-06-12,103.9876480102539,104.05805507943613,102.61074692841507,103.1036083501388,181931800
2012-06-13,103.32267761230469,104.33188146657521,102.97061837394524,103.68254394214274,172223900
2012-06-14,104.4179916381836,104.83262719372958,103.25231111294869,103.53395148440019,230615500
2012-06-15,105.4858627319336,105.58022525256679,104.668026221405,104.88821343575128,169444500
2012-06-18,105.69031524658203,105.94982416875493,104.80956641930642,105.04548471212748,131360900
2012-06-19,106.71263122558594,107.1451461419832,105.66673588204495,106.22507550126761,137382600
2012-06-20,106.53961181640625,107.0271794785099,105.58809111969437,106.72048930363462,206451800
2012-06-21,104.14901733398438,106.77554504523471,104.06251434951545,106.66545142857464,205272200
2012-06-22,104.9511489868164,105.14774561447099,104.29057519842453,104.69163999839566,130029200
2012-06-25,103.26825714111328,103.88163750981303,102.8986546113451,103.84231579401373,146375700
2012-06-26,103.78726196289062,104.10182368686299,102.9615539365046,103.5670747557614,141634000
2012-06-27,104.72310638427734,104.92756258892612,103.77944482537166,104.13331641004781,108088000
2012-06-28,104.42423248291016,104.58151934383685,103.23679347845153,104.03103932919902,169242100
2012-06-29,107.02716827392578,107.16085249007587,106.04418550873287,106.31941348340608,212250900
2012-07-02,107.34960174560547,107.45969536019891,106.57108689930334,107.32601111385716,129524500
2012-07-03,108.057373046875,108.13600449816627,107.21593372284799,107.32602735410046,80450000
2012-07-05,107.56978607177734,108.36404398354888,107.17659288751142,107.656289052288,126177500
2012-07-06,106.54752349853516,106.7677107839966,106.04423656043657,106.53179240691446,151192100
2012-07-09,106.41383361816406,106.61043025550241,105.92626579803657,106.46101489123623,103780500
2012-07-10,105.4858627319336,107.12940729591239,105.12411973733428,106.9564013418827,167884800
2012-07-11,105.50161743164062,105.84762941714374,104.88823691163273,105.54093915713979,141733400
2012-07-12,104.99044799804688,105.55664718785279,104.27484546588786,104.88822592162683,143583200
2012-07-13,106.75196838378906,106.8620620148572,105.24996727476201,105.26569836471627,129642600
2012-07-16,106.50029754638672,106.8148592857489,106.08351374112235,106.50816908943541,97525200
2012-07-17,107.23162078857422,107.45180796068067,105.80826371199295,106.92493065604732,138860300
2012-07-18,108.0259017944336,108.23822949376897,106.91710602969303,106.98000638572105,113349700
2012-07-19,108.30900573730469,108.66287725085174,107.9000934101996,108.24609337944882,129847300
2012-07-20,107.3181381225586,107.8607465833879,107.20018497859681,107.69560018253885,142904500
2012-07-23,106.23297882080078,107.24742440630932,105.24999542361525,105.74542289557564,145210900
2012-07-24,105.32072448730469,106.35876029196434,104.61298152907612,106.31157902798967,173301200
2012-07-25,105.3443374633789,105.81616214876293,104.78599778647333,105.54093408211526,129122300
2012-07-26,107.0822525024414,107.31031131607713,106.3666378792904,106.86206523367281,156526500
2012-07-27,109.05607604980469,109.36277830973324,107.05865958306104,107.64844946882037,236768900
2012-07-30,109.05607604980469,109.57509402910632,108.73366669839544,108.93026332698187,106782000
2012-07-31,108.29325103759766,109.20544992828886,108.29325103759766,108.90663132586475,120575900
2012-08-01,108.19890594482422,109.09538599439713,108.04949060334462,109.07179536145874,138293800
2012-08-02,107.45184326171875,108.1831888945055,106.61827555070741,107.38107136156984,199556600
2012-08-03,109.58296203613281,109.81100883823643,107.4832995512239,108.96170999024424,157825000
2012-08-06,109.7952651977539,110.22778011710079,109.74808393369865,109.87390863738214,86326200
2012-08-07,110.34577941894531,110.81760420479078,110.11772057304162,110.23567376967601,109545100
2012-08-08,110.47941589355469,110.60522858241126,109.94466696852908,109.97612914022025,89754700
2012-08-09,110.57381439208984,110.79400166836886,110.21207129574198,110.32216493388148,90291700
2012-08-10,110.75465393066406,110.79397564918801,109.94467692614649,110.12554243219213,99792700
2012-08-13,110.69963073730469,110.7546715525526,110.12555995398435,110.56594647249612,79426900
2012-08-14,110.71533203125,111.17930911018857,110.38505119493522,111.10852521723957,102379400
2012-08-15,110.84113311767578,111.02987012649274,110.5265834356154,110.5973553141838,71085900
2012-08-16,111.65898132324219,111.79266553788337,110.72317982145276,110.99840779301947,112014200
2012-08-17,111.80838775634766,111.90276226291111,111.55675040388202,111.84770946747398,90813700
2012-08-20,111.81626892089844,111.8398595497441,111.3444323453802,111.65112251967629,78255700
2012-08-21,111.47814178466797,112.52403723078434,111.23436389860049,112.09152227196851,105581100
2012-08-22,111.52529907226562,111.70616454239988,110.93550940942222,111.19500630168808,133243500
2012-08-23,110.61307525634766,111.25790563940996,110.44006934885046,111.25004609790554,111466400
2012-08-24,111.28157043457031,111.53321992204101,110.26713693656055,110.33790885517118,99481200
2012-08-27,111.30509948730469,111.72975476261628,111.14782464431207,111.58033946201782,68785900
2012-08-28,111.1950454711914,111.5410574485004,110.85690503837937,111.0220394825369,75689600
2012-08-29,111.28157043457031,111.58040120111477,110.9748801212829,111.28944198062128,65421300
2012-08-30,110.47941589355469,110.8332873296128,110.2434976030817,110.80182515792163,96589900
2012-08-31,111.00631713867188,111.52533508942348,110.3772055619401,111.10853922038577,151970400
2012-09-04,110.90406799316406,111.2422203694384,110.19632506504182,110.91192753705745,120226200
2012-09-05,110.80970764160156,111.25008209433796,110.58952041523337,110.95125143027946,100660300
2012-09-06,113.05876159667969,113.06662113992279,111.47025791247842,111.47811745572152,158272500
2012-09-07,113.4991455078125,113.54632676982702,113.14527404340002,113.24749611133024,107272100
2012-09-10,112.85427856445312,113.5856239656973,112.81496885413013,113.38902741687804,86458500
2012-09-11,113.16886901855469,113.53060004075391,112.89362898049968,112.92509115591952,88760000
2012-09-12,113.54631805419922,113.67214274278226,113.1609844451522,113.54631805419922,87640900
2012-09-13,115.27639770507812,115.63026924111436,113.23179994169861,113.53061866137277,225470200
2012-09-14,115.78756713867188,116.47171963991815,115.41009293170882,115.5044674831032,169777000
2012-09-17,115.39437103271484,115.74824259374233,115.10339983867749,115.55164594880407,119427800
2012-09-18,115.29995727539062,115.44937259462353,115.00899817960206,115.19773521431249,98326600
2012-09-19,115.36286163330078,115.73246413445547,115.13481489820418,115.43363351667881,128318300
2012-09-20,115.37073516845703,115.43363551078943,114.52143655534286,114.83598626421377,154009800
2012-09-21,115.322509765625,115.95497951839872,115.27507664525447,115.93126295821345,108737500
2012-09-24,115.1485824584961,115.40947668882241,114.6663256200185,114.7532903634606,95682000
2012-09-25,113.92320251464844,115.6150524349948,113.89157238715089,115.39368979594829,133165200
2012-09-26,113.28275299072266,113.93103752915906,113.01395738064747,113.89941948347163,146502200
2012-09-27,114.35011291503906,114.61100718220244,113.4567487938456,113.75717468876569,111830300
2012-09-28,113.8204345703125,114.28687646101345,113.4172408778463,113.91530083598447,150696100
2012-10-01,114.12084197998047,115.18022198596749,113.85203416525674,114.25523985566315,135911200
2012-10-02,114.23943328857422,114.75330826695074,113.7097432461888,114.57147725260572,113422200
2012-10-03,114.70585632324219,114.97465205050712,113.94690226233443,114.54774189916618,121283100
2012-10-04,115.52806091308594,115.69407682222759,114.98255594205082,115.1406703528283,124311600
2012-10-05,115.5360107421875,116.34241025684682,115.18815165494775,116.14476414485708,124842100
2012-10-08,115.14069366455078,115.520170739918,114.87979940543622,115.10907560133631,78415400
2012-10-09,114.002197265625,115.14854152100936,113.9626656575042,115.05367531220193,148872900
2012-10-10,113.27487182617188,114.09708592184349,113.12465893965374,113.98639258368975,124247500
2012-10-11,113.33819580078125,114.2315601570785,113.31447923055762,114.0655321021509,123601500
2012-10-12,112.96661376953125,113.80463137265107,112.7215345154145,113.41725270518715,124181900
2012-10-15,113.90739440917969,114.02597723614169,112.87173084251225,113.23539288743557,107689100
2012-10-16,115.0616455078125,115.14070877126002,114.36593945558758,114.4449906556748,108815500
2012-10-17,115.58336639404297,115.67824466727917,114.9667119030973,115.14064133011821,128834100
2012-10-18,115.28298950195312,115.836396008484,114.89559891570296,115.28298950195312,148108500
2012-10-19,113.36186981201172,115.07743610650492,113.09307407481542,115.06953460718424,185645200
2012-10-22,113.37769317626953,113.58324074387865,112.48432908994637,113.17213354530179,125578600
2012-10-23,111.80442810058594,112.31040156028635,111.33798626779438,112.15228711600976,192056300
2012-10-24,111.48820495605469,112.34203747516952,111.31427543938169,112.20762752408264,120179400
2012-10-25,111.81231689453125,112.48431828554067,111.13242606773899,112.27877073767492,134457400
2012-10-26,111.7491226196289,112.13650129963754,110.9901562004478,111.70959098240954,146023500
2012-10-31,111.7491226196289,112.28671428305394,111.21942039494095,112.1444148650986,103438500
2012-11-01,112.91912841796875,113.06142776551674,111.88346517740503,111.98623290729323,100995600
2012-11-02,111.91512298583984,113.62278814311549,111.79654015409582,113.5911580124102,137702200
2012-11-05,112.14440155029297,112.39738228440918,111.4170532892276,111.74910935175596,98378500
2012-11-06,113.02193450927734,113.46465977802622,112.3657481061821,112.4843309233974,107068100
2012-11-07,110.46040344238281,112.00994141103459,109.93861507884786,111.99413841579181,264304500
2012-11-08,109.13224792480469,111.00594085812227,109.04528317209072,110.4446207154487,181517300
2012-11-09,109.22713470458984,110.23908168911582,108.7448777773267,108.80021240787318,201055300
2012-11-12,109.3140869140625,109.74099709840745,109.06900772829427,109.56706759947033,97677500
2012-11-13,108.93460845947266,110.08886687788373,108.59466299130357,108.73696237890195,123018300
2012-11-14,107.46416473388672,109.44062634141083,107.21908542469201,109.26670881824387,191505000
2012-11-15,107.28226470947266,107.90683293161771,106.87115758152268,107.50362730220958,178128400
2012-11-16,107.81195831298828,108.02541941447085,106.49168421003492,107.44038279177516,239483900
2012-11-19,109.99398803710938,110.00979103612852,107.84359796141764,109.02156074632012,151495800
2012-11-20,110.04145050048828,110.22328154455316,109.1639012866291,109.82008782161941,119807400
2012-11-21,110.24696350097656,110.34184180739156,109.91491958691769,110.13628219629027,81710800
2012-11-23,111.7491226196289,111.78864219348628,110.71344680327422,110.78460857561387,65409200
2012-11-26,111.51188659667969,111.75696573068346,110.83198380717455,111.19564572751702,100124400
2012-11-27,110.94268798828125,111.7807053536126,110.87153830179646,111.40122829566897,128646200
2012-11-28,111.83602905273438,111.89926516326152,109.89118691174356,110.49202646859685,177086500
2012-11-29,112.35784912109375,112.66617654921747,111.76491083136656,112.25508135395944,151085900
2012-11-30,112.38154602050781,112.59500714519417,111.99416745956245,112.3736445208373,136568300
2012-12-03,111.82815551757812,112.99031549401113,111.74119075528176,112.89544923090966,124656300
2012-12-04,111.67003631591797,112.16019473894112,111.36961041104081,111.82024926835655,127512200
2012-12-05,111.86767578125,112.38946430200824,110.97431168328748,111.76489596442705,147300500
2012-12-06,112.24717712402344,112.2946102610085,111.59890414629207,111.76492012573975,103220600
2012-12-07,112.58712768554688,112.80849035323763,112.00209088472953,112.68199395359701,108726400
2012-12-10,112.63455963134766,112.90335543022786,112.38156683473535,112.42901203162054,98840700
2012-12-11,113.40142822265625,113.93111832284988,113.04566765546478,113.10100229049606,152570400
2012-12-12,113.45672607421875,114.27894033881778,113.2986116582133,113.84411664728529,145880100
2012-12-13,112.76101684570312,113.70971537660975,112.4764060800955,113.38557299234846,135715000
2012-12-14,112.34200286865234,112.72147985024272,112.16807340555765,112.51593233174704,137701700
2012-12-17,113.66230773925781,113.72555593061078,112.60291561329433,112.63454574065032,143238200
2012-12-18,114.9272689819336,115.03004883085573,113.67814398001563,113.84417203878505,177762800
2012-12-19,114.07340240478516,115.0932628989129,114.0338828407961,115.05373127156487,150895400
2012-12-20,114.72956085205078,114.74537591180706,113.8282954596398,114.14453633798509,168487000
2012-12-21,113.68816375732422,114.72321499888498,113.01140836205043,113.19452898089904,245883800
2012-12-24,113.33786010742188,113.50505351198056,113.2104665570511,113.44135673679519,53874600
2012-12-26,112.8601303100586,113.62447939524789,112.54165861143105,113.56874016608396,106947700
2012-12-27,112.7088623046875,113.12288526988563,111.40310878267894,112.891982940693,167920600
2012-12-28,111.49064636230469,112.59735158080123,111.36325286188034,111.97632345237369,148806700
2012-12-31,113.38563537597656,113.50505924240488,111.10055749066274,111.19610873272363,243935200
2013-01-02,116.29169464111328,116.36334893948198,115.23275879697782,115.53531536642069,192059000
2013-01-03,116.02892303466797,116.53848484143964,115.71840899849323,116.23594049139233,144761800
2013-01-04,116.53856658935547,116.72965695678027,115.98123487051681,116.22009479256775,116817700
2013-01-07,116.22007751464844,116.33154384184496,115.79012728909146,116.12453841959955,110002500
2013-01-08,115.8856430053711,116.17227235156274,115.43180814518651,116.01303652565956,121265100
2013-01-09,116.18028259277344,116.49876653796619,115.95734990559866,116.14047058100931,90745600
2013-01-10,117.10386657714844,117.11182411984935,116.22009338054166,116.82519464665471,130735400
2013-01-11,117.09588623046875,117.15957085751397,116.72963280591088,117.07198930917954,113917300
2013-01-14,117.01626586914062,117.09588987880467,116.58631565522388,116.95256909119303,89567200
2013-01-15,117.09588623046875,117.20735255117457,116.40319138494463,116.47484570205886,93172600
2013-01-16,117.07999420166016,117.26311489453904,116.72966790298999,116.85706149321939,104849500
2013-01-17,117.83636474609375,118.17076378277301,117.15959698088919,117.5975048202027,133833500
2013-01-18,118.09909057617188,118.2264841361443,117.3825109130159,117.81246114069319,169906000
2013-01-22,118.73603820800781,118.73603820800781,117.82041072507836,118.09908260008248,111797300
2013-01-23,118.92707824707031,119.03058699297752,118.5210250998337,118.73600013021253,104596100
2013-01-24,118.95896911621094,119.54018548110491,118.64048524242705,118.75195156102203,146426400
2013-01-25,119.62776947021484,119.62776947021484,118.92711708250265,119.33318251125303,147211600
2013-01-28,119.48441314697266,119.69141847485015,119.03853589253096,119.6595640250764,113357700
2013-01-29,119.95423126220703,120.10550961241832,119.16599719217346,119.2456212129962,105694400
2013-01-30,119.48441314697266,120.17709556813959,119.37293472167751,119.93823579048835,137447700
2013-01-31,119.18985748291016,119.73127398565536,119.11024562736233,119.34113580204364,108975800
2013-02-01,120.41596984863281,120.55927844313581,119.73920242193024,119.94620777473936,131173000
2013-02-04,119.06248474121094,120.43990493587214,118.9749031805615,119.68352535694667,159073600
2013-02-05,120.26473999023438,120.60709653644919,119.65962661713758,119.70740831679204,113912400
2013-02-06,120.35231018066406,120.43192204139581,119.75516655504424,119.84274810609188,138762800
2013-02-07,120.19307708740234,120.5035912939425,119.31726155668984,120.39212496720805,162490000
2013-02-08,120.86185455322266,120.93350886206184,120.40006209250951,120.40006209250951,103133700
2013-02-11,120.83795166015625,120.94144826331815,120.53539509188018,120.81406689412546,73775000
2013-02-12,121.03703308105469,121.25996572518007,120.7105916561147,120.84594275083954,65392700
2013-02-13,121.14054107666016,121.50679454003316,120.79818453710892,121.28386187499535,82322600
2013-02-14,121.25196075439453,121.39528149758343,120.63890223589003,120.77425329123184,80834300
2013-02-15,121.1086654663086,121.49083390861041,120.66280025880387,121.36344037820456,215226500
2013-02-19,122.01631164550781,122.04019641160029,121.14846608037551,121.31565944302287,95105400
2013-02-20,120.49560546875,121.96856444164636,120.43190869787114,121.92875244123246,160574800
2013-02-21,119.76314544677734,120.55933708954193,119.38097685994805,120.19309573726561,183257000
2013-02-22,120.93353271484375,120.93353271484376,119.81886941665816,120.34434660070634,106356600
2013-02-25,118.63253784179688,121.70583763023238,118.63253784179688,121.52271698022749,245824800
2013-02-26,119.44463348388672,119.58794209991254,118.41753980670329,119.20577364159408,186596200
2013-02-27,120.94941711425781,121.28381598528925,119.23759861743882,119.34110736879896,150781900
2013-02-28,120.71058654785156,121.71378340396221,120.55135068720315,120.94147672345414,126866000
2013-03-01,121.1086654663086,121.29178607319467,119.75514261526473,120.29654689611598,170634800
2013-03-04,121.7535400390625,121.7535400390625,120.63887737249787,120.82995545881644,99010200
2013-03-05,122.84435272216797,123.17079407726051,122.32683322666249,122.34276045466868,121431900
2013-03-06,123.0115966796875,123.34599567881052,122.74089446357634,123.28229889579865,94469900
2013-03-07,123.23451232910156,123.39374819018384,123.02750692458636,123.17081555488517,86101400
2013-03-08,123.76004791259766,123.92724137717252,123.13901931776128,123.77597514934068,123477800
2013-03-11,124.22977447509766,124.23773201749292,123.51320689409442,123.66448524204215,83746800
2013-03-12,123.9510726928711,124.28548377562022,123.57687390773135,124.14216300459677,105755800
2013-03-13,124.12625885009766,124.3014219645136,123.5928119648924,124.01479251809833,92550900
2013-03-14,124.78705596923828,124.84279519034263,124.13418543677818,124.45265708935655,126329900
2013-03-15,124.62228393554688,124.79022088242029,124.20641972885463,124.63828199813597,138601100
2013-03-18,123.93452453613281,124.47034375181482,123.31872720344563,123.43068924548446,126704300
2013-03-19,123.64667510986328,124.36642966959525,122.83094432666836,124.19849263370241,167567300
2013-03-20,124.51038360595703,124.71830971087034,124.16649220607665,124.3744305139423,113759300
2013-03-21,123.44673156738281,124.47038837672234,123.23880547275039,123.76661974419451,128605000
2013-03-22,124.43841552734375,124.43841552734375,123.74263976621141,123.83861599016753,111163600
2013-03-25,123.91857147216797,124.97422442584066,123.43873920473186,124.76628612729506,151322300
2013-03-26,124.91024017333984,124.94222410891885,124.29444263761935,124.43039571899506,86856600
2013-03-27,124.91024017333984,124.95022924502713,123.95855640075857,124.16648248940056,99950600
2013-03-28,125.29409790039062,125.43805610579366,124.55834541430383,124.83025155423692,102932800
2013-04-01,124.79823303222656,125.48600332687317,124.49433084067782,125.23008312284328,99194100
2013-04-02,125.4140625,125.72595770178512,125.054173095444,125.24611329767718,101504300
2013-04-03,124.14247131347656,125.58199223963331,123.81459026600565,125.48602824553932,154167400
2013-04-04,124.64627075195312,124.89418580051982,124.03047349384025,124.30237953401365,131885000
2013-04-05,124.08649444580078,124.23844556937505,122.9748667874328,123.1188127763247,159666000
2013-04-08,124.9262466430664,124.93423957676079,123.75863156722048,124.17449597541999,86571200
2013-04-09,125.35809326171875,125.81394673099643,124.74229570255397,125.1581600986219,101922200
2013-04-10,126.8935775756836,127.05352166441831,125.66199466917939,125.69397860574563,135711100
2013-04-11,127.30945587158203,127.72532031006816,126.78962227273611,126.91758243887847,110142500
2013-04-12,126.9975357055664,127.18946371421445,126.29376713265506,126.90155949829169,116359900
2013-04-15,124.05453491210938,126.46173819543479,124.03854904392685,126.35776903748436,217259000
2013-04-16,125.88587188720703,125.9498519394311,124.686273364637,124.9901633590173,147507800
2013-04-17,124.0464859008789,125.01416741838952,123.38270658279181,124.99016422106114,226834800
2013-04-18,123.27079772949219,124.28646167399741,122.79895836581473,124.2544655323856,167583200
2013-04-19,124.34243774414062,124.39842489099235,123.25480077558184,123.55870310888511,149687600
2013-04-22,124.89423370361328,125.19013084888456,123.75861492119452,124.58233849015285,106553500
2013-04-23,126.181884765625,126.30183984680238,124.89431401483459,125.51810484287383,166141300
2013-04-24,126.26178741455078,126.59767364385027,125.98986905496928,126.2217983437637,96781200
2013-04-25,126.77362823486328,127.37342774668215,126.43774197259899,126.62967000649155,131060600
2013-04-26,126.54967498779297,126.83757917544396,126.14180360356686,126.62164798396834,95918800
2013-04-29,127.39738464355469,127.67728368569635,126.69361616649167,126.89354928357102,88572800
2013-04-30,127.70134735107422,127.73334350166556,126.84563946857345,127.37346612672681,116010700
2013-05-01,126.5816421508789,127.48534365964862,126.4376961775959,127.42136360387353,138874200
2013-05-02,127.7573013305664,127.8692634226441,126.78162644119533,126.90158146736685,96407600
2013-05-03,129.0529022216797,129.46077383602477,127.78132976003577,128.86896706002867,144202300
2013-05-06,129.3806915283203,129.56462654193194,129.0927874099537,129.14877452880532,66882100
2013-05-07,130.0365447998047,130.07652167333373,129.29278702669035,129.6606694461899,90359200
2013-05-08,130.62835693359375,130.66834601550408,129.82063117200494,129.89260419767083,97419200
2013-05-09,130.2604522705078,130.91622666944613,129.932558969563,130.57234750232203,106738600
2013-05-10,130.68431091308594,130.79627299223924,129.96454423028493,130.34842467562603,103203000
2013-05-13,130.78822326660156,131.00415441811978,130.21242720079837,130.51631719606587,81843200
2013-05-14,132.13975524902344,132.235731416299,130.89217490095172,130.89217490095172,119000900
2013-05-15,132.85159301757812,133.11550627451874,131.88392327841527,131.92391235424614,120718500
2013-05-16,132.22776794433594,133.04349850698557,132.02783482035952,132.57965219500633,109913600
2013-05-17,133.50735473632812,133.58732067008916,132.53967297510192,132.7156151135067,129801000
2013-05-20,133.4993133544922,134.01914669607555,133.24340535180798,133.37935838494442,85071200
2013-05-21,133.69129943847656,134.19513488956432,133.15548005217033,133.61932643202152,95804200
2013-05-22,132.69961547851562,135.21078738737438,132.09182313671778,133.82724129689802,244031800
2013-05-23,132.3157501220703,132.68363247038832,131.1081583448719,131.28410048498696,211064400
2013-05-24,132.20382690429688,132.25981405758304,131.1401808184464,131.53205428258732,151573900
2013-05-28,132.99549865722656,134.17909917546206,132.60362539377357,133.5872928148704,143679800
2013-05-29,132.13180541992188,132.59565173706204,131.42803691075065,132.2917494802927,160363400
2013-05-30,132.61964416503906,133.2274364821775,132.13180684373395,132.23577597542268,107793800
2013-05-31,130.71627807617188,133.00351357363792,130.46037001506545,132.25176305165994,176850100
2013-06-03,131.43606567382812,131.524036753289,130.08451554527082,131.0202012797447,168390700
2013-06-04,130.80422973632812,132.03582446922547,130.14045037822464,131.50799815512661,157631500
2013-06-05,128.97291564941406,130.6923363359142,128.86095354242738,130.42842304024103,211737800
2013-06-06,130.14048767089844,130.14849280710018,128.15715416215764,128.91689772128058,200225500
2013-06-07,131.79591369628906,131.9158686857912,130.46835486536975,131.0361702892277,188337800
2013-06-10,131.79591369628906,132.27574585724668,131.45202238813448,132.2037728635454,105667100
2013-06-11,130.43637084960938,131.58797535691596,130.14846667204546,130.5963149031562,159505400
2013-06-12,129.35679626464844,131.46809062746482,129.23684121111847,131.33213749914566,177361500
2013-06-13,131.3240966796875,131.55601376626873,128.99687186611698,129.28477609256848,163587800
2013-06-14,130.5003662109375,131.69197223644187,130.28444718447258,131.18014383545744,141197500
2013-06-17,131.508056640625,132.13184721545147,130.53238169990595,131.388089405187,136295600
2013-06-18,132.54762268066406,132.7475557358825,131.57194839496253,131.579941324111,114695600
2013-06-19,130.71627807617188,132.66762737927644,130.6603031452532,132.43571031755656,206149500
2013-06-20,127.4774398803711,130.73235916426202,127.14155347270685,129.4447885000703,321255900
2013-06-21,127.88656616210938,128.4412910468636,126.60021878676807,128.3448192873442,271956800
2013-06-24,126.27059936523438,127.37202625472717,125.20132564197786,126.55199170675608,222329000
2013-06-25,127.484619140625,128.71468348227236,126.56005287716697,127.4122530336002,162262200
2013-06-26,128.74684143066406,129.0362690669356,128.0313137003707,128.52976763658,134848000
2013-06-27,129.50254821777344,130.09748611180456,129.3980289514859,129.5186309358606,129483700
2013-06-28,128.97193908691406,129.75982058997016,128.52172108516774,129.1407769713292,160402900
2013-07-01,129.72769165039062,130.6281278220742,129.50258260746975,129.6472903061234,131954800
2013-07-02,129.60707092285156,130.48338893530212,129.03625095704624,129.53470482329888,154863700
2013-07-03,129.66331481933594,130.0572616013562,128.81111492977772,129.02014115650343,75216400
2013-07-05,131.062255859375,131.110491751715,129.67943636386408,130.6200730670568,122416900
2013-07-08,131.8099822998047,132.16372865596924,131.11053708399535,131.7376284362779,108092500
2013-07-09,132.7586212158203,132.91941161314907,132.06721146653786,132.63801921718303,119298000
2013-07-10,132.80686950683594,133.2570875683962,132.35665144527567,132.62999637300553,121410100
2013-07-11,134.6157989501953,134.7524714239111,132.79883158398115,134.35048923032716,135592200
2013-07-12,134.67202758789062,135.00969105186238,134.36652955907,134.5755558174756,104212700
2013-07-15,135.18658447265625,135.3795403100231,134.80872029168015,135.04187679527186,69450600
2013-07-16,134.68008422851562,135.35541120233037,134.3183027973663,135.27500987651055,88702100
2013-07-17,135.0258331298828,135.45193332656478,134.84895996135168,135.19467106985329,92873900
2013-07-18,135.7655029296875,136.08709614169945,135.22684810053502,135.31528470039746,103620100
2013-07-19,136.00662231445312,136.05485820367562,135.31521261138346,135.4840504911824,103831700
2013-07-22,136.27195739746094,136.46491325787161,135.8780104494434,136.19960355012785,79428600
2013-07-23,135.98252868652344,136.5372660468219,135.91017483975122,136.5131480978978,80829700
2013-07-24,135.4840545654297,136.56136368219617,135.21069740574822,136.50508029806394,112914000
2013-07-25,135.81369018554688,135.9342921971648,135.01777333947103,135.24288237346443,111088600
2013-07-26,135.95840454101562,135.99860520989765,134.68010423621132,135.24287679799417,107814600
2013-07-29,135.54031372070312,135.91817785432312,135.15441436185358,135.61266755032753,79695000
2013-07-30,135.54031372070312,136.09505094952905,135.2187329662484,135.95034329028027,85209600
2013-07-31,135.63682556152344,136.55334439384282,135.45995243006516,135.82173391985822,142388700
2013-08-01,137.2045440673828,137.32513379982402,136.5935233762911,136.66588948327694,110438400
2013-08-02,137.43771362304688,137.4537963461753,136.71415056007143,136.89905893971655,91116700
2013-08-05,137.2366485595703,137.44568704501302,136.95526852784502,137.1321415843657,54072700
2013-08-06,136.4568328857422,137.2688445352452,136.15133484810056,136.97136945534433,87495000
2013-08-07,136.0146942138672,136.21568531816777,135.50820497294572,136.02274170925423,84854700
2013-08-08,136.5131378173828,136.8186359032555,135.8136805486922,136.65784550002965,102181300
2013-08-09,136.11917114257812,136.7543097042753,135.64483522828556,136.33624490255866,91757700
2013-08-12,135.95840454101562,136.1191949490219,135.3715140314079,135.43583264811477,68593300
2013-08-13,136.36038208007812,136.59352632366887,135.39562739716797,136.19959167751333,80806000
2013-08-14,135.6609344482422,136.51313460606136,135.62876900784082,136.29606081967611,79829200
2013-08-15,133.7636260986328,134.60777906428348,133.53046950871888,134.5917086058605,152931800
2013-08-16,133.32139587402344,133.9645697411533,133.05608619380033,133.50630422053487,130868200
2013-08-19,132.4691925048828,133.6269029841683,132.46114501119388,133.16863747465078,96437600
2013-08-20,133.12042236328125,133.6188763489708,132.54156703327664,132.68627473201641,89294400
2013-08-21,132.3003387451172,133.48216702866168,132.00287593480988,132.75055670693996,159530500
2013-08-22,133.50634765625,133.69930355942267,132.56571062989286,132.57374585886978,101471400
2013-08-23,133.9564666748047,134.12530449854756,133.27310469183607,133.90019557856778,90888900
2013-08-26,133.45809936523438,134.50325560894885,133.3696627845926,134.09322588618969,89702100
2013-08-27,131.31149291992188,133.4580761668891,131.21502112781786,132.13957518220624,158619400
2013-08-28,131.77781677246094,132.24411762849638,131.08640685041166,131.25523251616002,108113000
2013-08-29,131.98683166503906,132.68627675465564,131.36777565344016,131.48837767175118,119200500
2013-08-30,131.56875610351562,132.27624863095133,131.18285666469706,132.26016590963997,134928900
2013-09-03,132.16371154785156,133.1204311779458,131.60897413090458,132.83903872173326,142375100
2013-09-04,133.257080078125,133.48218909625194,131.95466186360176,132.1958413347939,97389400
2013-09-05,133.42588806152344,133.77962196247225,133.2409674850399,133.33745151940656,63090500
2013-09-06,133.49024963378906,134.24597816687478,132.23606707569945,133.8681139003319,159756500
2013-09-09,134.76858520507812,134.84897430180743,133.81990063047596,133.81990063047596,87559300
2013-09-10,135.7655029296875,135.78962088714758,135.27508401545515,135.5805944999848,105847200
2013-09-11,136.19151306152344,136.19151306152344,135.34736057408045,135.58050476439396,94545900
2013-09-12,135.8297576904297,136.3201763740148,135.64484934769064,136.14330325747454,83209000
2013-09-13,136.13528442382812,136.2398037146023,135.66094840304493,135.97449400784495,72727800
2013-09-16,136.92318725585938,137.67088059389022,136.70611341352472,137.60656196403087,106299200
2013-09-17,137.5341796875,137.5663328620238,137.04376097024016,137.04376097024016,82523300
2013-09-18,139.1260223388672,139.50388653521327,137.1402295682898,137.48592832333924,203460600
2013-09-19,138.8928680419922,139.5682073772615,138.75619558310433,139.50388876116338,146616900
2013-09-20,137.92178344726562,139.2224755392473,137.80868032306356,139.2224755392473,132867100
2013-09-23,137.2835693359375,137.86524615441974,136.84731788573472,137.73599422711533,104616500
2013-09-24,136.9604034423828,137.76828643907112,136.701887293647,137.2593162064163,106333100
2013-09-25,136.5644989013672,137.32391068245624,136.44332141600736,137.0492334974321,117306500
2013-09-26,137.0896759033203,137.477456313342,136.57263124751907,136.79076312135746,77146900
2013-09-27,136.45950317382812,136.64531278860304,136.10403272656154,136.40294545389267,99141800
2013-09-30,135.73240661621094,136.1605835828776,135.03762680339642,135.30422964954428,143937000
2013-10-01,136.806884765625,136.93614898575996,135.70008915809137,135.83742776924183,127160000
2013-10-02,136.6776580810547,136.80692233668927,135.58702328334726,136.00712595050075,113350000
2013-10-03,135.4173126220703,136.4837238480233,134.7871650166666,136.36253403017588,176698000
2013-10-04,136.44338989257812,136.58072855401608,135.34466827375553,135.52240355969147,96878000
2013-10-07,135.26385498046875,136.08789915430316,135.11844194660708,135.2557805876933,96295000
2013-10-08,133.6884765625,135.41734570459153,133.5915345463898,135.2396104568452,178015000
2013-10-09,133.7854766845703,134.27019925829984,132.9210356540724,133.9470508758135,168973000
2013-10-10,136.6695556640625,136.74226217020444,135.10226078598726,135.15073179008186,195955000
2013-10-11,137.55020141601562,137.5986847672718,136.34646323054335,136.45956639550022,105040000
2013-10-14,138.0995635986328,138.21266675961556,136.5969002728218,136.70192903920582,112106000
2013-10-15,137.09774780273438,138.26917573143064,136.91193815737844,137.75213108503218,155485000
2013-10-16,139.01243591308594,139.08514242567335,137.85715679471468,137.92178891500896,161676000
2013-10-17,139.9414825439453,140.02227576811572,138.42265868621178,138.44689418799985,129389000
2013-10-18,140.88670349121094,140.98364549794732,140.17576256897027,140.4585265250383,138316000
2013-10-21,140.89480590820312,141.17756992051605,140.579731996323,140.93520252815037,104104000
2013-10-22,141.71078491210938,142.13087527032556,140.91905055719442,141.30684334106567,126663000
2013-10-23,141.03213500976562,141.29065114816459,140.53932590839827,141.22601903173592,105484000
2013-10-24,141.5006561279297,141.67839131584432,140.98361167053594,141.31484655049613,70350000
2013-10-25,142.1470184326172,142.18741505008342,141.51687064755785,141.79154792262128,93625000
2013-10-28,142.37319946289062,142.56709579597154,141.94502251373729,142.098522236512,84979000
2013-10-29,143.13265991210938,143.18921765118665,142.49443763110517,142.69640842383444,87401000
2013-10-30,142.42166137695312,143.40727943442522,141.91270356697675,143.30226304710746,140002000
2013-10-31,142.01776123046875,142.90643754952896,141.80771606747157,142.30859963240505,133795000
2013-11-01,142.3570556640625,142.680203903195,141.55724713033413,142.20355593591427,142805000
2013-11-04,142.85792541503906,142.9144708041657,142.1712200636792,142.74482230947186,85677000
2013-11-05,142.40554809570312,142.79332850647648,141.84003242846762,142.30051935488905,85825000
2013-11-06,143.13265991210938,143.3992628377903,142.62368956968956,143.01955676127375,87348000
2013-11-07,141.32298278808594,143.51235138246577,141.18564414228612,143.39924824314136,157000000
2013-11-08,143.2296142578125,143.2457753742691,141.25838950630475,141.2745382954414,136713000
2013-11-11,143.2538299560547,143.42347849516727,142.92259494326913,143.0922434823817,62614000
2013-11-12,142.9629669189453,143.28611515595537,142.48630662748013,142.94680580890028,83990000
2013-11-13,144.1101837158203,144.15056800683436,142.26012461117855,142.26012461117855,103844000
2013-11-14,144.8292236328125,144.95040118097876,144.00517932332417,144.23946002555203,103435000
2013-11-15,145.45936584472656,145.5159112558846,144.8776889816565,145.06349865734535,102818000
2013-11-18,144.95034790039062,145.82286290842796,144.62719967251667,145.70168540480392,104796000
2013-11-19,144.63526916503906,145.31388781697925,144.3848274478217,144.87763649139322,93891000
2013-11-20,144.18289184570312,145.36239421934215,143.78702470533534,144.92614278750847,124909000
2013-11-21,145.34619140625,145.45929450041044,144.49791203639037,144.58677963375305,92841000
2013-11-22,146.07334899902344,146.08951011351994,145.23315595498178,145.40280451158054,81296000
2013-11-25,145.92788696289062,146.36413828930029,145.7178295269071,146.33182839847206,79486000
2013-11-26,145.96826171875,146.40452534400353,145.75014223343675,146.00058393478318,86994000
2013-11-27,146.32376098632812,146.42071532623362,145.94405500059779,146.12179024188924,58800000
2013-11-29,146.2268524169922,146.8327647888858,146.06527824995098,146.48538094611314,55870900
2013-12-02,145.84715270996094,146.57424265703983,145.62094640076666,146.2995653283495,99726000
2013-12-03,145.21694946289062,145.73399401934603,144.74837590746,145.37044918434552,116563000
2013-12-04,145.2008056640625,145.80671790373748,144.08593552563548,144.69184776531046,123033000
2013-12-05,144.56265258789062,145.20896175108842,144.42531389390092,144.94235875899477,106934000
2013-12-06,146.1783447265625,146.3156833504581,145.54011028498888,145.9602128757562,127728000
2013-12-09,146.5499267578125,146.76805855320842,146.35604278618285,146.60648446774618,70124000
2013-12-10,146.0248260498047,146.51763508447613,145.93595844265693,146.21063565481762,80976000
2013-12-11,144.38487243652344,146.10566742977252,144.2071371636377,146.08143192231702,130591000
2013-12-12,143.9081573486328,144.49790830098715,143.60923235033343,144.32017311085642,115565000
2013-12-13,143.89208984375,144.33642810811847,143.6174124902569,144.20716382624394,107808000
2013-12-16,144.78875732421875,145.26540522069894,144.53022890946207,144.57062551518197,96195000
2013-12-17,144.3283233642578,144.9423224628342,144.00517502724205,144.91808695392396,89886000
2013-12-18,146.79237365722656,146.81660916682353,143.25385365555826,144.54645936756685,234906000
2013-12-19,146.62274169921875,146.792390285615,145.99259372367715,146.37228752614706,136531200
2013-12-20,147.47552490234375,147.82480693977308,146.67138670325872,146.7688549954536,197087000
2013-12-23,148.2634735107422,148.35282360490805,147.8898366764068,148.1984904973268,85598000
2013-12-24,148.58840942382812,148.65339245178066,148.26350667831065,148.27162490896274,45368800
2013-12-26,149.3438262939453,149.42505817745555,148.90520634802775,148.92144280933357,63365000
2013-12-27,149.335693359375,149.6037312812276,149.1813602324487,149.53876065391088,61814000
2013-12-30,149.31130981445312,149.47376115332324,149.11636077126337,149.35191335348864,56857000
2013-12-31,150.0179901123047,150.0179901123047,149.40065763086213,149.51438720943818,86119900
2014-01-02,148.5802764892578,149.51439348010695,148.22287606801078,149.44127983449258,119636900
2014-01-03,148.555908203125,149.13262476805943,148.34472268057192,148.83207674667378,81390600
2014-01-06,148.1253662109375,149.10008647204444,147.89793189648722,149.04323409055215,108028200
2014-01-07,149.03512573242188,149.28692716144724,148.6046241161703,148.7183412903831,86144200
2014-01-08,149.06764221191406,149.31944367265518,148.55590866637957,149.01077742052402,96582300
2014-01-09,149.16513061523438,149.5631470257818,148.48282739222077,149.5468981697351,90683400
2014-01-10,149.57125854492188,149.636241571947,148.65339033027868,149.4169254050178,102026400
2014-01-13,147.58120727539062,149.60374984765738,147.2969080700601,149.18949697732162,149892000
2014-01-14,149.18946838378906,149.2707002538134,147.7923645002243,148.0685330275179,105016100
2014-01-15,149.99359130859375,150.22102562916058,149.22193826422478,149.53872266746006,98525800
2014-01-16,149.79867553710938,149.99362459553348,149.3194397120076,149.6849583515896,72290600
2014-01-17,149.16513061523438,149.82306675130076,148.90521088971542,149.53877993883458,107848700
2014-01-21,149.60372924804688,150.0829774762638,148.68587351730477,150.02611268532942,88621200
2014-01-22,149.70115661621094,149.92047268354366,149.38437224972566,149.85548968602882,61270900
2014-01-23,148.4746551513672,148.97013977082497,147.68676557050037,148.94577269070757,132496900
2014-01-24,145.30682373046875,147.55681268415208,145.25808956589506,147.5080785195784,208677100
2014-01-27,144.59202575683594,145.81856009570387,143.86910671496904,145.4449108362672,180843100
2014-01-28,145.45306396484375,145.63988242634528,144.6813982438137,144.69764709958417,110463200
2014-01-29,144.05596923828125,145.0306899459936,143.67420166533827,144.24278771198328,216597300
2014-01-30,145.5830078125,146.05412544411598,144.79510568306833,145.25810508446915,118938100
2014-01-31,144.73011779785156,145.6317370912376,143.70666308410694,143.77976433632207,194677900
2014-02-03,141.47291564941406,144.8844435832325,141.19674711443565,144.55954088258068,254837100
2014-02-04,142.46389770507812,142.82941637447243,141.42419409717027,142.1064972659389,165012400
2014-02-05,142.28517150878906,142.60195595032872,141.0992656073298,141.9683870672494,164230500
2014-02-06,144.16152954101562,144.16152954101562,142.3258056695776,142.6182230680074,132877600
2014-02-07,145.94850158691406,146.10283469439105,144.36457936799155,144.83569691925305,170787200
2014-02-10,146.21652221679688,146.26526876262164,145.56671700334613,145.9647208374487,92218800
2014-02-11,147.8167724609375,148.19042181444124,146.24096794292686,146.3384486927629,117814100
2014-02-12,147.88986206054688,148.5071822025876,147.59744464710766,148.03606457014416,94717700
2014-02-13,148.65333557128906,148.8076686543419,146.88259521555534,146.89071344310108,100542200
2014-02-14,149.4737548828125,149.74992338673053,148.37718670151617,148.51527095347518,96498400
2014-02-18,149.65252685546875,149.85559421651078,149.17327846378097,149.60378027765026,80460900
2014-02-19,148.66148376464844,150.2291570688705,148.53963597161686,149.2625549243331,126524300
2014-02-20,149.5387725830078,149.87992417773333,148.32036871859736,148.86458762405798,104998100
2014-02-21,149.36817932128906,150.18044850295777,149.29507806955746,149.8230480799445,118116400
2014-02-24,150.19671630859375,151.20392228863457,149.61999966337225,149.6849826934145,114063900
2014-02-25,150.1398162841797,150.74901810437066,149.64433164132132,150.31851647630845,117085000
2014-02-26,150.14794921875,150.75715104831878,149.7255658131943,150.35913472440637,98677200
2014-02-27,150.93592834472656,150.976531905378,149.75812762385164,149.92870967673502,93880800
2014-02-28,151.31761169433594,152.01616364615327,150.31040589932724,150.91147712686637,150842000
2014-03-03,150.25352478027344,150.63529222374171,149.25443732327275,149.9854745075675,167748500
2014-03-04,152.3654327392578,152.69033540764457,151.69124792782506,151.7237332369668,167545900
2014-03-05,152.5035400390625,152.76347212844618,152.25985680382635,152.49542180911084,88376900
2014-03-06,152.85279846191406,153.20208063174144,152.5278957686152,152.8771779384426,82516500
2014-03-07,152.91773986816406,153.48633801807773,152.2435551884938,153.48633801807773,114513500
2014-03-10,152.83653259277344,152.8933849757511,151.9592806165848,152.68219950516976,74939200
2014-03-11,152.08114624023438,153.28331348044767,151.7318764624212,153.06399734423744,99009100
2014-03-12,152.12171936035156,152.17858413287072,151.00078430659545,151.34194815323067,104824400
2014-03-13,150.4159393310547,152.69842520521152,149.9935684539253,152.57657744146192,155014300
2014-03-14,149.99359130859375,150.91957744068466,149.81489114325683,150.14792439631572,153919600
2014-03-17,151.35009765625,151.70749803096908,150.68403106804766,150.74901408110952,98359500
2014-03-18,152.43038940429688,152.63345663549916,151.4962727042223,151.65873640457625,101804600
2014-03-19,151.61813354492188,152.657836866733,150.65153145802532,152.4466389957693,176267300
2014-03-20,152.5035400390625,152.61725722960682,151.01708593779057,151.2851362571259,117241000
2014-03-21,151.9120635986328,154.21277863089142,151.77336986568045,153.14401152188623,163128000
2014-03-24,151.28382873535156,152.62184148947756,150.62298886709678,152.43418607213763,121411000
2014-03-25,152.00181579589844,152.5158079992297,151.15333278382596,152.05076506308257,103852000
2014-03-26,150.90850830078125,152.84207820646643,150.86771311290505,152.59731952815278,119843000
2014-03-27,150.59034729003906,151.21039190802372,150.03556004325674,150.72904098949832,142383000
2014-03-28,151.33274841308594,152.09148658475095,150.93297550984582,151.02271993918777,101642000
2014-03-31,152.57281494140625,152.80941951525526,151.3572007444576,152.29542763663392,99745000
2014-04-01,153.58457946777344,153.67432394310964,152.5647615430206,153.07058725003424,89193000
2014-04-02,154.09854125976562,154.3025048044449,153.49480468589405,153.7803586280238,78774000
2014-04-03,153.89451599121094,154.3758667758471,153.42131926347068,154.33507159348397,77435000
2014-04-04,152.07516479492188,154.76748520453793,151.83041857954635,154.7348565254688,169381000
2014-04-07,150.39454650878906,151.96098493589497,150.0845304063785,151.7080721488182,140803000
2014-04-08,151.01461791992188,151.25936422160746,149.78267010635085,150.32929092836065,112660000
2014-04-09,152.6381378173828,152.68708707066517,150.98195502028753,151.42252319771956,100254000
2014-04-10,149.4318084716797,152.70337824202883,149.24415310496124,152.6299543762397,172959000
2014-04-11,148.08563232421875,149.643916212737,147.92246403905722,148.59962424897262,167251000
2014-04-14,149.2523956298828,149.60320702218183,148.0286141143199,149.24422911911816,132382000
2014-04-15,150.2803497314453,150.38641476716487,148.08569981629594,149.56240645973372,157093000
2014-04-16,151.8549041748047,151.8630582329255,150.64743132996156,151.3164375641809,105197000
2014-04-17,152.06707763671875,152.4913253449149,151.38991709540795,151.6509964385897,105255000
2014-04-21,152.59732055664062,152.64628225178816,151.92017271889466,152.10781564565764,68329000
2014-04-22,153.29083251953125,153.7069136456541,152.67078786020082,152.75236580411618,85790000
2014-04-23,152.93185424804688,153.3153066852364,152.8094811080698,153.23372874156706,73869000
2014-04-24,153.24188232421875,153.6987586439723,152.50760613980395,153.6824380757108,88170000
2014-04-25,151.98550415039062,152.83399966124657,151.64284681102754,152.74425518315505,100380000
2014-04-28,152.46681213378906,153.127651936701,150.9003738179009,152.60550583140494,135121000
2014-04-29,153.1766357421875,153.41322799762102,152.63001488747395,152.9563516085439,84098000
2014-04-30,153.6334686279297,153.78848288367536,152.71154960098602,152.92367961366725,101508000
2014-05-01,153.64979553222656,154.06587661827783,153.16027812009398,153.5600510883004,93019000
2014-05-02,153.4294891357422,154.31061288005554,153.20105102969166,153.63345261964037,98122000
2014-05-05,153.7232208251953,153.8292858368881,152.2546810242168,152.67892862204283,75883000
2014-05-06,152.38525390625,153.48666210950358,152.35262521419665,153.38059707467167,85454000
2014-05-07,153.28268432617188,153.35610821318957,151.75702857410678,152.89923187315065,106500000
2014-05-08,153.11949157714844,154.23722015990333,152.62998658630917,153.14397865318875,93618000
2014-05-09,153.34788513183594,153.41314248051518,152.4259663577441,153.1439216826256,83679000
2014-05-12,154.8409423828125,154.9143787121676,153.3805690381238,154.03325480041556,86940000
2014-05-13,154.97962951660156,155.3549153808319,154.82461526657184,155.04488688077245,66454000
2014-05-14,154.2454071044922,154.91441358490107,154.02512296472972,154.84097723901473,72367000
2014-05-15,152.89105224609375,153.96798562573855,152.14046797343775,153.9353444905669,154956000
2014-05-16,153.4213409423828,153.48661075359828,152.3362536726949,152.98077282891433,97458000
2014-05-19,153.98428344726562,154.10665656371893,152.98894060363324,153.12763428526154,63839000
2014-05-20,153.01336669921875,153.92711887612623,152.62176040182123,153.91079831612723,111644000
2014-05-21,154.30250549316406,154.37592938182908,153.42953554254575,153.45401017210077,89093000
2014-05-22,154.67776489257812,154.9959474711187,154.08219492740108,154.34326174748693,61549000
2014-05-23,155.29779052734375,155.40384306611458,154.6777336132579,154.81642727852915,61092800
2014-05-27,156.25233459472656,156.30128383444628,155.78729191950518,155.877036341972,72010000
2014-05-28,156.13815307617188,156.49713085231022,155.87707380300037,156.2523721459482,66723000
2014-05-29,156.94581604003906,156.97029066194716,156.0973334330252,156.49710633909555,64377000
2014-05-30,157.19873046875,157.29664140638604,156.66843038973914,156.79897000729179,76316000
2014-06-02,157.37823486328125,157.45167118599196,156.61949660314022,157.4190300539107,64656000
2014-06-03,157.29664611816406,157.3782240448708,156.84792394997493,156.9947716874131,65047000
2014-06-04,157.61489868164062,157.70464315514533,156.86431419821432,157.02748257305498,55529000
2014-06-05,158.64279174804688,158.8059600417377,157.21504739260223,157.7943091514889,92103000
2014-06-06,159.40159606933594,159.4423788197918,158.91207857439525,158.98550246395223,78696000
2014-06-09,159.56472778320312,159.94818016144808,159.2302246534245,159.37708484776758,65119000
2014-06-10,159.5810546875,159.61368337145882,159.0262674686429,159.3689246704614,57129000
2014-06-11,159.0263214111328,159.1894897841637,158.66734352109557,159.01000083914508,68772000
2014-06-12,157.90040588378906,158.9283900747133,157.54959457662665,158.838645620727,106350000
2014-06-13,158.38174438476562,158.53675863990588,157.70458405643643,158.2104095635726,82017000
2014-06-16,158.51226806640625,158.84677119390793,157.99828851206456,158.18593144622284,87424000
2014-06-17,158.95286560058594,159.0670846836728,158.12069088155525,158.2920257306587,84834000
2014-06-18,160.11953735351562,160.209281811536,158.60204807631922,158.9528718481977,105267000
2014-06-19,160.29898071289062,160.39689165223476,159.74420600202836,160.25818552557587,85929000
2014-06-20,160.62445068359375,160.75561583626015,160.42770295459417,160.69822639124456,100587000
2014-06-23,160.57530212402344,160.71466043859596,160.2801867200463,160.6654766226998,70611000
2014-06-24,159.60792541503906,161.08350198070372,159.4275764732025,160.2883305122232,96237000
2014-06-25,160.32933044433594,160.49328062585948,159.2390435997385,159.2718286326044,82782000
2014-06-26,160.214599609375,160.37035669438544,159.14071129727125,160.35395792001597,84312000
2014-06-27,160.52606201171875,160.57524581036617,159.76367560689627,159.83745130486741,71445100
2014-06-30,160.444091796875,160.812982820898,160.2883347512972,160.42769302665718,70201200
2014-07-01,161.5179901123047,162.009853181357,160.78020801732367,160.8375849538412,90470000
2014-07-02,161.6819610595703,161.88690194655754,161.4606339078154,161.53440962506704,52475000
2014-07-03,162.47711181640625,162.5508875241745,162.01804628994051,162.1410058028876,52938800
2014-07-07,161.91148376464844,162.29677360886745,161.67375785433796,162.16562095590217,61696000
2014-07-08,160.87037658691406,161.67374122883092,160.47688114268797,161.61635178582407,108143000
2014-07-09,161.59181213378906,161.73937610023694,160.92780555627624,161.27210479985322,72992000
2014-07-10,160.95230102539062,161.37858138475045,159.90300514742302,160.03417025931736,99040000
2014-07-11,161.17372131347656,161.28848771671753,160.4933160269052,160.85401401097675,64243000
2014-07-14,161.9852752685547,162.19840927896595,161.85411010433305,161.99346840059408,58658000
2014-07-15,161.6819610595703,162.3951638521333,160.9687707756064,162.08364970116097,111307000
2014-07-16,162.2803497314453,162.52626871662952,161.83767054092297,162.40330922403743,79986400
2014-07-17,160.4359130859375,162.39514726507522,160.20636780804645,161.78032466691153,145398000
2014-07-18,162.07546997070312,162.23942019213007,160.87041645488503,160.96059095295985,124330000
2014-07-21,161.77212524414062,161.90329040552007,161.02613746096807,161.5671843702096,67592000
2014-07-22,162.47711181640625,162.77222715607672,162.2065883793252,162.32135476094163,67678000
2014-07-23,162.8378448486328,163.01000071248174,162.39517799796437,162.7230784422669,65612000
2014-07-24,162.84600830078125,163.18211432552147,162.68205810851217,162.99357222984193,56888000
2014-07-25,162.08360290527344,162.526269589578,161.7638957142214,162.38691132769333,76837000
2014-07-28,162.1492156982422,162.38694159904455,161.181888306148,162.11641815486394,69259000
2014-07-29,161.45236206054688,162.68200687823358,161.42777016488066,162.45247417961957,80466000
2014-07-30,161.4769744873047,162.2393608756734,160.8047750726376,162.02621440800695,104222000
2014-07-31,158.28814697265625,160.493313008586,158.18977934561389,160.3539547007428,183479000
2014-08-01,157.8044891357422,158.83738674335302,157.04211501053885,157.85367294916182,189261000
2014-08-04,158.9439239501953,159.2800299437729,157.43556230741353,158.107761785972,91340000
2014-08-05,157.4027557373047,158.70618896542626,156.82892389618613,158.29630729197072,152690000
2014-08-06,157.45196533203125,158.12416482875244,156.64039504700978,156.66498694880465,94818000
2014-08-07,156.59934997558594,158.32085755479739,156.20586717495777,158.16510055847152,135733000
2014-08-08,158.4111328125,158.51769358154402,156.53386704226997,156.95195451081412,117014000
2014-08-11,158.87014770507812,159.5751447218043,158.79637200193852,159.0095059805407,74544000
2014-08-12,158.64881896972656,159.15706830434763,158.16516153783894,158.71440154654823,73632000
2014-08-13,159.72271728515625,159.90306625578452,159.00133391124152,159.27184485858558,69047000
2014-08-14,160.47691345214844,160.47691345214844,159.8374988622914,159.98506281073506,57371000
2014-08-15,160.444091796875,161.20646574594937,159.28822241415259,161.05891433977885,139951000
2014-08-18,161.78851318359375,161.86228889120554,161.2392731792658,161.32944765810157,75424000
2014-08-19,162.63287353515625,162.75583305162903,161.85410074410035,162.182001127093,59135000
2014-08-20,163.06729125976562,163.26403892726003,162.37869318642555,162.41147821004452,72763000
2014-08-21,163.54273986816406,163.75587377291905,163.07546889298786,163.2066339921874,67791000
2014-08-22,163.2886505126953,163.69853215462342,162.919759536679,163.41161000183573,76107000
2014-08-25,164.1166534423828,164.43636071335854,163.25589924864857,164.06746963278633,63855000
2014-08-26,164.22317504882812,164.6248635485199,164.18218438419106,164.22317504882812,47298000
2014-08-27,164.15765380859375,164.41998415338935,163.9035291049476,164.3052052460918,47874000
2014-08-28,164.0675048828125,164.17407816556795,163.45268211356415,163.6166323503101,58330000
2014-08-29,164.53472900390625,164.55111526686048,163.80514002731772,164.3215824995246,65907000
2014-09-02,164.4527587890625,164.77246605868316,163.83793615451518,164.74787415398916,72426000
2014-09-03,164.3625946044922,165.1085824498981,164.1330618072287,165.08399054366268,57462000
2014-09-04,164.12484741210938,165.24791934669594,163.6739750085389,164.64128988474678,85236000
2014-09-05,164.86260986328125,164.92819243312604,163.4690146527187,164.09203030335004,102177000
2014-09-08,164.43638610839844,164.94464807278652,163.95272856120698,164.70690961155648,64146000
2014-09-09,163.3951873779297,164.4034924902629,163.0590815042879,164.28872615640864,88591000
2014-09-10,164.01011657714844,164.1166773439272,162.94442134915792,163.48545584211274,67251000
2014-09-11,164.1986083984375,164.22320029928198,163.23128110036706,163.35425311318605,66774400
2014-09-12,163.2395477294922,164.0511057777687,162.7722764216713,164.03471951014782,117409300
2014-09-15,163.11654663085938,163.39527574260777,162.62469600917206,163.26411057338487,76401000
2014-09-16,164.34613037109375,164.64124563697254,162.72300266305757,162.81317711953704,116201000
2014-09-17,164.5675048828125,165.32987885149302,163.74774147119203,164.58390365345207,151266000
2014-09-18,165.4446563720703,165.46924827352822,164.85442571988656,165.06755970205413,94990000
2014-09-19,165.29559326171875,166.28390522229688,164.95791613367513,165.970947517806,121649000
2014-09-22,164.01901245117188,165.0320438017352,163.67310390478488,165.00733694606956,125553000
2014-09-23,163.08009338378906,164.10958746178974,163.03067967877564,163.42600188594932,111393000
2014-09-24,164.35671997070312,164.46379140977228,162.67659063930944,163.10485126144548,107276000
2014-09-25,161.7046661376953,163.93661448785548,161.6470210129948,163.9283704935665,150300000
2014-09-26,162.98953247070312,163.3930987602537,161.7706147388693,162.00122045659276,103547000
2014-09-29,162.6929931640625,162.9812565160014,161.4658443372193,161.58937859258418,95112000
2014-09-30,162.26475524902344,163.31895626484734,161.92707814801506,162.8165626114416,131302000
2014-10-01,160.0657501220703,162.05884922184575,159.70336618264446,162.00119151917943,177798000
2014-10-02,160.09051513671875,160.65055410688262,158.41861709092709,159.925785964721,157285000
2014-10-03,161.85299682617188,162.19890544019296,160.66701725405935,161.16116703105928,121569000
2014-10-06,161.66354370117188,162.74246428599938,161.07879797519814,162.52832142826045,104778000
2014-10-07,159.1680908203125,161.19414164914838,159.13515252381904,160.83175755235882,147913000
2014-10-08,161.9518280029297,162.18243375092842,158.4268400640113,159.25866704307305,186461000
2014-10-09,158.73980712890625,161.9188863804444,158.6080288278827,161.69651206835096,210705000
2014-10-10,156.9279022216797,159.48928507508265,156.88673249477884,158.69864032592534,221909000
2014-10-13,154.34996032714844,157.43019795064524,154.2593643636889,156.86192788937777,230939000
2014-10-14,154.5888214111328,156.33485183590665,154.04524554586172,155.18181097923474,215847000
2014-10-15,153.5428466796875,154.5805846717429,149.8284368620911,152.4968898268638,380715000
2014-10-16,153.4111328125,154.4900408751826,150.62737608253514,150.7673858053878,270391000
2014-10-17,155.22300720214844,156.27720818082236,154.52294617029557,155.1818249237335,214625000
2014-10-20,156.73023986816406,156.8537741771381,154.89362526134707,154.9430389849367,130011000
2014-10-21,159.83518981933594,159.9422486921458,157.70206785527077,157.86678444711472,154949000
2014-10-22,158.6986541748047,160.52703759650888,158.63276501211314,160.11523975499125,151822000
2014-10-23,160.5434112548828,161.58938070991826,159.9916039619132,160.28809874573957,154944000
2014-10-24,161.77883911132812,161.82826539188608,160.18107458453974,160.8070025671867,117927000
2014-10-27,161.5564727783203,161.795309909042,160.6258059773351,161.2023202299979,82954000
2014-10-28,163.40953063964844,163.41776206770595,162.02588413497654,162.10001725575708,106736000
2014-10-29,163.16246032714844,163.99428703021516,162.08355252832857,163.52484425864415,142557000
2014-10-30,164.20843505859375,164.67787784507095,162.57770731508273,162.72596100406872,113330000
2014-10-31,166.0862274169922,166.2180056780755,165.35322811943288,166.18505482927137,146903000
2014-11-03,166.1768341064453,166.73687290152958,165.79797472318964,166.30036837975288,93600000
2014-11-04,165.60032653808594,166.0368310773971,164.76848717417494,165.73209224588456,93343000
2014-11-05,166.6462860107422,166.8521848555416,165.91328662593907,166.81100257316808,91709000
2014-11-06,167.31341552734375,167.40401153217255,166.06979088566652,166.6874874912074,107089000
2014-11-07,167.46983337402344,167.68397615414074,166.86861243836665,167.32982370775073,89540000
2014-11-10,167.9969940185547,168.04640773413132,167.29694543610404,167.50284429571937,66319000
2014-11-11,168.16171264648438,168.26878407625404,167.72520806413468,168.0628852141242,54499400
2014-11-12,167.9805450439453,168.21115078041163,167.44520042445052,167.4781512822715,90120300
2014-11-13,168.16995239257812,168.6970529636227,167.36283239221245,168.14524553511268,85357900
2014-11-14,168.21115112304688,168.41705000010194,167.78287793999272,168.09584825457884,80417500
2014-11-17,168.3181915283203,168.49115209558295,167.7252018220895,167.88993095931818,80441000
2014-11-18,169.29005432128906,169.59478062903574,168.3758628309792,168.3758628309792,76068100
2014-11-19,169.01824951171875,169.29003750260048,168.2605432494432,169.09237008184962,82373000
2014-11-20,169.3147735595703,169.42184500182628,168.1617322569379,168.22762140855156,72840300
2014-11-21,170.22067260742188,171.17604618294294,169.6441584039409,171.01132963438653,142327300
2014-11-24,170.6983642578125,170.80543567260446,170.41011343139428,170.62424369391073,65880800
2014-11-25,170.5748291015625,171.13486789312196,170.31951656028878,170.92896906086025,79108300
2014-11-26,171.0113525390625,171.11017996801954,170.50895883008297,170.72308911517945,62167800
2014-11-28,170.64892578125,171.20073306643295,170.41008869876345,170.88777543080218,57890100
2014-12-01,169.4629669189453,170.1053702571142,169.15000924590606,169.9900674160856,103968400
2014-12-02,170.5584259033203,170.76432482277494,169.47951757610983,169.50422444107855,74507200
2014-12-03,171.21725463867188,171.43138492782614,170.56661977392727,170.73133634766663,68952000
2014-12-04,171.02780151367188,171.53019514494707,170.23714450309882,170.92896153293347,91316600
2014-12-05,171.30787658691406,171.69496750572134,170.93726109809694,171.20080514258456,91025500
2014-12-08,170.16302490234375,171.4066492773018,169.6029735652243,170.91249963909075,108588200
2014-12-09,170.04771423339844,170.15478563859406,167.9393123798206,168.31815916163137,125180100
2014-12-10,167.32168579101562,169.64421885756227,167.13224975395548,169.58657370020555,159856400
2014-12-11,168.16995239257812,169.81714324797602,167.77463010606192,167.91463982072247,159012800
2014-12-12,165.45213317871094,167.86527501990798,165.41919488151544,166.89342559716104,202330200
2014-12-15,164.31552124023438,166.80278298069896,163.71430008953348,166.3498029765809,189965800
2014-12-16,162.99777221679688,166.69570760124464,162.956589932477,163.54957963889098,259543800
2014-12-17,166.19329833984375,166.6462782908317,163.31071464618827,163.4342614875855,253910100
2014-12-18,170.3030242919922,175.40108088532574,167.9475413811925,168.6228955164108,257633900
2014-12-19,171.02769470214844,171.6984869367733,170.2740833072167,170.95315240330035,245084600
2014-12-22,171.81442260742188,171.81442260742188,170.9780047060016,171.21816004761135,148318900
2014-12-23,172.04629516601562,172.44379931339762,171.75644075737372,172.3941128745285,122167900
2014-12-24,172.0628204345703,172.53485412753085,172.02141086659194,172.26985563803612,42963400
2014-12-26,172.6177215576172,172.95726241903841,172.46037273713273,172.5100591780374,57326700
2014-12-29,172.84957885742188,173.05661409343963,172.3692555934893,172.43550838538636,79643900
2014-12-30,171.92210388183594,172.5597634545932,171.8475615763448,172.42727047729622,73540800
2014-12-31,170.21604919433594,172.4106298281473,170.09183313275764,172.24500420056776,130333800
2015-01-02,170.12501525878906,171.325829928709,169.08983891329257,170.91175939051038,121465900
2015-01-05,167.0526123046875,169.24718101537695,166.74620416225187,169.08155533396388,169632600
2015-01-06,165.4791259765625,167.8807296085199,164.68410512720072,167.3589967812379,209151400
2015-01-07,167.5412139892578,167.88075485287703,166.3569783519322,166.80416895939857,125346700
2015-01-08,170.51417541503906,170.7295000974074,168.93243618580826,168.9489899025866,147217800
2015-01-09,169.14779663085938,170.94486105666158,168.53496775123423,170.92829469871802,158567300
2015-01-12,167.82273864746094,169.43762341842782,167.21819936354106,169.2802746346781,144396100
2015-01-13,167.35072326660156,170.16639741804175,166.05053592069322,169.04012523018008,214553300
2015-01-14,166.3403778076172,166.5391361681046,164.44394075078782,165.33832178191363,192991100
2015-01-15,164.8166046142578,167.29273780529536,164.70066539430715,166.97805285767345,176613900
2015-01-16,166.97804260253906,167.1353913848999,164.42736728384997,164.60955928064396,211879600
2015-01-20,167.33416748046875,167.88074357008344,165.76898150488393,167.61573238611436,130991100
2015-01-21,168.1788787841797,168.6592020890844,166.40665751815214,166.8704144645625,122942700
2015-01-22,170.6798858642578,170.81237883664812,167.55779037723386,168.93250763678003,174356000
2015-01-23,169.7440643310547,170.6798677187709,169.6115587363211,170.42313339031367,117516800
2015-01-26,170.1415557861328,170.23265179616268,168.81653784693114,169.52873956995722,92009700
2015-01-27,167.89727783203125,169.04010359425013,167.06913699508286,168.08774668633,134044600
2015-01-28,165.74415588378906,169.18093632444723,165.55368697285624,169.0815634381223,168514300
2015-01-29,167.27622985839844,167.53295158450695,164.535072128723,165.9429221459114,173585400
2015-01-30,165.17269897460938,167.4252432198437,164.90770045916094,166.10022536974702,197729700
2015-02-02,167.21823120117188,167.30932721771725,163.85598072283597,165.66961155632973,163107000
2015-02-03,169.63632202148438,169.64461151501726,167.73988555664147,168.11254630935295,124212900
2015-02-04,168.990478515625,170.0836308827361,168.53499836266207,168.87453926181905,134306700
2015-02-05,170.69642639160156,170.84549834910774,169.57844357423738,169.65297323477577,97953200
2015-02-06,170.2244110107422,171.62397153579192,169.70267805759966,171.06082899905493,125672000
2015-02-09,169.46250915527344,170.29892707677755,169.05671548674957,169.57844839821885,87219000
2015-02-10,171.26785278320312,171.52457449325172,169.50390825922682,170.49768765305734,96164200
2015-02-11,171.36721801757812,171.79785489325087,170.45627046247458,171.10221945776905,91087800
2015-02-12,173.01515197753906,173.07312789150328,171.40028015429198,172.1621680750951,97545900
2015-02-13,173.72743225097656,173.7771186932326,172.88272482333429,173.13945916904026,93670400
2015-02-17,174.00074768066406,174.17466289233747,173.16432961949462,173.4127618698397,76968200
2015-02-18,174.01727294921875,174.09180260672233,173.3630344806547,173.62804566701706,80652900
2015-02-19,173.89303588867188,174.25741993425422,173.2802196633091,173.4210021106608,91462500
2015-02-20,174.93653869628906,175.0110683660321,172.85789635073897,173.47900220479303,140896400
2015-02-23,174.9116973876953,174.9116973876953,174.30714525156807,174.68809573958757,74411100
2015-02-24,175.40853881835938,175.60729720252223,174.538988262736,174.83711952076607,72472300
2015-02-25,175.2594757080078,175.76464219992837,174.91993488108469,175.28431892593602,73061700
2015-02-26,175.05247497558594,175.32576306309747,174.44792285634952,175.16841422758196,72697900
2015-02-27,174.45619201660156,175.21808024610087,174.406505576743,174.95306905161627,108076000
2015-03-02,175.55760192871094,175.6155652234063,174.50585939965265,174.55554583408522,87491400
2015-03-03,174.83714294433594,175.60732072927564,173.97588177043423,175.1269973805194,110325800
2015-03-04,174.10006713867188,174.3153918714502,173.1311437504533,174.2408495827965,114497200
2015-03-05,174.2906036376953,174.57216861477016,173.7854369969754,174.4230966268628,76873000
2015-03-06,171.83926391601562,173.85993005329047,171.50801255821912,173.42929317901158,188128000
2015-03-09,172.55148315429688,172.90757776811046,171.88069087325783,172.03803970687056,89818900
2015-03-10,169.75234985351562,171.26784949998202,169.71094027349486,171.18504297637017,157121300
2015-03-11,169.35484313964844,170.1829841818961,169.27202398085188,170.00906900299512,110145700
2015-03-12,171.50796508789062,171.5742052319724,169.93448998279368,169.9841764090679,93993500
2015-03-13,170.45626831054688,172.19535687729632,169.42109203161417,171.23472289413294,162410900
2015-03-16,172.73365783691406,172.82475385582055,170.48111322070739,171.18503815193296,136099200
2015-03-17,172.22018432617188,172.60112205758392,171.4085971591291,171.99658274860482,94510400
2015-03-18,174.2906036376953,174.96139599219856,171.1105318054684,171.74820407178777,228808500
2015-03-19,173.4955291748047,174.29882690791254,173.10630191705437,173.87647957216197,117917300
2015-03-20,175.02696228027344,175.5343837524502,174.26167316848532,174.4446784661776,177715100
2015-03-23,174.68592834472656,175.60926875940504,174.68592834472656,175.0352986782756,71784500
2015-03-24,173.70433044433594,175.0186226578226,173.63778191445252,174.56112214072957,77805300
2015-03-25,171.15887451171875,174.14518069744963,171.1172927921801,173.91226721956986,159521700
2015-03-26,170.7512969970703,171.66631068398317,169.79467620136552,170.4934293880964,153067200
2015-03-27,171.14230346679688,171.31698228652505,170.44355010937383,170.63488193095372,118939000
2015-03-30,173.23019409179688,173.52965615952493,172.15712908659208,172.17375670108467,96180400
2015-03-31,171.71624755859375,173.10542766496235,171.65802552080422,172.40667436163744,126768700
2015-04-01,171.10899353027344,171.70791762382157,170.11910474530265,171.6829635109933,137303600
2015-04-02,171.72459411621094,172.17378093460846,170.8594757130817,171.04248104094222,86900900
2015-04-06,172.88082885742188,173.39656416417543,170.701418168536,170.83450255255133,114368200
2015-04-07,172.42330932617188,173.65442551024032,172.39004140458533,172.90577669260682,81236300
2015-04-08,173.00558471679688,173.44645764013111,172.25693593565734,172.64790063262691,89351900
2015-04-09,173.77084350585938,174.00375698350715,172.34840853114136,172.8391895952683,85548900
2015-04-10,174.71920776367188,174.76080219267658,173.82083409992583,174.02046705060823,72722900
2015-04-13,173.928955078125,175.20999234303937,173.87904684312468,174.57778751880323,74436600
2015-04-14,174.26173400878906,174.44473937037432,173.1054797839583,173.72935823677,75099900
2015-04-15,175.04360961914062,175.55103114849615,174.6443310577444,174.72751990891874,99529300
2015-04-16,174.99368286132812,175.50110433696972,174.51121549982994,174.71086110581254,68934900
2015-04-17,172.98068237304688,174.0454338302664,172.19875274509283,173.8042064330314,191113200
2015-04-20,174.56114196777344,174.8938719621486,173.82080694137838,173.90398309355433,92189500
2015-04-21,174.3531951904297,175.4013061722621,174.05373309664378,175.24325497098113,72559800
2015-04-22,175.20994567871094,175.39295095352963,173.77085759101533,174.69419777111565,78264600
2015-04-23,175.65084838867188,176.29968076672418,174.6942274364306,174.81068420446982,102585900
2015-04-24,176.0583953857422,176.3245894686071,175.60920873694826,176.066721883852,61327400
2015-04-27,175.3264617919922,176.7488973636394,175.13512995354867,176.62412676712225,79358100
2015-04-28,175.8837432861328,175.9336515110271,174.12856545128815,175.3014595076419,86863500
2015-04-29,175.16006469726562,175.7589761437368,174.35318113994506,174.9936870085861,125684900
2015-04-30,173.40489196777344,174.97706470799116,172.70613865547094,174.58609997482478,161304900
2015-05-01,175.28485107421875,175.3264455001387,174.08700268761004,174.18681915554853,103399700
2015-05-04,175.78390502929688,176.366188735552,175.60089976549773,175.7090300084097,70927200
2015-05-05,173.77084350585938,175.90035810451877,173.62943265820414,175.5426613898816,113326200
2015-05-06,173.05545043945312,174.62762264797675,171.99069956240174,174.31984686576348,135060200
2015-05-07,173.7459259033203,174.17017122825814,172.6229526914599,172.95568267434402,88244900
2015-05-08,176.0334930419922,176.23313866284923,175.33475240824686,175.417941256813,155877300
2015-05-11,175.1933135986328,176.25806468783728,175.11845126255614,175.99188326195326,75708100
2015-05-12,174.6692657470703,175.20996783389103,173.53796603824514,174.36148987906336,119727600
2015-05-13,174.7025604248047,175.70076314404608,174.46964688007623,175.07688485791567,94667900
2015-05-14,176.52427673339844,176.61577938439606,175.4428852287453,175.71739318173817,95934000
2015-05-15,176.71560668945312,176.8570175782501,176.23313929029138,176.71560668945312,76510100
2015-05-18,177.26461791992188,177.51415907420704,176.48268845559923,176.54923699435392,74549700
2015-05-19,177.2063751220703,177.65557456500738,176.9235533648642,177.38106661495368,72114600
2015-05-20,177.08155822753906,177.8302068461468,176.76545593874235,177.30614519742218,76857500
2015-05-21,177.59735107421875,177.80531050170612,176.77382717194772,176.94020486820656,64764600
2015-05-22,177.173095703125,177.63059623069003,177.1065471717183,177.214677429024,57433500
2015-05-26,175.26817321777344,177.1065398297752,174.8522544333493,176.68229454624878,124308600
2015-05-27,176.93185424804688,177.1647677596547,175.31808727988246,175.72569227161335,93214000
2015-05-28,176.73219299316406,176.84032323223988,176.04176637565863,176.62405006125587,74974600
2015-05-29,175.63418579101562,176.70725068227623,175.36800436620842,176.66566895762463,124919600
2015-06-01,175.99185180664062,176.63235749126358,175.201596090961,176.29962759516937,93338800
2015-06-02,175.81727600097656,176.5077030476763,174.91057564884957,175.53445413399314,91531000
2015-06-03,176.28302001953125,176.9068982101551,175.7922388891874,176.34956854967123,87820900
2015-06-04,174.79405212402344,176.23312772649365,174.4779497504916,175.5759815578114,151882800
2015-06-05,174.49456787109375,175.16835426135324,173.83740909313252,174.64429253878083,121704700
2015-06-08,173.4215087890625,174.53618088064647,173.34664644724396,174.38644350417422,89063300
2015-06-09,173.39654541015625,173.93724746657017,172.76435340274276,173.39654541015625,105034700
2015-06-10,175.4761505126953,175.85880141825191,174.10362346119902,174.16184549668475,134551300
2015-06-11,176.0417938232422,176.424432007937,175.68409705806988,175.9170105686235,73876400
2015-06-12,174.6942138671875,175.91701618303716,174.41970592966666,175.21827562907586,135382400
2015-06-15,173.945556640625,174.22837837118564,172.84752494385896,173.55459196309474,124384200
2015-06-16,174.89389038085938,174.97707923463193,173.62117961372883,173.79585843667937,85308200
2015-06-17,175.1766815185547,175.78393212058168,174.15352479896114,175.1766815185547,126708600
2015-06-18,176.99839782714844,177.46422483733193,175.2099521217295,175.7755955789997,165867900
2015-06-19,176.21267700195312,176.8312356588325,175.83653181049735,176.7560091714565,130478700
2015-06-22,177.11544799804688,177.70056420665657,176.90647701250222,177.13216924817195,70696000
2015-06-23,177.2408447265625,177.57520599247403,176.84799096530594,177.32443823168492,68476800
2015-06-24,175.95355224609375,177.34947675949232,175.92847675070024,176.97333157401434,92307300
2015-06-25,175.41859436035156,176.5804724618703,175.34336787105184,176.4550949797041,97107400
2015-06-26,175.38519287109375,176.02046014070368,174.83350635153408,175.77804663002834,104174800
2015-06-29,171.70724487304688,175.39349541072858,171.63201839380625,173.90562329995635,202621300
2015-06-30,172.06674194335938,173.2954925539955,171.59028189840387,173.24532879564853,182925100
2015-07-01,173.44589233398438,173.8889097374112,172.66015950388396,173.6381420409531,135979900
2015-07-02,173.287109375,174.08956362412331,172.86916737650563,173.92238937564107,104373700
2015-07-06,172.79388427734375,173.57125001771135,171.79918060602085,171.99979729123189,117975400
2015-07-07,173.8805389404297,174.00591639943752,170.6122304601734,172.9945042179113,173820200
2015-07-08,170.96331787109375,172.82733523135315,170.72927142023497,172.54313779167816,164020100
2015-07-09,171.27261352539062,173.32053937393576,171.16395728673342,173.0614046397183,144113100
2015-07-10,173.42918395996094,173.84712590022323,171.3143987625998,173.27036398192914,129456900
2015-07-13,175.34335327148438,175.45200949545605,174.64956816725388,174.6913649093545,106069400
2015-07-14,176.10398864746094,176.41327431917014,175.2430293744305,175.30154736122591,81709600
2015-07-15,176.0454864501953,176.6055270618989,175.56902656518767,176.14578842406027,97914100
2015-07-16,177.4581756591797,177.4581756591797,176.8563381591246,177.09873890698512,106683300
2015-07-17,177.60862731933594,177.66714532106226,177.0402323261076,177.4498073198817,89030000
2015-07-20,177.7005157470703,178.19368407736846,177.3828886087727,177.8342602024447,70446800
2015-07-21,176.99839782714844,177.82592739564956,176.69747914356392,177.5667926991554,77965000
2015-07-22,176.6807861328125,177.01514736499615,176.27956540876897,176.3129951546989,88667900
2015-07-23,175.68606567382812,176.91481598309016,175.32664173192563,176.8145140001547,90509100
2015-07-24,173.8638916015625,175.84493282344192,173.52954306569882,175.78642756922636,117755000
2015-07-27,172.85244750976562,173.48772751549507,172.4094300081794,172.97783776306483,132361100
2015-07-28,174.9755401611328,175.11763886259664,172.86075537566398,173.68827209328106,123544800
2015-07-29,176.17929077148438,176.40497028935027,174.95889440503456,175.10099316780972,105791300
2015-07-30,176.2210693359375,176.38824358344127,175.05082409425617,175.66938284005533,91304400
2015-07-31,175.95355224609375,176.74763936089735,175.66935479525043,176.72256386550384,103266900
2015-08-03,175.3600616455078,175.97862026628187,174.4071545973059,175.9201150310407,113965700
2015-08-04,175.01734924316406,175.74456404741375,174.53253512213954,175.28482541932374,81820800
2015-08-05,175.59413146972656,176.6306193101824,175.30992125919204,175.91175866861994,85786800
2015-08-06,174.1564178466797,175.88669090895726,173.57128890569496,175.77802191913275,116030800
2015-08-07,173.8220977783203,174.14809207038962,172.91934141076393,173.99763905308654,117858000
2015-08-10,176.01210021972656,176.09568096708327,174.93380271583044,174.93380271583044,80270700
2015-08-11,174.42391967773438,175.0926294552117,173.6632621464217,174.67468743861062,126081400
2015-08-12,174.63279724121094,174.81669265048046,171.6570537160441,173.11984999141544,172123700
2015-08-13,174.4155731201172,175.1595094322887,173.87224082183005,174.47407837264055,89383300
2015-08-14,175.05076599121094,175.12599246443173,174.0811378211207,174.2232365220622,72786500
2015-08-17,176.0287628173828,176.0287628173828,173.99757134669795,174.45730997830594,79072600
2015-08-18,175.5188751220703,176.1039912257194,175.28482868061067,175.75292156352995,71692700
2015-08-19,174.13133239746094,175.543965411561,173.32052403028706,174.77495378843668,172946000
2015-08-20,170.49522399902344,174.10623547356118,170.43670600935428,172.61836329246614,194327900
2015-08-21,165.36289978027344,170.47015049672353,165.10377783345345,168.6228416186139,346588500
2015-08-24,158.4000244140625,165.07037543288203,152.46524267191543,156.71990209767756,507244300
2015-08-25,156.53599548339844,163.37352027293903,156.24343099047852,163.35679902216663,369833100
2015-08-26,162.5459747314453,162.82180517053467,157.4554325277485,160.55656714024025,339257000
2015-08-27,166.56658935546875,166.6919668394145,163.17290274119117,164.6858505688254,274143900
2015-08-28,166.57498168945312,167.0430747426461,165.43817880830773,165.92299311470876,160414400
2015-08-31,165.2291717529297,166.44956787940615,164.67748530858103,165.5969627158288,163298800
2015-09-01,160.2974853515625,162.80513746263742,159.4281588104927,161.4259211487993,256000400
2015-09-02,163.34007263183594,163.38186937689952,160.84077523011493,162.6797172217289,160269300
2015-09-03,163.45712280273438,165.54683285453467,162.96395429160822,164.050593314882,152087800
2015-09-04,160.98284912109375,162.04442505995004,160.16368661345783,161.20018706006013,207081000
2015-09-08,165.02853393554688,165.17899965322377,163.13944112289605,163.78307522572973,116025700
2015-09-09,162.82177734375,166.73371962083738,162.4539992362937,166.60834216995147,149347700
2015-09-10,163.70787048339844,164.85302736988268,162.37045111243074,162.62957308634384,158611100
2015-09-11,164.45175170898438,164.51862393064508,162.6044432550019,163.31494944989643,119691200
2015-09-14,163.84161376953125,164.67749774668127,163.35679953223493,164.62734674878465,79452000
2015-09-15,165.8895263671875,166.33254381905883,163.79981659248259,164.34313603207536,113806200
2015-09-16,167.3272247314453,167.51948720226258,165.84771948467198,166.19043492787617,99581600
2015-09-17,166.95111083984375,169.59250738984824,166.5749655837949,167.19352434689554,276046600
2015-09-18,164.22286987304688,166.93680784355814,163.81116558164115,164.44133777057908,223657500
2015-09-21,165.071533203125,166.09660164625475,164.0212460736716,165.05472501920516,105726200
2015-09-22,162.92889404296875,163.39102279987037,161.79457916883604,162.90368818539991,153890900
2015-09-23,162.66842651367188,163.56746535756787,162.08866614231047,163.09693891729887,92790600
2015-09-24,162.0802459716797,162.54237470540022,160.11411225463215,161.45007392230164,159378800
2015-09-25,162.0382537841797,163.84474196466735,161.16440798067316,163.54225885128184,155054800
2015-09-28,157.97154235839844,161.2484450735252,157.66066154868136,161.1392111367556,178515900
2015-09-29,158.06396484375,159.42514531239374,157.06408971646624,158.19000695761784,159045600
2015-09-30,161.01316833496094,161.1812116552828,159.17306384836056,159.95447105725466,163452000
2015-10-01,161.433349609375,161.7358328390294,159.4924208944628,161.39133555675016,131079000
2015-10-02,163.84478759765625,163.8699934623849,158.90423297664296,159.45038996116762,211003300
2015-10-05,166.7603759765625,166.98724156689823,164.96228507812722,165.0715190328975,126320800
2015-10-06,166.18899536132812,167.18887056699,165.52521966477568,166.62591831272772,110274500
2015-10-07,167.55015563964844,167.90305046579965,165.92850615424473,167.1216304200561,124307300
2015-10-08,169.06259155273438,169.34826651960603,166.8611814375429,167.16366458507915,153055200
2015-10-09,169.16334533691406,169.64226931111884,168.53317344077934,169.2053593608324,107069200
2015-10-12,169.32302856445312,169.52467541066562,168.81048812885825,169.23900049794267,56395600
2015-10-13,168.25596618652344,169.86080769258092,168.0879228419,168.59205287577035,88038700
2015-10-14,167.4493408203125,168.77690504339486,167.15526817132374,168.19714460448515,99106200
2015-10-15,170.02044677734375,170.02884445694005,167.74341916003004,168.11312219642502,134142200
2015-10-16,170.79345703125,170.8102523905057,169.6591420581285,170.42375399346568,114580100
2015-10-19,170.8774871826172,170.8774871826172,169.83561069902436,170.14649154385307,76523900
2015-10-20,170.6590118408203,171.27237577728562,170.18848537882585,170.44055678943275,78448500
2015-10-21,169.6002960205078,171.2303301572377,169.43223989717623,171.07909503129787,102038000
2015-10-22,172.46551513671875,172.6755725270435,169.60034207656216,170.54979276262782,174911700
2015-10-23,174.3560028076172,174.72570580477407,173.33933238631926,174.13754777333517,144442300
2015-10-26,173.9275360107422,174.23841687580705,173.55783291667214,174.17960746768875,69033000
2015-10-27,173.59140014648438,173.92748678002485,172.91080355910756,173.25530069206067,77905800
2015-10-28,175.5659942626953,175.59120012816956,173.26377307679465,173.9275489024297,135906700
2015-10-29,175.46511840820312,175.83482141928536,174.9441802494331,175.0618118601516,90525500
2015-10-30,174.7089385986328,175.9776935292275,174.54930574049988,175.65840217118858,131076900
2015-11-02,176.77587890625,176.96912809584242,174.91056844424497,175.03661055814953,86270800
2015-11-03,177.28848266601562,177.84303739497005,176.19618139346903,176.42304702274836,95246100
2015-11-04,176.7506866455078,177.70854780880495,176.21294025244424,177.582518506089,96224500
2015-11-05,176.57424926757812,177.27164138970872,175.6836079229662,176.80951253517802,78408700
2015-11-06,176.48184204101562,176.71711815422435,175.15429038615696,176.22978338559173,110471500
2015-11-09,174.83499145507812,176.01971836803094,173.88552782430054,175.86847036041127,131008700
2015-11-10,175.23825073242188,175.2718670898659,174.0871404971983,174.35600725233144,75874600
2015-11-11,174.54928588867188,175.55755875304874,174.48206598826206,175.50714703296265,67846000
2015-11-12,172.11260986328125,173.9779204023647,172.0958145041074,173.5073939278004,121315200
2015-11-13,170.18008422851562,171.96977723917988,170.09606896762043,171.70091045507593,153577100
2015-11-16,172.7679901123047,172.8268123328359,169.8775985069335,169.99524294799596,117645200
2015-11-17,172.64195251464844,173.96110613317177,172.14622019779057,173.0788754346867,121123700
2015-11-18,175.38107299804688,175.5239104525939,173.07885272714665,173.12085393898545,121342500
2015-11-19,175.22988891601562,175.6500037238599,174.93580342217007,175.26349245945312,88220500
2015-11-20,175.8684844970703,176.5490685338473,175.49038367895957,175.9861161476134,94011500
2015-11-23,175.6668243408203,176.43142360134627,175.20469545530196,175.92729348877955,64931200
2015-11-24,175.9020538330078,176.30536040976253,174.27200652498112,174.65850492161297,98874400
2015-11-25,175.87686157226562,176.22975645682286,175.61637963331742,176.0280967424105,51980100
2015-11-27,176.0784912109375,176.2801509055882,175.49033312764547,175.96925727372445,37317800
2015-11-30,175.3475341796875,176.3558072327126,175.23830021847323,176.23817559020782,112822700
2015-12-01,177.01954650878906,177.1371909479036,175.70039284870492,175.97767012472167,97858400
2015-12-02,175.2130889892578,177.28845726346316,174.96101752849728,176.969165891774,108441300
2015-12-03,172.7595672607422,175.73397369234962,172.03696946468523,175.46510695149848,166224200
2015-12-04,176.12890625,176.42299170763283,172.7595905214948,172.7595905214948,192913900
2015-12-07,175.06179809570312,176.221305932794,174.09552660709724,175.80119123884788,102027100
2015-12-08,173.885498046875,175.01140253603222,172.90243103880024,173.49899964415422,103372400
2015-12-09,172.53271484375,175.3390781729682,171.55804558972366,173.2469150156054,162401500
2015-12-10,172.97801208496094,174.28876781888582,172.36464824965145,172.59991144184914,116128900
2015-12-11,169.62551879882812,171.5244326656426,169.3146251963517,170.8606570674319,211173300
2015-12-14,170.4825897216797,170.60863186087278,168.00391483485856,169.78521039920295,182385200
2015-12-15,172.2722930908203,173.17974269861332,170.4573938752343,171.99501575336515,154069600
2015-12-16,174.79295349121094,175.09543664417558,172.07901561545526,173.39816935138043,197017000
2015-12-17,172.12945556640625,175.17108295495487,172.1126473826835,175.1038630409515,173092500
2015-12-18,169.06285095214844,171.52245961725413,168.90225524298998,171.38723266491505,251393500
2015-12-21,170.45753479003906,170.63503876713125,169.12206982484525,170.23777963014126,99094300
2015-12-22,172.00430297851562,172.30013863391332,170.35610707732334,171.3450246180387,111026200
2015-12-23,174.13426208496094,174.1765261580571,172.91712900402382,173.01010480596162,110987200
2015-12-24,173.84690856933594,174.3963158340677,173.62715340175535,173.88072499338642,48539600
2015-12-28,173.4496612548828,173.49191243890718,172.3762154986154,173.15382558359133,65899900
2015-12-29,175.30068969726562,175.6303288679447,174.5146320199485,174.54843554380895,92640700
2015-12-30,174.05824279785156,175.14014928136507,173.91455521654785,175.05562110545048,63317700
2015-12-31,172.31707763671875,174.02444626074836,172.31707763671875,173.3820759484194,114877900
2016-01-04,169.90814208984375,169.91658974704953,167.85422643642048,169.46017121139246,222353500
2016-01-05,170.195556640625,170.6519752820483,169.08830712231494,170.229360174468,110845800
2016-01-06,168.04861450195312,169.09669132121843,167.01743299467392,167.642894864962,152112600
2016-01-07,164.01693725585938,166.8822673689492,163.62812565503964,165.09883097484848,213436100
2016-01-08,162.21656799316406,165.53832917185426,161.92919283899013,164.9804741804424,209817200
2016-01-11,162.37716674804688,163.4759685368012,160.44159535409074,163.13786873408287,187941300
2016-01-12,163.6872100830078,164.43946410713409,161.55722732479154,163.82244994957026,172330500
2016-01-13,159.60479736328125,164.70153370781395,159.2244464071734,164.3549862801032,221168900
2016-01-14,162.22499084472656,163.34914831411587,158.61586796094596,160.21335217593364,240795600
2016-01-15,158.74264526367188,159.5456111894306,156.80707422590876,157.86361173274562,324846400
2016-01-19,158.9539794921875,160.68670387418427,157.3818509017829,160.55992451092123,195244400
2016-01-20,156.91702270507812,158.48070414485107,153.00361462081898,156.39298397047415,286547800
2016-01-21,157.79600524902344,159.63860062752195,156.0632810105243,157.39029842299223,195772900
2016-01-22,161.03323364257812,161.23608060151886,159.6470568686722,160.40775875907423,168319600
2016-01-25,158.5989532470703,160.72047585810714,158.40455396249536,160.52607657353218,130371700
2016-01-26,160.76278686523438,161.04171438827436,158.92019115793917,159.25827809042957,141036800
2016-01-27,159.0131378173828,161.9122707781583,158.10873544829985,160.23871884423306,185681700
2016-01-28,159.84146118164062,160.76275887488137,158.1932651026348,160.55991190958068,143798800
2016-01-29,163.73800659179688,163.87324652838623,160.4923254967938,160.61065721701192,210529300
2016-02-01,163.67881774902344,164.4648885160024,162.14895320031806,162.73216408290494,136061600
2016-02-02,160.72894287109375,162.25880713586815,160.2048914913047,162.2503594786988,182564900
2016-02-03,161.6925048828125,162.09821167988892,158.14254138972404,161.78548070059944,205054900
2016-02-04,161.9461212158203,162.91813084538626,160.55994412036455,161.1938668084789,139531800
2016-02-05,158.86099243164062,162.00524939021113,158.22706986575446,161.43049912112437,180788300
2016-02-08,156.72250366210938,157.31416192641586,154.50800577405525,157.01833924285404,191526700
2016-02-09,156.73106384277344,158.00736997623258,154.84620369852942,154.98144365523368,184513100
2016-02-10,156.5957794189453,159.19062903955063,156.46898716953467,157.559341187404,148214100
2016-02-11,154.55874633789062,155.6068360996528,153.0626857426202,154.11922316074063,219058900
2016-02-12,157.7453155517578,157.76221086969568,155.48855247688485,156.3337826725911,127632400
2016-02-16,160.4077606201172,160.43311649027896,158.59052114019153,159.55408289790063,120250700
2016-02-17,163.0279998779297,163.3999032175602,161.44741068450003,161.57420294874984,136009500
2016-02-18,162.36024475097656,163.35762296284307,162.04751374504974,163.29845066594467,102343000
2016-02-19,162.28416442871094,162.43629964221327,160.97405531352098,161.58262196190358,114793000
2016-02-22,164.63394165039062,164.77762924050367,163.79715908741392,163.86477905285352,103640300
2016-02-23,162.5546875,164.24514799614548,162.43634288396734,163.97466812611097,111455300
2016-02-24,163.29847717285156,163.57740469524649,160.0189926642714,161.12624219738512,150812200
2016-02-25,165.2762451171875,165.28470567018846,162.9856793640243,163.74638109741173,110728300
2016-02-26,164.89593505859375,166.23984780551964,164.7353392780452,166.14688487697853,129833700
2016-02-29,163.6027069091797,165.85946932595837,163.408307632069,164.91281590992145,125918100
2016-03-01,167.4485321044922,167.5330602715892,164.35498690824195,164.82831369073514,141799700
2016-03-02,168.20077514648438,168.2514868844862,166.72162260122636,167.13578995688582,102415000
2016-03-03,168.86004638671875,168.87695459773252,167.4485138509449,168.023264053551,95172200
2016-03-04,169.4094696044922,170.18709267747013,168.2261525755054,169.05447449579614,129293600
2016-03-07,169.54469299316406,169.95041270399778,168.4120878190908,168.48815542842698,100219000
2016-03-08,167.69366455078125,168.97841805089885,167.53308164830707,168.47128767517106,123974900
2016-03-09,168.52195739746094,168.86849188710752,167.71897859938895,168.50504918666311,94801200
2016-03-10,168.65721130371094,169.95042524378096,166.8315240589992,169.01221930118146,156838700
2016-03-11,171.37879943847656,171.42106351033826,168.64026298354065,170.11095466572948,137964500
2016-03-14,171.15907287597656,171.6154913955506,170.54205859484566,170.8716977748675,73612000
2016-03-15,170.88018798828125,171.1844713761723,169.93353429137107,170.19555358982376,93169100
2016-03-16,171.86904907226562,172.2747687203931,170.3560931881602,170.39835726365493,129303200
2016-03-17,172.9594268798828,173.46655716459603,171.38729849261688,171.78455764242833,134278500
2016-03-18,173.63906860351562,173.97889914453387,173.14630524444627,173.46064914307334,138372400
2016-03-21,173.885498046875,174.11489086366146,173.14635925953976,173.37575207632625,72926700
2016-03-22,173.7920379638672,174.36126141225773,172.9509525979609,173.11236372451606,97471900
2016-03-23,172.64508056640625,173.596616617055,172.47515230275633,173.4097058980052,81052500
2016-03-24,172.56857299804688,172.6025638294316,171.39614858934974,171.61703713853527,84360900
2016-03-28,172.67051696777344,173.19725813343368,172.22023572028272,172.98486082938322,62408200
2016-03-29,174.2677764892578,174.37822726148767,171.95689224557793,172.26274495323278,92922900
2016-03-30,175.0324249267578,175.75456819261893,174.66709471626987,175.27030893947753,86365300
2016-03-31,174.607666015625,175.36380027482747,174.44624191022632,174.93900545586632,94584100
2016-04-01,175.79702758789062,175.98393828288175,173.29923281274102,173.613589689065,114423500
2016-04-04,175.22781372070312,175.92448325116527,174.92196101820605,175.7205771282654,63497000
2016-04-05,173.47767639160156,175.23631985781554,173.2227969572166,173.8854757083936,99662200
2016-04-06,175.3722381591797,175.43171563832263,173.29923799902537,173.47765747274903,91839800
2016-04-07,173.2737274169922,174.64156664755637,172.54308013301934,174.2847407131096,113859000
2016-04-08,173.74102783203125,174.88797867801816,173.20578237541002,174.4546797983895,95040600
2016-04-11,173.33326721191406,175.07492841823893,173.23981184092958,174.37825875022577,83757500
2016-04-12,174.94744873046875,175.22781478977706,173.06135921418053,173.50314933463957,115350600
2016-04-13,176.71458435058594,176.79954847085173,175.72905759580317,175.86499500274658,96336400
2016-04-14,176.72308349609375,177.2243510861963,176.37476170028683,176.7740697487607,65212900
2016-04-15,176.5277099609375,176.85904935618856,176.20486179397741,176.72311192128882,75761600
2016-04-18,177.76808166503906,177.80205953527738,175.86499683907383,176.52767550021161,82531000
2016-04-19,178.32884216308594,178.583721621976,177.5132434510871,178.19291768689132,88316100
2016-04-20,178.49874877929688,179.19540538775044,177.89553456526323,178.3713025834669,81100300
2016-04-21,177.53871154785156,178.6261850260145,177.2668366964576,178.5157342471724,85695000
2016-04-22,177.53871154785156,177.81057343553908,176.63814878909537,177.18188552817682,99251700
2016-04-25,177.23284912109375,177.2753311847621,176.32378222067248,176.9354876391209,66166500
2016-04-26,177.49620056152344,178.00595934297635,177.02043261280969,177.5981471323323,75864200
2016-04-27,177.86154174804688,178.25234560286344,176.75707296217792,177.11389894585156,77329400
2016-04-28,176.24737548828125,178.20992556336302,175.83108484430005,177.10546935681649,97216200
2016-04-29,175.29583740234375,175.97551172812186,174.19136824341803,175.62717685365052,142424100
2016-05-02,176.68910217285156,176.86750868073221,175.36374483091808,175.79703074233328,62188000
2016-05-03,175.15133666992188,175.6950733141479,174.40369392272203,175.4571893425305,106422100
2016-05-04,174.17433166503906,174.88799666851617,173.67307699165534,174.15734920959673,92243800
2016-05-05,174.14035034179688,174.9984310180726,173.7155556174355,174.6416050052538,67619200
2016-05-06,174.7775421142578,174.82002417935882,173.21430064270663,173.36722052062296,89315000
2016-05-09,174.92198181152344,175.35526779002257,174.47170041316932,174.65011991237895,74374900
2016-05-10,177.096923828125,177.1139192474971,175.55916894946716,175.62713766324902,77472200
2016-05-11,175.44021606445312,177.17337278546606,175.44021606445312,176.63814026364022,81727000
2016-05-12,175.49118041992188,176.28130528517482,174.4801669825997,176.1113770380545,89586300
2016-05-13,173.96194458007812,175.74608774865698,173.63910937941026,175.19385974889587,96474600
2016-05-16,175.6781005859375,176.15386859061536,174.07237708829686,174.13185457073453,77486800
2016-05-17,174.03842163085938,175.69511863327767,173.51166730323104,175.40626130233449,114924900
2016-05-18,174.08935546875,175.2702841375371,173.00188214628582,173.6900474402525,120062100
2016-05-19,173.48614501953125,173.77500229114204,172.27972968188774,173.36720302747358,115430500
2016-05-20,174.58218383789062,175.10043404885363,174.04693820389505,174.09791150928334,104990400
2016-05-23,174.34425354003906,174.87948606839956,174.1573428273716,174.59911999939837,58682600
2016-05-24,176.60415649414062,176.9185134089353,175.13437036157126,175.15985700821594,93537800
2016-05-25,177.8020477294922,178.21835115357214,176.60412370478156,177.2837977377616,76621400
2016-05-26,177.85305786132812,178.16741478288665,177.5387139034762,177.93802199444266,55280700
2016-05-27,178.61769104003906,178.62618226762407,177.96350353221763,178.01447682514024,64211200
2016-05-31,178.27783203125,178.99998818828732,177.71709993028256,178.88953742072263,109879400
2016-06-01,178.6431884765625,178.82159501256743,177.47075081370213,177.66615276960985,69936200
2016-06-02,179.18692016601562,179.20390262173052,177.76810729142292,178.24387532557296,63044700
2016-06-03,178.65174865722656,179.00008359928916,177.4453326526383,178.62626199938902,101757100
2016-06-06,179.56072998046875,179.9175559829688,178.84706501176282,179.00848907654503,64887000
2016-06-07,179.84109497070312,180.40182713900126,179.68817508682545,179.7136617341384,60974800
2016-06-08,180.4272918701172,180.55473805490792,179.84957731625556,179.9770105373412,66170900
2016-06-09,180.18092346191406,180.2998654606559,179.42478940626114,179.69665127608295,73786900
2016-06-10,178.47323608398438,179.14440594805325,177.92948646973554,178.80457540285207,113829200
2016-06-13,177.096923828125,178.72813406776956,177.01197265867765,177.8700533632236,117751200
2016-06-14,176.74855041503906,177.34327328976747,175.79701455739968,176.714572547425,125059300
2016-06-15,176.502197265625,177.87003671364448,176.3152865611474,176.74857248677887,109124500
2016-06-16,177.02894592285156,177.19887418033667,174.66708833731502,176.50220462302434,149533100
2016-06-17,176.36968994140625,176.95040897544104,175.71210030370545,176.9247897845939,117055700
2016-06-20,177.50546264648438,179.00851114307952,177.42005668472956,178.33385095724924,82789600
2016-06-21,178.0093231201172,178.419243066188,177.44567504981978,177.88976259288322,72461700
2016-06-22,177.71897888183594,178.91458425630307,177.5737861288952,178.18867261608438,95560500
2016-06-23,180.0333709716797,180.08460935149466,178.71820477564012,179.17936322509908,102731400
2016-06-24,173.56849670410156,180.06749458914365,173.12440913565385,173.9015591226571,333444400
2016-06-27,170.4598846435547,172.16789946751368,169.648567177279,172.15935105347774,230775800
2016-06-28,173.5343780517578,173.5599972426327,171.75804030805926,172.06548362968255,159382400
2016-06-29,176.48928833007812,176.71986109711338,174.83251080092344,174.93498758627246,137328600
2016-06-30,178.8975372314453,178.9487756107237,176.40383620128068,176.95894904941898,165021900
2016-07-01,179.2732696533203,179.76006022892233,178.73524070789102,178.8975042330917,106055300
2016-07-05,177.9837646484375,178.55594829759565,177.3859618083562,178.4449231161789,109803700
2016-07-06,179.05126953125,179.17083009603255,176.83084414971785,177.488433771584,96021500
2016-07-07,178.9402313232422,179.89671577185584,178.1716296100524,179.23059081212514,85593800
2016-07-08,181.60470581054688,181.8523753049966,180.0077158135036,180.23830150772062,133971000
2016-07-11,182.24526977539062,182.81746650164646,181.86096884954205,182.06593542451992,73633900
2016-07-12,183.56895446777344,183.86786237841264,182.27085910120599,183.21027279368047,101275600
2016-07-13,183.54331970214844,183.99594270707593,183.05654212544937,183.98740732191362,87324100
2016-07-14,184.56814575195312,185.03785260793288,184.1753094950419,184.80726687297488,91230900
2016-07-15,184.32044982910156,185.32817247632323,183.87636225740206,185.13175438987037,107155400
2016-07-18,184.81578063964844,184.97804416230315,184.18381034907776,184.44001522531568,58725900
2016-07-19,184.6278839111328,184.66203847751407,184.14964179507294,184.39729823691812,54345700
2016-07-20,185.39654541015625,185.63566654552127,184.62794362235798,184.62794362235798,58159500
2016-07-21,184.69627380371094,185.50757862175766,184.25218609118403,185.28554128105674,67777300
2016-07-22,185.52464294433594,185.57588132287663,184.55107465869187,184.81581496856785,62787500
2016-07-25,185.02076721191406,185.37091350436867,184.4400482176101,185.31967512617993,55873100
2016-07-26,185.1061553955078,185.46483703945992,184.26068314332773,184.91827267280112,70080500
2016-07-27,184.9097442626953,185.55025001486825,184.14112954141405,185.4819278375684,84083900
2016-07-28,185.12322998046875,185.41358943524244,184.2521385850259,184.71329695254167,65035700
2016-07-29,185.42213439941406,185.78081604403943,184.5766751767694,184.85849926135842,79519400
2016-08-01,185.2684326171875,185.87477078706675,184.81580957844722,185.48193454229607,73311400
2016-08-02,184.08132934570312,185.17445796327624,183.24440559843146,185.02072982864698,92295500
2016-08-03,184.61940002441406,184.67918682537842,183.72270225894798,184.02159717039504,53993600
2016-08-04,184.81578063964844,185.13175926937313,182.97112116808105,184.7303746705287,46585500
2016-08-05,186.327392578125,186.37009556908544,184.81580834088703,184.81580834088703,71892200
2016-08-08,186.21636962890625,186.61775426461165,185.9516293438926,186.51526448603158,39906500
2016-08-09,186.327392578125,186.8227186047949,186.00287851529686,186.28470261828784,51251700
2016-08-10,185.8662567138672,186.515297949416,185.51611038906955,186.43844037503354,57941100
2016-08-11,186.72877502441406,186.97644455037576,186.13097225142164,186.39571254866664,72504300
2016-08-12,186.56649780273438,186.77999969331964,186.16511320594435,186.4213050497497,61313500
2016-08-15,187.10452270507812,187.45466894994817,186.92518840578887,186.93372379061915,49813500
2016-08-16,186.13949584960938,186.75436931190202,186.13949584960938,186.68606017363058,53213600
2016-08-17,186.48965454101562,186.62629889847904,185.33675198161646,186.17367586661427,75134300
2016-08-18,186.90814208984375,186.94229666713656,186.35304224874523,186.46405439829022,52989300
2016-08-19,186.63479614257812,186.81414345398696,185.9516005571285,186.43837806331737,75443000
2016-08-22,186.6262969970703,186.85688271905013,186.0284942281625,186.3957112750905,61368800
2016-08-23,187.00209045410156,187.54011954222074,186.94230365269942,187.24121159746008,53399200
2016-08-24,186.04556274414062,186.95080872426826,185.6270943247268,186.8568673660783,71728900
2016-08-25,185.91748046875,186.33594894822622,185.5075604065047,185.66127554317524,69224800
2016-08-26,185.56732177734375,187.13015738473075,184.67915952994585,186.10535078200306,122506300
2016-08-29,186.48109436035156,186.74583462328442,185.66124135570402,185.69540895608844,70502200
2016-08-30,186.17369079589844,186.6775522444359,185.61859096698421,186.3957281212393,58114500
2016-08-31,185.64418029785156,185.96015894676873,184.86703023747037,185.8405984014118,85269500
2016-09-01,185.65277099609375,185.94313054545268,184.491319767532,185.63568718991792,97844200
2016-09-02,186.48965454101562,186.9166583847464,185.91747095415118,186.50673834347933,79293900
2016-09-06,187.05332946777344,187.13018704315655,186.0541418944176,186.77150532691024,56702100
2016-09-07,187.03622436523438,187.21557171849793,186.42988618697717,186.89104461788935,76554900
2016-09-08,186.60926818847656,186.97649837475024,186.30182481227436,186.70320958206966,74102900
2016-09-09,182.1427764892578,185.34530563284395,182.11715729859907,185.29406725152649,221589100
2016-09-12,184.7560272216797,185.15741189301355,181.31437714876296,181.38269933017335,168110900
2016-09-13,182.1000213623047,183.7397142506696,181.47659951620986,183.47497400223702,182828800
2016-09-14,182.03175354003906,183.35546820850354,181.4766536941304,182.1513141082867,134185500
2016-09-15,183.85076904296875,184.23506988591947,181.6901306934286,181.8694780367378,134427900
2016-09-16,183.14004516601562,183.41471431890514,182.45339847768398,183.23446105020312,155236400
2016-09-19,183.1743927001953,184.43612634084118,182.84822634230284,183.79238522201967,80250500
2016-09-20,183.18301391601562,184.18724872391758,183.14868681099702,184.0327571059094,69665300
2016-09-21,185.2429962158203,185.42323643914656,183.20018637179064,183.88684635353547,110284400
2016-09-22,186.41024780273438,186.71066555155627,186.00684876700922,186.25575622696041,76678700
2016-09-23,185.38888549804688,186.15279119157253,185.29446959898425,186.01545659349085,73630900
2016-09-26,183.8867950439453,184.73652491071303,183.6893716775511,184.55628473767885,89827300
2016-09-27,185.02838134765625,185.12278414433544,183.35464386091715,183.72372893489282,78494800
2016-09-28,185.94677734375,186.10128203089897,184.29022306305555,185.25153899394778,87411000
2016-09-29,184.26446533203125,186.14419163494298,183.71514006013925,185.74077945591864,128070600
2016-09-30,185.65493774414062,186.35875454354033,184.84811346177176,185.09702092697563,117202900
2016-10-03,185.20863342285156,185.43179232349547,184.57347072524445,185.24297362107262,83512100
2016-10-04,184.26446533203125,185.54336916520916,183.67223445990277,185.32021027557877,119948100
2016-10-05,185.07986450195312,185.50902524097583,184.82236543915022,184.89103272902742,72816000
2016-10-06,185.20863342285156,185.43179232349547,184.31598472332772,184.85671842430108,62927400
2016-10-07,184.57342529296875,185.6549186226051,183.84385997220494,185.4832569645986,89788300
2016-10-10,185.53480529785156,185.9982932119312,185.38889219347558,185.53480529785156,51855000
2016-10-11,183.19163513183594,185.17436970389159,182.46206938177244,185.10570238089394,130367400
2016-10-12,183.43190002441406,183.95547668183588,182.83106447557643,183.328892534842,73866100
2016-10-13,182.8310546875,183.32888272011377,181.28608649304968,182.10148928388656,101357000
2016-10-14,182.92550659179688,184.27307787424564,182.84826078625434,183.8095768470923,93346200
2016-10-17,182.29034423828125,183.15724433290873,182.11009094096957,182.89974523544126,58275700
2016-10-18,183.43190002441406,183.9468850844857,183.0542364555266,183.88680938777023,76869700
2016-10-19,183.92115783691406,184.2301541476059,183.3375054150232,183.69799892800557,66519200
2016-10-20,183.5778350830078,184.13573890575714,182.91692375835873,183.5692434846294,73639800
2016-10-21,183.6636505126953,183.7494879106389,182.6164971231346,183.57782621169983,89089100
2016-10-24,184.44468688964844,184.81377190559687,184.0927719690092,184.53910276843104,60146600
2016-10-25,183.82669067382812,184.52192890478105,183.6636075140846,184.2644298681831,66542300
2016-10-26,183.4576873779297,184.0413398553633,182.76243578999856,183.0027779184741,75705500
2016-10-27,182.96841430664062,184.21297801001447,182.8911685057367,184.17865090859547,77220200
2016-10-28,182.42767333984375,183.62073988076526,181.71527791279635,182.9426715562345,140623200
2016-10-31,182.4362335205078,182.98555874481494,182.27315034350397,182.76238677756908,61272500
2016-11-01,181.11444091796875,182.81392716097056,179.90421738346265,182.7624168621641,122781800
2016-11-02,180.0243682861328,181.19168612886682,179.58661590951533,180.80543095021665,103330800
2016-11-03,179.200439453125,180.45359514935666,178.92578326440105,180.23901468127917,88939300
2016-11-04,179.0029296875,180.15307721443824,178.85701662186858,179.31192591382094,109122100
2016-11-07,182.95126342773438,182.98560362970932,179.00299150234346,179.00299150234346,109794900
2016-11-08,183.77525329589844,184.34174874139194,182.29036047387703,182.5564380960772,106772100
2016-11-09,185.7236328125,186.3416254149627,182.25600619902065,182.28175479937755,258429000
2016-11-10,186.18711853027344,187.38018502161611,184.72797444040046,186.51328492689672,172113300
2016-11-11,185.75799560546875,185.99832465294227,184.8138495180944,185.46616934738674,100552700
2016-11-14,185.9038543701172,186.48751981254912,185.15711884076237,186.28151793340604,94580000
2016-11-15,187.35443115234375,187.35443115234375,186.08411889656378,186.2901076912078,91652600
2016-11-16,187.00253295898438,187.2342834707186,186.61629083739328,186.73645534404272,65617700
2016-11-17,187.96388244628906,188.02395815763933,187.0454718984963,187.15705791565438,69797200
2016-11-18,187.5432891845703,188.20420055273274,187.36303586708976,188.0325388341963,86265800
2016-11-21,188.95948791503906,188.98523651431762,187.97242335083433,188.11833644572866,72402600
2016-11-22,189.3285675048828,189.50880769460164,188.59898895463746,189.26847871034497,67429000
2016-11-23,189.4315948486328,189.48309205465273,188.61619186043498,188.81360218249452,56620200
2016-11-25,190.13539123535156,190.1697183342997,189.69763886784216,189.77489776013326,37872300
2016-11-28,189.2427520751953,190.1010737177132,189.13975766911682,189.8264176025209,76572500
2016-11-29,189.61183166503906,190.06674107455783,188.97666895318812,189.27708675809228,69886700
2016-11-30,189.1569061279297,190.39289124725988,189.09681733329265,190.2298080583278,113291800
2016-12-01,188.46170043945312,189.45734364976184,188.10119380303743,189.45734364976184,79040500
2016-12-02,188.55609130859375,189.0453409292025,188.19559779196308,188.5475128071081,74840300
2016-12-05,189.68907165527344,190.03239505297432,189.19124356074346,189.38865385957408,67837800
2016-12-06,190.28993225097656,190.32427245579137,189.39728338005267,189.87794147185406,59877400
2016-12-07,192.77902221679688,192.83909791390192,190.0152258232298,190.13539031438717,110738100
2016-12-08,193.25111389160156,193.72319341759456,192.4872081484307,192.75329886086237,99714400
2016-12-09,194.4184112548828,194.43558135317642,193.43992520330906,193.47426539989627,88005800
2016-12-12,194.19529724121094,194.80471145046042,193.77471486598523,194.32404026579505,102016100
2016-12-13,195.49130249023438,195.98913053789093,194.83898285724317,194.85615295459598,110477500
2016-12-14,193.87770080566406,195.8947488490547,193.43994837689505,195.19093189807282,142501800
2016-12-15,194.67593383789062,195.5342554988994,193.88627948139643,194.1180299970146,124972600
2016-12-16,194.29519653320312,195.193119883098,193.97574987414254,195.13267690752187,156420200
2016-12-19,194.7182159423828,195.14127715795195,194.32969732660885,194.47647044038382,90341100
2016-12-20,195.46939086914062,195.61617718563676,195.02044237752733,195.25354568789194,89838800
2016-12-21,194.9254608154297,195.51255335726185,194.9254608154297,195.339879855202,67909000
2016-12-22,194.5887451171875,194.8995626941334,194.1915842011451,194.77868992388466,56219100
2016-12-23,194.8736572265625,194.88228629058872,194.441966890667,194.63189851824896,36697800
2016-12-27,195.35711669921875,195.75426436649033,195.1240002667776,195.14127156618028,42672500
2016-12-28,193.7425994873047,195.63340509079023,193.63036896881238,195.61614696434052,64095000
2016-12-29,193.69944763183594,194.1656673706514,193.25911508358175,193.8116781541725,48696100
2016-12-30,192.99147033691406,194.11386778589778,192.30076320106696,194.02752445361332,108998300
2017-01-03,194.46788024902344,194.9772717176174,193.29368192997538,194.29519356381343,91366500
2017-01-04,195.6248016357422,195.77157477463183,194.7873212983205,194.79595036267494,78744400
2017-01-05,195.46939086914062,195.62480625019472,194.67508218304283,195.35716033330948,78379000
2017-01-06,196.16873168945312,196.63495146380882,195.03769192320487,195.58162597173967,71559900
2017-01-09,195.52114868164062,196.04781129974756,195.48660608503067,195.90966726158888,46939700
2017-01-10,195.52114868164062,196.3758869226987,195.1326169275518,195.53840680580504,63771900
2017-01-11,196.07373046875,196.07373046875,194.77001739154568,195.43482411158368,74650000
2017-01-12,195.58163452148438,195.77157933485879,194.2261336341972,195.5557341536737,72113200
2017-01-13,196.0305633544922,196.33273865305418,195.7197458186779,195.75427524526074,62717900
2017-01-17,195.3399200439453,195.79751084691213,194.95140129084191,195.39172078780624,61240800
2017-01-18,195.7715301513672,195.8147018115871,195.03765145005184,195.59021444809997,54793300
2017-01-19,195.04629516601562,195.987376764899,194.61460490882422,195.84923272080388,66608800
2017-01-20,195.76292419433594,196.25504429133156,195.09811743607892,195.72838159242662,129168600
2017-01-23,195.25352478027344,195.8233591595471,194.49375878205151,195.7629293658233,75061600
2017-01-24,196.50546264648438,196.91988171493335,195.3571646758191,195.46939521414495,95555300
2017-01-25,198.20631408691406,198.20631408691406,197.29111947648914,197.45516391773648,84437700
2017-01-26,197.9990692138672,198.32715804870278,197.72278110576516,198.05949900367568,59970700
2017-01-27,197.68824768066406,198.22353941160668,197.50693196662186,198.07676629744958,59711100
2017-01-30,196.46226501464844,197.0234571545579,195.47801162329733,196.99755678958624,79737300
2017-01-31,196.44500732421875,196.5054502961024,195.40032406693263,195.9701453099324,75880800
2017-02-01,196.52273559570312,197.36021603464965,195.93564296897333,196.44503448466165,79117700
2017-02-02,196.65225219726562,196.93716944751293,195.8320430566938,196.52273717034643,69657600
2017-02-03,198.0077362060547,198.1890519584961,197.24797011152236,197.55878770560432,80563200
2017-02-06,197.65370178222656,197.9990619046049,197.3169838967462,197.60190105740523,57790100
2017-02-07,197.66233825683594,198.2839732848533,197.47239348860057,198.04222779330667,57931200
2017-02-08,197.92140197753906,198.0509038165239,197.11845105339995,197.662385125425,51566200
2017-02-09,199.09556579589844,199.39774109255882,197.92136768733826,197.92136768733826,65955200
2017-02-10,199.88128662109375,200.10577406319265,199.11287822700316,199.44096715059655,66015900
2017-02-13,200.96910095214844,201.22811776053453,200.3474658816787,200.37336624510309,55182100
2017-02-14,201.77203369140625,201.78067592843365,200.44243342922505,200.7877803826342,71109000
2017-02-15,202.82542419433594,203.01536903198357,201.50445257060667,201.55625331284767,86785800
2017-02-16,202.6527099609375,203.0325995599349,201.90157300101112,202.85128382436127,84722400
2017-02-17,202.97215270996094,202.97215270996094,201.9706279997756,201.98789930143897,77204100
2017-02-21,204.18084716796875,204.35352062297562,203.3347248423968,203.34336707833825,88946100
2017-02-22,203.9995574951172,204.22403169784153,203.61103887826502,203.77508329239282,62115200
2017-02-23,204.13772583007812,204.53487355707574,203.3779466317962,204.5176154292191,74615900
2017-02-24,204.39674377441406,204.43990226843368,203.2484459068218,203.29161757498488,82381600
2017-02-27,204.7162322998047,204.88890583365063,204.0600676015317,204.31044224948636,56515400
2017-02-28,204.1636199951172,204.57803901152806,203.77510134384804,204.33629348744313,96961900
2017-03-01,207.0214080810547,207.4876410025438,205.80403822111904,205.82130952261866,149158200
2017-03-02,205.71774291992188,206.84014057300965,205.66594218078856,206.83149833372394,70246000
2017-03-03,205.8472137451172,206.0112581770802,205.25147898657502,205.63136858182762,81974300
2017-03-06,205.2342071533203,205.58818318512778,204.62983019715523,205.0528914316423,55391500
2017-03-07,204.62120056152344,205.28600730695996,204.4139844764914,204.9320181020003,65103700
2017-03-08,204.24134826660156,205.17380105820413,204.10320418470235,204.9147841981793,78168800
2017-03-09,204.50035095214844,204.82843983038214,203.53336879416761,204.36220687982436,90683900
2017-03-10,205.21694946289062,205.50186665919932,204.267225475195,205.45869499173256,81991700
2017-03-13,205.3205108642578,205.3636825233011,204.8283908387582,205.1564664643777,57256800
2017-03-14,204.53485107421875,204.82841047937762,203.9218582491036,204.7765965790729,59880800
2017-03-15,206.3047637939453,206.7278249733386,204.87154903026095,205.10466544944833,96081800
2017-03-16,205.8990020751953,206.52063716195985,205.57092640517246,206.4429360696499,78344000
2017-03-17,205.53744506835938,206.35255581872713,205.53744506835938,206.16178465453643,89002100
2017-03-20,205.31198120117188,205.82358873104448,204.9217722924802,205.53743200294863,52537000
2017-03-21,202.67591857910156,206.0404142283126,202.54585332728567,205.91901558279778,131809300
2017-03-22,203.1527862548828,203.4389429554005,202.086211812194,202.7105512985133,97569200
2017-03-23,202.9359893798828,204.07193627568725,202.5631269710424,203.15277354263802,100410300
2017-03-24,202.78858947753906,203.8118044338847,202.00817173901973,203.23950426698332,112504900
2017-03-27,202.58047485351562,202.8406185139592,200.83753482201902,201.115011690091,87454500
2017-03-28,204.05465698242188,204.47954558555017,202.164291703388,202.2770237318712,93483900
2017-03-29,204.2454071044922,204.47953775797208,203.5430283755107,203.76849242384625,61950400
2017-03-30,204.8957061767578,205.0951571260625,204.01123635075146,204.18466102851025,56737900
2017-03-31,204.41885375976562,205.08653963367206,204.3668144323098,204.55758560527133,73733100
2017-04-03,204.0633087158203,204.67030184137948,202.8319760235552,204.47086407829386,85546500
2017-04-04,204.193359375,204.280078343088,203.39559514812635,203.77713743738263,56466200
2017-04-05,203.58639526367188,205.84962304568137,203.37827764951905,204.86975413896752,108800600
2017-04-06,204.1586151123047,204.67888906180025,203.28279879875694,203.72504687199873,69135800
2017-04-07,203.9505157470703,204.644227639597,203.46492139173776,203.9071562728898,74412300
2017-04-10,204.07192993164062,204.8696940380048,203.54297606170348,204.08927636892926,67615300
2017-04-11,203.8291778564453,203.93323004030114,202.33770147437562,203.69043279033238,88045300
2017-04-12,202.9359893798828,203.7424333456889,202.7105386139413,203.55166222394791,81864400
2017-04-13,201.617919921875,203.3348598638877,201.617919921875,202.59778848390158,92880400
2017-04-17,203.40428161621094,203.40428161621094,201.93881833535443,202.1382560907117,68405400
2017-04-18,202.79725646972656,203.33489022290559,202.11222429628782,202.66719125687618,83225800
2017-04-19,202.42440795898438,203.73377970706045,202.19894393259753,203.3609172502775,68699900
2017-04-20,204.07192993164062,204.5141780780443,202.71919891513377,203.04003523197187,92572200
2017-04-21,203.42161560058594,204.04595514547796,203.02274008835104,203.99392905531317,110389800
2017-04-24,205.65879821777344,205.86691577762866,203.3955710262372,205.66746482097167,119209900
2017-04-25,206.85548400878906,207.2023334323872,206.2137980205294,206.3005169921576,76698300
2017-04-26,206.72535705566406,207.70522563307475,206.68201081147592,206.82074260949568,84702500
2017-04-27,206.89883422851562,207.2023241527077,206.36120044512217,207.04624588851578,57410300
2017-04-28,206.44790649414062,207.18496474801913,206.31782805066376,207.15895170561492,63532800
2017-05-01,206.96817016601562,207.39307188967717,206.55194827702297,206.96817016601562,66882500
2017-05-02,207.04623413085938,207.22832542874272,206.6386788222267,207.10692681966847,57375700
2017-05-03,206.79473876953125,207.14160135864626,206.11837326007554,207.04621580057147,73137700
2017-05-04,207.0375213623047,207.17626638816398,206.18773123396085,207.09822727291336,61462700
2017-05-05,207.85264587402344,207.8699923112897,206.9681628138105,207.41041095964437,62001300
2017-05-08,207.81797790527344,208.0434286765807,207.39307617283666,207.89601703017337,48385700
2017-05-09,207.627197265625,208.27754973957022,207.28033467398123,208.07811201903442,51363200
2017-05-10,208.00009155273438,208.00009155273438,207.3757520235191,207.58386961040986,54293800
2017-05-11,207.5751953125,207.73995340874978,206.49127439660043,207.54918226903493,62358300
2017-05-12,207.2283477783203,207.61855669018183,206.95953748862587,207.3237333551271,53912700
2017-05-15,208.37295532226562,208.4943539331432,207.63588382171568,207.65323026082854,61918900
2017-05-16,208.18215942382812,208.69376684942557,207.79195059466826,208.66775380957856,51241800
2017-05-17,204.4882354736328,208.1822340012157,204.4275295379399,208.1822340012157,172174100
2017-05-18,205.31198120117188,206.16177154943827,204.15000784820333,204.41015153115023,107047700
2017-05-19,206.64735412597656,207.31505311972367,205.74553773938,205.7975638266799,115011400
2017-05-22,207.69659423828125,207.8613523347789,207.08960117075563,207.15896046579584,61010600
2017-05-23,208.15621948242188,208.32097761361436,207.68795813782648,208.06950049817553,48341700
2017-05-24,208.64175415039062,208.7458063164518,208.05209433598128,208.39029033859103,46927700
2017-05-25,209.63893127441406,209.91642132642227,208.94523260730145,209.15333691485367,64071700
2017-05-26,209.59561157226562,209.76035642612135,209.37014756859512,209.44818669380922,46629900
2017-05-30,209.41354370117188,209.6650075591372,209.118720355569,209.2747986333148,35201900
2017-05-31,209.36151123046875,209.74305353972326,208.6677991437749,209.70836065808695,91796000
2017-06-01,211.02638244628906,211.0437288846533,209.53490630190274,209.82106299336175,68962000
2017-06-02,211.72879028320312,211.88488178712976,210.7836143493645,211.0784376850001,88666100
2017-06-05,211.57272338867188,211.84153369335198,211.3732723878475,211.55537694697884,44698800
2017-06-06,210.8963623046875,211.56404816265064,210.81830993109696,211.00908109950316,50375400
2017-06-07,211.28652954101562,211.5119803176038,210.56680449890564,211.23450345653035,54144300
2017-06-08,211.3905792236328,211.86750704489805,210.86162531849425,211.38191262013916,65950700
2017-06-09,211.06976318359375,212.4571740689785,209.80373768461638,211.65940983280444,132256400
2017-06-12,211.02638244628906,211.07840852992604,210.17659220682197,210.82694471519545,86108100
2017-06-13,212.05828857421875,212.11031466064384,211.21716489312982,211.56401429026786,60067000
2017-06-14,211.78944396972656,212.33573102007776,210.9656536300345,212.32706441756412,78602300
2017-06-15,211.38194274902344,211.50334137251647,210.15927667790672,210.43675357526607,66464900
2017-06-16,211.42808532714844,211.59364686891837,210.54801112129442,211.54136707593415,84553100
2017-06-19,213.188232421875,213.24922107751615,212.16001447840495,212.2558651909659,65123800
2017-06-20,211.75048828125,212.83969496548008,211.73307054740792,212.83098609855904,56906400
2017-06-21,211.69827270507812,212.2559461647314,211.2277411249892,212.14267767647863,55977600
2017-06-22,211.60232543945312,212.20356956464784,211.42805505579707,211.70689830642917,44148100
2017-06-23,211.85507202148438,212.18618182919283,211.27996767170237,211.66337057155704,66986800
2017-06-26,211.9944305419922,212.9442287009757,211.7853114064915,212.52596383801912,56700500
2017-06-27,210.28659057617188,212.0728921099807,210.26915954720386,211.77661780144203,82247700
2017-06-28,212.16876220703125,212.3691725225431,211.0708333133998,211.30610569003233,70042600
2017-06-29,210.30410766601562,212.36924002851143,209.0929099286891,212.31696021619277,106949700
2017-06-30,210.69619750976562,211.4891433695941,210.5044960206646,211.11444926053903,86820700
2017-07-03,211.0533905029297,212.07288628590052,211.0533905029297,211.6372036455209,39153800
2017-07-05,211.5413818359375,211.75050102246536,210.60901447606477,211.41939121180266,54427600
2017-07-06,209.60691833496094,210.896535211547,209.4239257780501,210.77454460559937,65400800
2017-07-07,210.96629333496094,211.11442386854364,209.6156742045538,210.18206973458612,57972300
2017-07-10,211.19284057617188,211.56753463484975,210.66130711803464,210.96629034495894,36663300
2017-07-11,211.03599548339844,211.34968756983605,209.86836899898452,211.1928348786266,50354600
2017-07-12,212.62185668945312,212.78741823519627,212.00319472965325,212.00319472965325,59610400
2017-07-13,212.97915649414062,213.0924382652271,212.40405206613906,212.63061560831196,39471600
2017-07-14,213.9724884033203,214.3297514132089,212.88328163852415,212.97913236566546,60262700
2017-07-17,213.94631958007812,214.27744264652375,213.7720491804675,213.89403978979286,33531900
2017-07-18,214.05963134765625,214.11191114527443,213.19697479901293,213.53680677951223,42742500
2017-07-19,215.2185516357422,215.22726050346031,214.36460394403895,214.37332610773834,51034300
2017-07-20,215.31434631347656,215.59317626366536,214.76538198257225,215.47118566746192,47135200
2017-07-21,215.12271118164062,215.1488510820248,214.51274471672465,214.73930824803008,82340800
2017-07-24,215.0704345703125,215.2098429424349,214.59988976445536,215.04428137355856,46622300
2017-07-25,215.59320068359375,215.92432375192794,215.36665049240574,215.81975087478176,54915600
2017-07-26,215.60191345214844,215.9156054973058,215.34051449450024,215.8807567349459,47575400
2017-07-27,215.40150451660156,216.09859943202983,214.0770255068858,216.06375066944926,70766600
2017-07-28,215.14883422851562,215.2795337201983,214.46917027980402,214.92227071495785,50088400
2017-07-31,215.02685546875,215.6455174914915,214.81772297453762,215.54966676030853,65838700
2017-08-01,215.50608825683594,215.662927640322,214.98326371992184,215.6280788759852,55050400
2017-08-02,215.6106719970703,215.75009366199518,214.67830457086475,215.636811897246,47211200
2017-08-03,215.19239807128906,215.52350787130842,214.91355477024075,215.4973679738327,40856000
2017-08-04,215.58448791503906,215.9155976814008,215.20108506306107,215.68033862803355,60191800
2017-08-07,215.98536682128906,215.98536682128906,215.54968406202815,215.65425696551898,31995000
2017-08-08,215.4537811279297,216.89154186277244,215.07910042780605,215.6716224547865,61719400
2017-08-09,215.4451141357422,215.49739393699232,214.4081870910078,214.7654501275264,62632600
2017-08-10,212.4040069580078,214.73927294426474,212.35172716583438,214.6085601678515,120479500
2017-08-11,212.7177276611328,213.31026307620152,212.3953267019813,212.6305990944337,74869900
2017-08-14,214.82640075683594,215.04424208745883,213.96375759699626,213.99860635966488,73291900
2017-08-15,214.80032348632812,215.2272974053868,214.49535351212924,215.20986637098062,55242700
2017-08-16,215.17498779296875,215.72395228486332,214.7480139330528,215.3231183249441,56715500
2017-08-17,211.82017517089844,214.87867570406235,211.82017517089844,214.5649836826091,128490400
2017-08-18,211.48910522460938,212.7787223128841,211.04470035458272,211.65465348444366,136748000
2017-08-21,211.65464782714844,211.91606010323903,210.72229377413484,211.42809761239295,65469700
2017-08-22,213.86790466308594,214.02474403743867,212.2210247524849,212.23845578162837,63140100
2017-08-23,213.1011199951172,213.52809382746688,212.75257915367558,212.9007096760873,50203800
2017-08-24,212.6044464111328,213.6413600571869,212.3953139308632,213.48452066897022,50741700
2017-08-25,213.1011199951172,214.01605632387748,212.95298947270547,213.39738103994065,64445900
2017-08-28,213.10986328125,213.65881449613164,212.6915982748861,213.63267459523166,40565600
2017-08-29,213.35385131835938,213.6152503356472,211.68081783182186,211.79409960330165,51135700
2017-08-30,214.36459350585938,214.63472794374306,213.15339615295224,213.3363887339727,62030800
2017-08-31,215.65420532226562,215.8981865453463,214.39943714871944,214.98325031080395,103803900
2017-09-01,215.9591827392578,216.3861565425385,215.81105222693105,216.02889356199628,62007000
2017-09-05,214.4081573486328,215.68035661849729,213.44094127173,215.45379311653255,91398800
2017-09-06,215.14007568359375,215.47119873450276,214.55626255950273,215.0877958957615,57916900
2017-09-07,215.11395263671875,215.46250674286236,214.7044098719873,215.44507571356027,58034700
2017-09-08,214.86129760742188,215.32312023944576,214.61731634129535,214.82643554312847,63832800
2017-09-11,217.1529998779297,217.23141958108957,216.1160728162081,216.13349055292215,71364800
2017-09-12,217.88494873046875,217.91979750068376,217.33598420370916,217.51897681128986,56896000
2017-09-13,217.98947143554688,218.0243334958429,217.4840779290966,217.5973596810883,59228000
2017-09-14,217.91976928710938,218.12019290184045,217.49280875133618,217.66707917181387,95446300
2017-09-15,218.21315002441406,218.30071098989268,217.67022660776115,217.775305111122,95432400
2017-09-18,218.67724609375,219.02751665001276,218.29194046468183,218.58091968648296,46235200
2017-09-19,218.8961639404297,218.98373825864107,218.57216301458448,218.9224335635001,47108100
2017-09-20,218.97499084472656,219.08883479538468,217.97670499993538,218.9837562944486,59574100
2017-09-21,218.3882598876953,218.90491361834765,218.21312461516493,218.81735266306487,48211400
2017-09-22,218.4320526123047,218.59843580213592,218.06426452202962,218.09053414548032,51214000
2017-09-25,217.9854278564453,218.52836454972967,217.24109963801683,218.17808065697133,57064400
2017-09-26,218.11676025390625,218.6596835128594,217.8803203280553,218.41449150159266,54082000
2017-09-27,218.96624755859375,219.35155322680205,217.93292659731088,218.81738188896173,81001400
2017-09-28,219.22891235351562,219.30772121626998,218.59841472755318,218.68597567662562,44778800
2017-09-29,219.99954223632812,220.07836447253501,219.03629148435007,219.2201788575793,85578000
2017-10-02,220.95407104492188,220.95407104492188,220.0520981995578,220.22724686046223,59023000
2017-10-03,221.4268798828125,221.4531495026969,220.8751911413137,220.9540133629302,66810200
2017-10-04,221.68963623046875,221.93482830911222,221.1642169979664,221.27806094946735,55953600
2017-10-05,223.003173828125,223.02067800399251,221.7246608055824,222.02239213892577,63522800
2017-10-06,222.7491912841797,223.0381704971402,222.29384224736145,222.55653847553936,80646000
2017-10-09,222.3814239501953,223.03819130584384,222.11871433554268,222.97689996753897,35803100
2017-10-10,222.96815490722656,223.34470850712148,222.40771391363535,222.9506507300908,43057400
2017-10-11,223.31842041015625,223.31842041015625,222.70544021191907,222.8718100527529,47674300
2017-10-12,222.98562622070312,223.3534142938193,222.74918625871257,223.00314375617472,47065100
2017-10-13,223.25714111328125,223.53736829977106,222.98567937759907,223.4235243350136,54800400
2017-10-16,223.55487060546875,223.74752345407535,223.14330864195566,223.48482717140053,38221700
2017-10-17,223.71253967285156,223.75632684804506,223.28344673510705,223.50236924910467,31561000
2017-10-18,223.931396484375,224.13280139680816,223.7387436596247,224.089014234462,40888300
2017-10-19,223.99266052246094,224.02769559285423,222.73167858955216,223.15200590052174,61903800
2017-10-20,225.1486053466797,225.17490169725397,223.9751975121371,224.78959602390063,89176400
2017-10-23,224.2729034423828,225.49889055023027,224.19409456669527,225.47262092500108,63915300
2017-10-24,224.6669921875,224.90341883312888,224.30795613188522,224.70202726520085,66935900
2017-10-25,223.55487060546875,224.44807805246592,222.42523650406423,224.33423408866176,103715300
2017-10-26,223.84384155273438,224.43930425393978,223.7212455047234,224.1678558925946,69798000
2017-10-27,225.67404174804688,225.83168624380127,223.85261847340186,224.58819479915863,85562500
2017-10-30,224.8333282470703,225.57766982948021,224.53559695889206,224.58813620245712,54285700
2017-10-31,225.18362426757812,225.43758178950736,224.88589294569937,225.20989389233412,60304800
2017-11-01,225.48135375976562,226.30450429401682,225.1135790161657,225.96299917495975,54202700
2017-11-02,225.56893920898438,225.7090527881011,224.34297879662896,225.41132145395284,56449500
2017-11-03,226.32203674316406,226.36581054305816,225.31497210628373,225.72654737622838,59589700
2017-11-06,226.67227172851562,226.80361983150902,226.12058297201602,226.1906263856367,49652600
2017-11-07,226.51467895507812,227.1101415701888,226.00676393565465,226.77737519000038,57502200
2017-11-08,226.8999481201172,226.9962878847408,226.05929348051524,226.33952060169227,50469600
2017-11-09,226.07684326171875,226.26949608312867,224.49182016688687,225.69153761889893,95085500
2017-11-10,226.0067901611328,226.18193882069187,225.3762924002271,225.69155464264665,59984700
2017-11-13,226.2169189453125,226.44460682954087,225.28868995813082,225.3237250304575,50228600
2017-11-14,225.6915283203125,225.79660681421927,224.63192448424843,225.4113011872742,61315200
2017-11-15,224.56190490722656,225.2449419140767,223.8525982741104,224.7195226648228,80811500
2017-11-16,226.4708251953125,226.8386265616725,225.4637875662677,225.50756135382113,67777000
2017-11-17,225.80532836914062,226.44459145703757,225.72651950470316,226.12059055081866,75756800
2017-11-20,226.19065856933594,226.3833113891138,225.80535292978027,226.0505717221622,48075500
2017-11-21,227.6705780029297,227.8544920984872,226.15565178250472,226.9612714170117,69176800
2017-11-22,227.4691619873047,227.81066706930315,227.30277880861132,227.6793189608422,45033400
2017-11-24,227.9945831298828,228.09968835381474,227.81946120452662,227.95957477917068,27856500
2017-11-27,227.88075256347656,228.33610161146362,227.67933430098003,228.03837030424936,52274900
2017-11-28,230.1925811767578,230.21885080268228,228.24854868654762,228.34488846422593,98971700
2017-11-29,230.05242919921875,230.8580754663208,229.6058456330416,230.32389086310647,77512100
2017-11-30,232.06654357910156,232.97724165581693,230.89312254939045,230.97193141811024,127894400
2017-12-01,231.5848846435547,232.32922621426226,228.34484887095724,231.84760758117812,164390900
2017-12-04,231.3047332763672,233.63404479524854,231.25216729855987,233.2049653139705,94040600
2017-12-05,230.47274780273438,232.18909193484973,230.34139970761024,230.47274780273438,77994500
2017-12-06,230.51661682128906,230.94572307452924,230.0525022108374,230.56915608104308,75898600
2017-12-07,231.24337768554688,231.5586131394181,230.2538440821267,231.24337768554688,77218600
2017-12-08,232.5043487548828,232.51308747840685,231.20831855688746,232.19785205733845,76563900
2017-12-11,233.2049560546875,233.2662607564171,232.4781452556727,233.2049560546875,83077500
2017-12-12,233.61647033691406,234.08935020344703,233.23993022278862,233.9930104510395,85195800
2017-12-13,233.59024047851562,234.29954703708705,233.5026661588548,233.86170216271307,102905400
2017-12-14,232.6357421875,234.0018160595599,232.58320294041542,233.8879721162332,100666700
2017-12-15,234.57302856445312,235.03951542888447,233.58724702909123,233.64005483559046,144610300
2017-12-18,236.06044006347656,236.41250095433855,235.86680254442382,235.97241812562999,83653600
2017-12-19,235.15396118164062,236.35097404422157,235.08353285999786,236.3069764885958,82382900
2017-12-20,235.0306854248047,236.1748902835174,234.73143225961104,236.12208248145558,76751500
2017-12-21,235.5147705078125,236.22772957066448,235.2683251398561,235.65560026957766,67032300
2017-12-22,235.4531707763672,235.56759663243676,234.91625565031677,235.5323824781393,78720900
2017-12-26,235.1715545654297,235.39159606437855,234.90751551090486,235.04831843296174,45244400
2017-12-27,235.28594970703125,235.64682094143072,235.0131004328199,235.3387575110379,57751000
2017-12-28,235.77003479003906,235.8140592012562,235.4003801547917,235.78765529873854,45116100
2017-12-29,234.8810272216797,236.36850953912682,234.68741653613384,236.35091589331208,96007400
2018-01-02,236.5621795654297,236.59739372242203,235.35635657862522,235.74363172394615,86655700
2018-01-03,238.05848693847656,238.20812696947078,236.72942775097104,236.72942775097104,90070400
2018-01-04,239.06178283691406,239.54589006788385,238.1200259914926,238.7009385523417,80636400
2018-01-05,240.65501403808594,240.77822331803125,239.36116886571045,239.8540597065643,83524000
2018-01-08,241.0950164794922,241.25343986955644,240.26765851734245,240.5581013991269,57319200
2018-01-09,241.64068603515625,242.26559612820049,241.23579049496502,241.5174499506135,57254000
2018-01-10,241.27101135253906,241.53507717225054,240.2148286552677,240.88373630538212,69574300
2018-01-11,243.03135681152344,243.03135681152344,241.6583004230254,241.8255340603897,62361500
2018-01-12,244.6156768798828,244.78288366057578,242.99614826380247,243.29542825584758,90816100
2018-01-16,243.779541015625,246.52565422025643,243.08420246043607,245.8743400746922,106555100
2018-01-17,246.10311889648438,246.4903939539756,243.7794954120626,244.7124689067845,113258800
2018-01-18,245.6895294189453,246.41124506409105,245.19661178881137,245.9887826104511,100728000
2018-01-19,246.80728149414062,246.80728149414062,245.68948066001104,246.27036641848483,140920100
2018-01-22,248.8140411376953,248.8140411376953,246.54319861484595,246.5960332679467,91322400
2018-01-23,249.34219360351562,249.63263651822,248.532429194971,248.85808626496785,97084700
2018-01-24,249.245361328125,250.58323062359455,248.06594230116605,249.98469742589643,134816100
2018-01-25,249.3509979248047,250.20475995372283,248.55885395768738,250.10795459420666,84587300
2018-01-26,252.2379608154297,252.28198523181229,249.93193018987827,250.18718585118629,107743100
2018-01-29,250.56565856933594,252.10594911934913,250.40723513072024,251.66586610505965,90118300
2018-01-30,247.99557495117188,250.6184523790427,247.52027780134623,248.73491115060395,131796400
2018-01-31,248.11874389648438,249.350970695276,247.0449405017096,248.84929658255598,108364800
2018-02-01,247.8370819091797,249.13973700377733,247.0449380364705,247.38821560227782,90102500
2018-02-02,242.44171142578125,246.648903414558,242.40649726832018,246.51685703921194,173174800
2018-02-05,232.30218505859375,242.79377465444557,231.75648648531626,240.68138181637397,294681800
2018-02-06,236.8791046142578,237.38080573317725,227.69897872213318,228.79037608073344,355026800
2018-02-07,235.59397888183594,239.72193155097972,235.5147403268163,236.32450463806282,167376100
2018-02-08,226.75711059570312,236.0340652904315,226.7218964441149,235.89323554460609,246449500
2018-02-09,230.163330078125,232.0204668082653,222.61150677597604,229.54720334517796,283565300
2018-02-12,233.5431671142578,235.01305567391455,230.3041637362492,232.2141082919744,143736000
2018-02-13,234.12411499023438,234.6698135169629,231.7564667161148,232.33737939762483,81223600
2018-02-14,237.2838897705078,237.64476096412412,232.62780526622583,232.63661551940828,120735700
2018-02-15,240.31167602539062,240.3204862790797,236.56216098587512,239.0266414316785,111200300
2018-02-16,240.382080078125,242.32726592741432,239.6427439945313,239.68676840292403,160420100
2018-02-20,238.8770294189453,240.8750232824043,238.08488544944555,239.43153825575493,86369700
2018-02-21,237.68881225585938,241.79919920284223,237.59200689107456,239.31712469165862,98883700
2018-02-22,237.99685668945312,240.32929097882283,237.3279488630217,238.6129835706596,110511300
2018-02-23,241.79037475585938,241.79037475585938,238.74500816346074,239.22030528591498,92766400
2018-02-26,244.59800720214844,244.69483938258537,242.2743840584429,242.86407995006914,86491400
2018-02-27,241.5438995361328,245.4958623330936,241.4822814822058,244.7829033072066,99099200
2018-02-28,239.09706115722656,243.09302186073816,238.78021432655427,242.64412865675416,121907800
2018-03-01,235.62034606933594,240.43485306168157,234.12405377842256,238.88575298266753,176855100
2018-03-02,236.83499145507812,237.39831043589393,233.0855035735666,233.94804882971562,139083200
2018-03-05,239.5723114013672,240.18843815453016,235.54113732946925,235.64677977956038,97307400
2018-03-06,240.17959594726562,240.6284890037194,238.6833036661015,240.54925046156177,79213200
2018-03-07,240.09156799316406,240.44362885622,237.82075259500968,238.01439009876876,87063500
2018-03-08,241.25344848632812,241.37665772949185,239.77477640519388,240.76934118536022,66901200
2018-03-09,245.45188903808594,245.45188903808597,242.3449041209153,242.66177784957557,113625300
2018-03-12,245.14381408691406,246.3672576672523,244.75653891475906,245.7423473551295,71924800
2018-03-13,243.5595245361328,246.80733906418087,242.95220787735744,246.30563802249105,91968900
2018-03-14,242.3096466064453,244.70369878146147,241.7551646864321,244.5188714747904,105895100
2018-03-15,242.0455780029297,243.46263194836675,241.54387708563357,242.82012815022333,83433000
2018-03-16,242.3080291748047,243.35962338871246,242.25500988402808,242.57312562868768,100343700
2018-03-19,239.029541015625,242.4847756433966,237.3770433606268,241.5569109929973,109208400
2018-03-20,239.43606567382812,240.07232421525157,238.75560640551987,239.42722013482984,59757300
2018-03-21,238.9765625,241.48624182819262,238.76448527928557,239.39189836930612,78709600
2018-03-22,233.0027618408203,237.59793775564367,232.72879288600006,236.74960215058596,148785900
2018-03-23,228.03643798828125,233.771610570164,227.84202490130033,233.44464923481146,183534800
2018-03-26,234.2752685546875,234.55805609934146,229.23824688504877,231.6418870783982,141956100
2018-03-27,230.289794921875,235.74215127556963,228.73449070662767,235.21195844591637,129941400
2018-03-28,229.60940551757812,232.09260187443158,228.50479184044528,230.42241304991515,146452300
2018-03-29,232.54327392578125,234.40787590041907,229.61825896543695,230.74938233105553,111601600
2018-04-02,227.52391052246094,232.52560454766385,225.04957315969895,232.0130486932908,186286300
2018-04-03,230.4400177001953,230.91721823665554,226.96711966774117,228.76101073780606,119956900
2018-04-04,232.9055938720703,233.6125358728964,226.7551121669355,226.88766042107682,123715300
2018-04-05,234.7437286376953,235.6274197824514,233.57724985427006,234.66417270272734,82652600
2018-04-06,229.51217651367188,234.2752559200841,227.99222725325936,232.7818432731498,179521200
2018-04-09,230.643310546875,234.03668015553004,229.7066004086157,230.97027184463093,105442900
2018-04-10,234.31065368652344,235.09715158909322,232.39305939698409,233.5330013233873,103529000
2018-04-11,233.0823516845703,234.7436951143563,232.75539032260153,232.82607373811788,91140200
2018-04-12,234.99989318847656,235.94544883781194,234.23108649030613,234.40783544147104,68890500
2018-04-13,234.31065368652344,236.42268803495486,233.30326001108475,236.30780389474955,85079200
2018-04-16,236.2371063232422,237.0059401567355,235.1236739866664,235.94550015531053,63405300
2018-04-17,238.76446533203125,239.36536871926083,237.4919481778344,238.00447707444593,64682000
2018-04-18,238.94119262695312,239.74532760470183,238.48165610469013,239.20628910663888,57303900
2018-04-19,237.61569213867188,238.49053762171857,236.58176177570866,238.28727897789233,77655900
2018-04-20,235.60081481933594,237.765868283229,234.71712393090704,237.54494556112178,99953100
2018-04-23,235.56549072265625,236.7319691881383,234.4873867411846,236.17523960378978,65558000
2018-04-24,232.39309692382812,236.8115524568593,230.89081125535256,236.59062968020774,112885500
2018-04-25,232.96751403808594,233.40935963555813,230.51085359486518,232.33125529900138,103840900
2018-04-26,235.33580017089844,236.16647205231087,233.55075366409466,233.99259926194742,67731900
2018-04-27,235.556640625,236.2459184379711,234.61993044245224,235.94546677263557,57053600
2018-04-30,233.7451629638672,236.73204347115583,233.6744525672285,236.17531371211373,82182300
2018-05-01,234.1604461669922,234.2664847699566,231.62423039491986,233.17953515335418,74203400
2018-05-02,232.58746337890625,234.7789996239809,232.19863721256587,233.96601907116514,86368900
2018-05-03,232.0749053955078,232.728828047359,228.920122334684,231.7567896085878,136311500
2018-05-04,235.07948303222656,235.7599423992167,230.7759119405855,231.10287331365893,91222100
2018-05-07,235.87481689453125,236.84685543367848,235.15900236383027,235.84830724288375,55304900
2018-05-08,235.87481689453125,236.23710647767695,234.31066654300142,235.50365480335702,67499200
2018-05-09,238.15464782714844,238.48160907698724,236.0249499666223,236.54632425259504,59666100
2018-05-10,240.38162231445312,240.70861064610264,238.790989260651,238.89702786848983,72063900
2018-05-11,241.1150360107422,241.38013245892407,239.99273145453296,240.50528721182133,59871500
2018-05-14,241.22999572753906,242.20203432090474,240.68208461608054,241.5481115650527,54790600
2018-05-15,239.5686492919922,240.01931338963473,238.62309339518507,240.00164927713664,87036100
2018-05-16,240.57601928710938,241.0355558477446,239.5774441834004,239.6039808016906,53942600
2018-05-17,240.372802734375,241.45090685639775,239.59515032267205,240.31093789069186,56536400
2018-05-18,239.77188110351562,240.39047562672215,239.4184100765879,240.02815905948526,64368000
2018-05-21,241.57460021972656,242.11366574391533,240.86765821907193,241.25648440986458,58025900
2018-05-22,240.9029083251953,242.3521740151333,240.57594708171175,242.09589616155162,52966400
2018-05-23,241.56578063964844,241.59231726143065,239.47143709533174,239.63052198546725,64694200
2018-05-24,241.0708770751953,241.4420391350856,239.28583108913134,241.1680971017814,76043800
2018-05-25,240.4965057373047,241.1239188105329,239.99279538347892,240.4965057373047,56374800
2018-05-29,237.73045349121094,239.63040999944752,236.61702158926974,238.8704220025331,115908600
2018-05-30,240.9029083251953,241.34475367435692,238.96765050651948,239.03833389642136,69678400
2018-05-31,239.42726135253906,240.79697172773785,238.82635789555584,240.49651999924623,93519900
2018-06-01,241.77780151367188,242.07825314109905,240.65549696946482,240.7262073336255,71258400
2018-06-04,242.9266357421875,243.18291366768244,242.3610875599762,242.5996744069565,45385200
2018-06-05,243.10336303710938,243.48334363778017,242.2903555730624,243.0591623128724,51135000
2018-06-06,245.13589477539062,245.24193338774694,243.09457058319848,243.71316511275833,62732200
2018-06-07,245.109375,245.91353706797386,244.1991743240489,245.62193089603647,72969400
2018-06-08,245.8340301513672,245.88704946010907,244.4819838422248,244.64988730927814,72139700
2018-06-11,246.16107177734375,246.87685964677223,245.94014892954186,246.05503312529822,58892500
2018-06-12,246.47906494140625,246.84135445972845,245.83396090926507,246.57625799068668,72329000
2018-06-13,245.69259643554688,246.97395911429703,245.48933780630622,246.71768118492542,79070600
2018-06-14,246.31114196777344,246.84133486376663,245.71905727644435,246.55857430860445,77097600
2018-06-15,245.99691772460938,246.33423244421797,244.4168859505481,245.5264595865237,120041600
2018-06-18,245.49099731445312,245.61528259065716,244.06187917334162,244.54119558074223,52917600
2018-06-19,244.55003356933594,244.7719483003426,242.80134440543546,243.218545183296,97531500
2018-06-20,244.96722412109375,245.63296828632238,244.62990940977267,245.23351095150542,53785500
2018-06-21,243.43161010742188,244.97615528081644,242.93452320471235,244.95838476265965,71061400
2018-06-22,243.87550354003906,244.80756204376263,243.65358871856367,244.69216200232157,54898500
2018-06-25,240.55563354492188,242.88129622130432,238.86908655045588,242.72152407312717,137854200
2018-06-26,241.08819580078125,241.9403408769516,240.36919416007444,241.12370974663938,68547400
2018-06-27,239.0908966064453,243.10310451972364,238.93998269535922,241.67398689393684,105110700
2018-06-28,240.45799255371094,241.22136639578738,238.3275889896138,239.03773254071504,76650500
2018-06-29,240.80410766601562,242.91674020297125,240.68870767361383,241.5497378986117,97592500
2018-07-02,241.31895446777344,241.4787536700917,238.99329230174064,239.23297756061706,63554800
2018-07-03,240.46685791015625,242.31320410898738,240.04079885597014,242.2155475162648,42187100
2018-07-05,242.42857360839844,242.49071624932256,240.52011188401102,241.59419894270374,56925900
2018-07-06,244.4790802001953,244.85188185065252,242.07350454521062,242.4552185443817,66493700
2018-07-09,246.68038940429688,246.73364676824892,245.43767243008548,245.4820445369794,50550400
2018-07-10,247.5680694580078,247.66572602641563,246.84018263606114,247.1331252520839,51966800
2018-07-11,245.75726318359375,246.80472141460143,245.45546236760964,246.0146918842756,77054700
2018-07-12,247.9852752685547,248.03853263814824,246.41412868714167,247.0177302686697,60124700
2018-07-13,248.18060302734375,248.48240386882594,247.35508657071247,247.80780137753868,48216000
2018-07-16,247.95867919921875,248.36699478287807,247.51484966809195,248.2249931714177,48201000
2018-07-17,248.96177673339844,249.35234894826192,247.1332009498144,247.18645833464043,52315500
2018-07-18,249.48544311523438,249.5919578638405,248.5977840912453,249.04161360323985,44593500
2018-07-19,248.5445556640625,249.20141474977135,248.0652121503039,248.81972782641117,61412100
2018-07-20,248.26043701171875,248.9705803919926,248.1006649096072,248.34032306277456,82337700
2018-07-23,248.72203063964844,248.92617484629713,247.7100865070093,248.05628647529093,47047600
2018-07-24,249.9736785888672,250.81696561151827,249.1037899646664,250.13347782261658,68026900
2018-07-25,252.1040802001953,252.42362448673683,249.6807610037605,249.72513312493334,78882900
2018-07-26,251.50927734375,252.19276496602095,251.28736261180742,251.38501918024653,57919500
2018-07-27,249.80503845214844,251.9354148965734,248.88186539352202,251.83775830816563,76768700
2018-07-30,248.5001983642578,250.04471666945543,247.97645560936985,249.88494451840913,63742500
2018-07-31,249.7251434326172,250.33763042964327,248.88188347107697,249.2635704143807,68570500
2018-08-01,249.3079833984375,250.43532807096616,248.66000943248963,249.92935575758932,53853300
2018-08-02,250.66604614257812,250.8346764359806,247.79889772747592,248.00306905621076,63426400
2018-08-03,251.7400665283203,251.79332389456457,250.61272240135142,250.79026501496526,53935400
2018-08-06,252.6632537841797,252.97391274194152,251.3850227429389,251.7755948438292,39400900
2018-08-07,253.4976806640625,253.8793946751064,253.19587981266517,253.32905035260498,43196600
2018-08-08,253.39120483398438,253.7906623367623,252.92963177079216,253.32908927357005,42114600
2018-08-09,253.04501342773438,253.84390128604824,252.91186996621687,253.453329072791,35717000
2018-08-10,251.3495635986328,252.14845140127855,250.63942003800895,251.6069923324344,77076000
2018-08-13,250.40869140625,252.2372673785534,250.11574867026457,251.62478030063303,65732900
2018-08-14,252.00636291503906,252.24604816142605,250.7459024138653,251.13647450726577,43842000
2018-08-15,250.12448120117188,250.79911051893149,248.68647836211187,250.65708186839285,102925400
2018-08-16,252.1483154296875,253.01823066389522,251.52694353536882,251.56245746655077,69967900
2018-08-17,253.03607177734375,253.4799012762992,251.5359259037381,251.94424145780033,65618500
2018-08-20,253.57765197753906,253.84393894007383,253.03616570143453,253.4888806269565,39807500
2018-08-21,254.17221069335938,255.03324078972926,253.6129813301547,254.09232465421528,67272000
2018-08-22,254.0214385986328,254.54515426235224,253.49769584570512,253.76400985232723,44993300
2018-08-23,253.68409729003906,254.7048998191549,253.36452593330048,253.84386942380561,49204900
2018-08-24,255.21092224121094,255.35295097336603,254.20786294419815,254.26112033260495,57487400
2018-08-27,257.22589111328125,257.33240588682605,256.24946054043704,256.40923270075433,57072400
2018-08-28,257.3501892089844,257.79401884697023,256.88858904838384,257.68747697891615,46943500
2018-08-29,258.7348937988281,258.9656667527116,257.32351902828185,257.5631772420402,61485500
2018-08-30,257.6874084472656,258.6283248624232,257.09269206048697,258.25552323561953,61229500
2018-08-31,257.6963195800781,258.14014914459057,256.7909170205872,257.27911870586814,66140800
2018-09-04,257.25244140625,257.6074995729283,256.2493824457125,257.27907009152085,57594400
2018-09-05,256.56011962890625,257.10160578959284,255.54820229775174,256.89743443569347,72452400
2018-09-06,255.787841796875,256.9684164450401,254.75815402120662,256.6666156108415,65909900
2018-09-07,255.29074096679688,256.26717131198063,254.50071143185613,254.74039670565793,73524800
2018-09-10,255.73458862304688,256.56899033274806,255.539302540155,256.30267635287424,50210900
2018-09-11,256.57781982421875,257.0216493185275,254.7403863055744,255.08655922474992,50530500
2018-09-12,256.6400146484375,257.24361638204505,255.85001207428817,256.58675726542555,59810800
2018-09-13,258.1578369140625,258.34426479519124,257.42109191507126,257.7051492765237,51034200
2018-09-14,258.2022705078125,258.5484434532182,257.4211262043679,258.3620426364613,55079900
2018-09-17,256.8352966308594,258.1845287942073,256.56012445997396,258.14904193224044,68244000
2018-09-18,258.2289123535156,258.82362878130147,257.02168188962406,257.04831057908905,61930400
2018-09-19,258.5040283203125,258.9212290907196,258.1578283433109,258.2821135932705,49080600
2018-09-20,260.5989685058594,260.9185398950375,258.5218492884304,259.7645938039797,100360600
2018-09-21,260.36090087890625,261.45767398484145,260.2004054619901,261.3417515575673,105479700
2018-09-24,259.4959716796875,259.9239866684046,258.9163867572712,259.7813150054989,53409600
2018-09-25,259.25518798828125,260.05769215619654,259.0144449014566,259.95069522871887,44370000
2018-09-26,258.47943115234375,260.58377660882445,258.0603417149148,259.3978577222201,79739700
2018-09-27,259.2016296386719,260.2894768364136,258.67554339223165,258.9519611282964,59249500
2018-09-28,259.2283630371094,259.7277000273732,258.54178147845295,258.577428969311,70091400
2018-10-01,260.1290283203125,261.1990247523705,259.4602703458394,260.46784283610697,62078900
2018-10-02,259.9774475097656,260.6907785092049,259.60295825920167,259.9774475097656,47258200
2018-10-03,260.1201171875,261.44870772895086,259.763451690474,261.02961828669123,64694600
2018-10-04,258.0870666503906,259.69207482332916,256.4998822262784,259.6385763650199,111545900
2018-10-05,256.642578125,258.8271712774559,255.21588894088282,258.31001039427775,105951700
2018-10-08,256.642578125,256.9992436180711,254.57388016862174,255.95596915870948,87742200
2018-10-09,256.2680358886719,257.5698770527391,255.70627486797824,256.2591376202274,74339000
2018-10-10,248.15379333496094,255.83114939791164,247.77930409003628,255.75979997194213,214731000
2018-10-11,242.68788146972656,248.68885373600907,241.07392013109617,247.0659941262699,274840500
2018-10-12,246.05838012695312,247.0748781744301,242.86615991682004,246.7895348863604,183186500
2018-10-15,244.67626953125,247.0303108944259,244.5870963501901,245.70169308385272,102263700
2018-10-16,250.02633666992188,250.40085314985933,246.16538551421965,246.63797344614395,118255800
2018-10-17,250.07090759277344,250.6950653704905,247.49394715549715,250.06198211206146,110626000
2018-10-18,246.45957946777344,249.732046855668,245.18448756727568,249.13461114190665,134557500
2018-10-19,246.32583618164062,249.04544086380105,245.63032902677742,247.11051650237442,139901600
2018-10-22,245.22021484375,247.31563500155545,244.6852029518663,246.99464419352634,82415800
2018-10-23,243.97183227539062,245.09535446998242,239.51344542298992,241.5999944163272,146352700
2018-10-24,236.57984924316406,244.1056085152865,236.02701362087163,243.7221665604862,177806700
2018-10-25,240.82421875,242.36683043885208,237.39128255040535,238.41670611178432,138061500
2018-10-26,236.5887451171875,241.64456778915647,233.87806549908413,237.11485871303157,201574600
2018-10-29,235.27801513671875,240.97584749722535,231.70240681944074,239.6829042207381,160749100
2018-10-30,238.76438903808594,239.07648149390346,234.61809558744747,235.10853436425447,157116000
2018-10-31,241.31459045410156,243.63295647681852,240.8598264017095,241.33241420076962,128296300
2018-11-01,243.88270568847656,244.07887581404464,241.09175094319107,242.17959851009834,99495000
2018-11-02,242.438232421875,245.41643229986892,240.38735764271865,244.98841726143897,122634100
2018-11-05,243.7756805419922,244.32851613775983,241.956651152827,242.92857618600445,65622500
2018-11-06,245.3181915283203,245.47868687033352,243.6507597587035,243.71318368453908,60085900
2018-11-07,250.57015991210938,250.650407575869,247.06584865700611,247.49386340887963,102752100
2018-11-08,250.1155242919922,250.75753314335418,248.97417824644157,249.76775702541286,65584900
2018-11-09,247.67234802246094,248.9920132904453,246.26348235138244,248.80476863709245,98812600
2018-11-12,243.0445098876953,247.4047981237727,242.52732176890174,247.1640550275417,99673600
2018-11-13,242.58973693847656,245.50551206799565,241.86748046408346,243.50816351775626,98176600
2018-11-14,240.93121337890625,244.86348626076756,239.37077812959166,244.4622478094711,125335900
2018-11-15,243.4457244873047,243.90941409475818,238.08676246595184,239.66502147667336,135101400
2018-11-16,244.07882690429688,244.98832791595154,241.8317827868211,242.3489708377892,126668000
2018-11-19,239.95030212402344,243.76667884973662,239.03187584132542,243.47241018151655,103061700
2018-11-20,235.50982666015625,238.07786188380766,234.64489850791026,236.61549791018174,136021300
2018-11-21,236.31222534179688,238.21150167834654,236.3033270759643,237.0612307455955,75563700
2018-11-23,234.73402404785156,236.13396378953615,234.5735286819056,234.67160011270744,42807900
2018-11-26,238.52366638183594,238.74658569621147,236.59764024021155,236.98998041045894,79981400
2018-11-27,239.3261260986328,239.3261260986328,236.88293957384488,237.4892734656889,75502400
2018-11-28,244.83677673339844,244.83677673339844,239.26379279641728,240.39624054798665,127629600
2018-11-29,244.3018035888672,245.7017165389916,242.91968718008556,244.0610332558377,82346400
2018-11-30,245.7908477783203,246.3526088437282,243.8291740017175,244.15016477518927,98204200
2018-12-03,249.04534912109375,250.0261991606879,247.44926705083833,249.9192022857903,103176300
2018-12-04,240.97581481933594,248.64424582117104,240.66372229024648,248.21623087740545,177986000
2018-12-06,240.61016845703125,240.72609084503256,234.0117627270498,237.114809128682,204185400
2018-12-07,235.01939392089844,241.84071986500985,234.18121507685527,240.27135909968106,161018900
2018-12-10,235.46524047851562,236.43716550863462,230.60558811608786,234.84105545903276,151445900
2018-12-11,235.51869201660156,238.85355587860641,234.0474301487657,238.66631129480155,121504400
2018-12-12,236.70462036132812,239.8611652482189,236.62437267926674,238.49690022951813,97976700
2018-12-13,236.62440490722656,238.514756462568,235.5098082626307,237.64982837788833,96662700
2018-12-14,232.25515747070312,235.42952607242904,231.70232196988306,234.47542495361859,116961100
2018-12-17,227.69869995117188,232.4156665517509,226.06692897355805,231.3010700046853,165492300
2018-12-18,227.4490509033203,230.00817404669752,225.8440290168278,229.33941606115198,134515100
2018-12-19,224.04281616210938,231.30106827818616,222.33972299140083,227.52927740072613,214992800
2018-12-20,220.3958282470703,224.36378864020185,218.1487981344773,222.79444183469164,252053400
2018-12-21,215.88006591796875,223.96100288010308,215.234308074358,221.29725519655113,255345600
2018-12-24,210.17588806152344,216.00563669064812,210.11311326960217,214.39124202550883,147311600
2018-12-26,220.79502868652344,220.79502868652344,209.65572438241446,211.63784523018114,218485400
2018-12-27,222.49009704589844,222.68739900328913,214.31948044557623,217.5572333476557,186267300
2018-12-28,222.2030792236328,225.47670135459668,221.03712692857448,223.84437908980937,153100200
2018-12-31,224.1493377685547,224.3915003778305,221.95197382206396,223.82645885131,144299400
2019-01-02,224.3825225830078,225.3063260642124,220.58870557266602,220.61561100863256,126925200
2019-01-03,219.02816772460938,222.93858465556823,218.54384243531666,222.63363352752896,144140700
2019-01-04,226.36465454101562,227.0104124077604,221.68291684980105,222.0596066578405,142628800
2019-01-07,228.14939880371094,229.55749982965202,225.73677820457982,226.63366237166997,103139100
2019-01-08,230.29298400878906,230.77730922015044,227.80862422016872,230.33784464859812,102512600
2019-01-09,231.3692626953125,232.21233619521877,229.77280960690814,231.00153681805648,95006600
2019-01-10,232.1854705810547,232.43659715362483,229.15399650240835,229.83563750113174,96823900
2019-01-11,232.27511596679688,232.30202140213726,230.5261805574584,231.1091499036586,73858100
2019-01-14,230.8580780029297,231.66526862485452,229.9701710558868,230.37375268147704,70908200
2019-01-15,233.50384521484375,233.81776021044035,231.22575130966445,231.23472891177062,85208300
2019-01-16,234.0689239501953,234.95683083626523,233.7281034648272,233.9343693801608,77636700
2019-01-17,235.8447723388672,236.70580128220018,233.15411847513116,233.1989791286413,96118400
2019-01-18,238.98377990722656,239.4501772546297,235.8805679320784,237.65640867719944,127900300
2019-01-22,235.75502014160156,237.72817676902332,234.14063917061264,237.5129332717554,115531200
2019-01-23,236.24832153320312,237.48602637637333,233.7818894494403,236.78645764380838,86030300
2019-01-24,236.37380981445312,236.95680641601265,235.05538900222206,236.06887248403177,59204100
2019-01-25,238.37400817871094,239.19915412405874,236.47261704422257,238.22152574060655,96883400
2019-01-28,236.562255859375,236.62501697032374,234.79539236392185,236.2304129857847,85613700
2019-01-29,236.24832153320312,237.2707555096875,235.41422561567174,236.70574133282852,66136300
2019-01-30,239.9883270263672,240.83140059178444,237.00171387664844,237.764071126748,92473700
2019-01-31,242.09597778320312,242.58030297951865,239.71026220894768,239.92553305771975,104012100
2019-02-01,242.21266174316406,243.23512336250974,241.4233988869843,242.29337807562607,85782500
2019-02-04,243.9166259765625,243.9794144412397,241.58472151923812,242.2573846874624,60744800
2019-02-05,244.93910217285156,245.24403954335247,243.8449022571784,244.34715526397238,79552800
2019-02-06,244.61627197265625,245.1544081516475,243.88084747780272,244.66113262050564,58347800
2019-02-07,242.28428649902344,243.5488690072835,240.6250454221602,243.0017828383925,95482000
2019-02-08,242.58033752441406,242.67898167564843,240.21254944589518,241.03769518042967,75788900
2019-02-11,242.71482849121094,243.49511346448097,242.18567003084087,243.23503672054903,68021400
2019-02-12,245.8359832763672,246.2126593412285,244.25745820641504,244.32922427545054,72270200
2019-02-13,246.63426208496094,247.47733571210168,246.24860831551695,246.67014512908733,65277200
2019-02-14,246.08718872070312,247.2172720192865,244.73288428324176,245.54905251324703,83234400
2019-02-15,248.76885986328125,248.80474290860056,247.65673179507854,247.86299772149064,97088700
2019-02-19,249.1993408203125,249.85404892766604,247.96163594512325,247.9706135479331,59120800
2019-02-20,249.7015380859375,250.1589577951444,248.66114910995242,249.163402081706,76610800
2019-02-21,248.81369018554688,249.4235650279196,247.8540172781206,249.0648167306851,64214700
2019-02-22,250.35635375976562,250.55364207487054,248.79575610960802,249.43253644408577,78114600
2019-02-25,250.6970977783203,252.30252839097093,250.61638147320215,251.7823475232968,69030700
2019-02-26,250.51780700683594,251.3967363763881,250.1411034407813,250.3473967472809,56844100
2019-02-27,250.4101104736328,250.7598811219917,248.8674683645355,249.80020834065053,56921600
2019-02-28,249.9437713623047,250.63438995969776,249.62090607319368,250.19489793297214,69268300
2019-03-01,251.50433349609375,251.91689265301403,250.06931299332896,251.52226133048524,78880500
2019-03-04,250.5894775390625,252.80478293969955,248.2934558328238,252.56263402289468,106494600
2019-03-05,250.24868774414062,250.91240084489138,249.7016013711848,250.7150851723559,59114600
2019-03-06,248.73292541503906,250.3742391075912,248.41006018612026,250.36526150543068,75039800
2019-03-07,246.65219116210938,248.42800478246298,245.8091176242837,248.28449999190326,94885100
2019-03-08,246.15892028808594,246.32933053834026,244.32929555495048,244.79566565679494,85795800
2019-03-11,249.72845458984375,249.8898871870504,246.84946379005032,246.8763692229181,65098900
2019-03-12,250.67027282714844,251.19048123258582,250.09628090510128,250.28461901084762,79667500
2019-03-13,252.32943725585938,253.26220463446646,251.3966698772523,251.5581298604209,80639200
2019-03-14,252.16796875,252.77784344619863,251.72850424402364,252.35630677102787,67518400
2019-03-15,253.41387939453125,254.22462535705967,252.53105124035966,252.72024637494718,81309000
2019-03-18,254.332763671875,254.63005465232644,253.40490461128536,253.6301133880431,62199800
2019-03-19,254.39576721191406,256.16139589718296,253.50394946882147,255.39570823440198,90268100
2019-03-20,253.63009643554688,255.38673577336675,252.52208692239324,254.1796201095849,84609200
2019-03-21,256.49462890625,256.8999879551647,252.76516070850388,252.81021893035341,79550400
2019-03-22,251.55816650390625,255.6569546393203,251.49510145781022,255.13448245054312,122659300
2019-03-25,251.36895751953125,252.40491207106848,250.10779426151646,251.21580350295577,85575200
2019-03-26,253.2427215576172,254.19760442345822,251.83742120821717,253.12560861328362,68125900
2019-03-27,251.91854858398438,253.81932507904784,250.3691109993635,253.23376022831022,72224700
2019-03-28,252.87332153320312,253.32373891988468,251.39596680036126,252.54903421061425,56238500
2019-03-29,254.46786499023438,254.79215237439305,253.260749463698,254.3867931441947,82186800
2019-04-01,257.4856262207031,257.78291713150287,256.19743891736897,256.4677058809414,77617900
2019-04-02,257.61175537109375,257.84598124041696,256.81901626689137,257.67482041149606,40070400
2019-04-03,258.01715087890625,259.22426637741154,257.4135793840035,258.82789681177695,68243200
2019-04-04,258.7017517089844,258.95398437326423,257.64779030482515,258.34142325877013,48997500
2019-04-05,259.9539489746094,260.0079968724831,259.08013797058265,259.3684117534433,58621700
2019-04-08,260.1521911621094,260.2602869817064,258.8729931504952,259.53061270811963,53566300
2019-04-09,258.81878662109375,259.51241936594624,258.2692907111373,259.18813210589786,66142300
2019-04-10,259.7016906738281,259.7917796584995,258.81886261012613,259.2332389500564,52601500
2019-04-11,259.62957763671875,260.1971079322782,259.0620473411593,260.1880907874931,55093100
2019-04-12,261.3862609863281,261.6655176093397,259.67468015426687,261.24212410166086,69727800
2019-04-15,261.215087890625,261.5574095392261,260.4133316619226,261.4583034082265,49596700
2019-04-16,261.3862609863281,262.15197615867913,260.7917066463132,262.0979282633414,52153200
2019-04-17,260.7467346191406,262.5303705495719,260.3323306731585,262.5033465958171,58268300
2019-04-18,261.2601013183594,261.53036825574327,260.0349791743683,261.3321834981804,68708500
2019-04-22,261.4853820800781,261.6385361359312,260.4043965065369,260.4944855104914,40160100
2019-04-23,263.8365173339844,264.07074319403506,261.62047128318324,261.8546696519358,52246600
2019-04-24,263.25103759765625,264.0888075995507,263.1069006901307,263.75550302834347,50392900
2019-04-25,263.0888366699219,263.7464560815874,261.89975542696516,263.1519017144585,57770900
2019-04-26,264.31396484375,264.386019537816,262.35914106238647,263.1338733529149,50916400
2019-04-29,264.7283020019531,265.2508015489559,264.3139257169919,264.4040146897125,57197700
2019-04-30,264.8634338378906,265.1517075672727,262.9717027806485,264.3859925010435,81111700
2019-05-01,262.87261962890625,265.7012542994581,262.86360248304516,265.4940523837412,71671900
2019-05-02,262.30511474609375,263.67440146767416,260.8097254266999,262.7555322221292,65030200
2019-05-03,264.87255859375,265.15181529151357,262.41326873237585,263.7825557575983,56543700
2019-05-06,263.782470703125,264.22387098797896,260.25118595039874,260.56648365013655,107198100
2019-05-07,259.3774108886719,261.97182004663614,257.46764511719874,261.37726565699415,144729900
2019-05-08,259.01702880859375,260.7286094294374,258.4224745419498,259.01702880859375,91568300
2019-05-09,258.2333679199219,258.8369119830217,255.20654798317443,256.9451804502703,103471100
2019-05-10,259.5305480957031,260.2872461358025,254.30568902173113,257.2964675787668,112429300
2019-05-13,253.00857543945312,255.3777765485619,252.17080525380703,254.41390372323744,127290500
2019-05-14,255.29666137695312,256.82809204068724,253.90037797101735,254.0264805893089,77003200
2019-05-15,256.7920227050781,257.4316078570262,253.4589222110962,253.66612415780725,73956400
2019-05-16,259.1701965332031,260.5304384583781,257.4225747303499,257.4946294219541,76749600
2019-05-17,257.49462890625,259.9809418767313,256.84602671792,256.8640610092583,100353000
2019-05-20,255.7920379638672,257.60269711519743,255.04432972710484,255.89111659043132,62877600
2019-05-21,258.0981750488281,258.4765102516774,257.2333538882968,257.485586520628,46847100
2019-05-22,257.3054504394531,258.2603331360052,256.8280090911771,257.1433067720303,49482500
2019-05-23,254.16159057617188,255.12546309668002,252.7472730812327,255.08043234488764,98733800
2019-05-24,254.738037109375,256.0172344882969,254.11645896281843,255.60283072973016,55268100
2019-05-28,252.3690185546875,255.97235996540246,252.35101174450668,255.01747669086805,70029400
2019-05-29,250.6753692626953,251.65727620661048,249.27006872908234,251.25191691305196,104972900
2019-05-30,251.3599395751953,252.269791543688,250.2609199914259,251.43199426486837,62523800
2019-05-31,247.97280883789062,249.6393588730026,247.94578489099905,248.81060617412786,86862800
2019-06-03,247.3422393798828,249.12587484626778,246.0089938617991,248.0088483932753,96428000
2019-06-04,252.71112060546875,252.84624029259484,249.18885414083826,249.63927142545154,77231900
2019-06-05,254.90028381347656,254.9273077659354,252.52209352318616,254.33275332053663,71169700
2019-06-06,256.5577392578125,257.2333653557435,254.54889525439398,255.19749740805958,69430400
2019-06-07,259.1251525878906,260.2061654606606,257.4045546359031,257.5757154656133,74272200
2019-06-10,260.314208984375,261.98075870724784,260.22412001451545,260.6745373725193,60799100
2019-06-11,260.2511901855469,262.50327737561093,259.60258797515644,262.1339317774846,58641300
2019-06-12,259.7918395996094,260.57556171360955,259.2783570106766,260.01704836760047,47096300
2019-06-13,260.8637390136719,261.2240949401442,259.9989452709926,260.70159534153777,48945200
2019-06-14,260.57550048828125,261.17904444955684,259.80978535876454,260.57550048828125,52324700
2019-06-17,260.67462158203125,261.4403368362566,260.5034607313937,260.8097413348233,39205700
2019-06-18,263.4041442871094,264.458133316418,262.1339636584768,262.49431964575285,85434800
2019-06-19,263.9986877441406,264.53017706467074,262.5663634753288,263.5392531233006,78674400
2019-06-20,266.5209655761719,266.92635222484796,264.06170421417744,266.68313673041985,116570000
2019-06-21,266.1335754394531,267.5094941837973,265.9163323811376,266.2512579710432,83309500
2019-06-24,265.8077392578125,266.6586172021475,265.65384032505415,266.34181358325094,47582700
2019-06-25,263.2006530761719,265.8891461105345,263.09203155963263,265.8619907313997,82028700
2019-06-26,262.93817138671875,264.60376601063865,262.8295498541817,264.09684710879384,51584900
2019-06-27,263.87060546875,264.37752449052414,263.31843667271613,263.69861212653933,40355200
2019-06-28,265.22833251953125,265.7261903530985,264.33217736910836,264.8481295807128,59350900
2019-07-01,267.6363220214844,268.77690368693146,266.4323685690644,268.5596329351697,78705600
2019-07-02,268.33331298828125,268.38762376676675,266.74918415742064,267.59102884896026,61504500
2019-07-03,270.47869873046875,270.4968207417904,268.8674143488254,269.0122523143123,40898900
2019-07-05,270.1707458496094,270.3337057163004,267.952983337688,269.24743552168684,51677300
2019-07-08,268.68634033203125,269.9898541670269,268.143204963281,268.85833365921906,45841800
2019-07-09,269.02117919921875,269.3198883619145,267.4732673788795,267.5275781357333,41101300
2019-07-10,270.30670166015625,271.25719561591774,269.5553840760935,270.08945852741846,58448500
2019-07-11,270.94024658203125,271.18464500017757,269.9354699046471,270.9493075836309,50826100
2019-07-12,272.15325927734375,272.2256920471457,271.12132712023003,271.4290973293695,40326000
2019-07-15,272.2438049316406,272.587791549062,271.7368860086016,272.587791549062,33900000
2019-07-16,271.36578369140625,272.36152730192515,271.05801341633924,272.15331757540326,36650100
2019-07-17,269.5190734863281,271.5014992547846,269.5190734863281,271.33856696217356,36036300
2019-07-18,270.5057373046875,270.8859402530274,268.57765005776565,269.02119714332446,51392600
2019-07-19,269.0030822753906,271.6282034568177,268.8310890053141,271.60104807864786,58678600
2019-07-22,269.6639099121094,270.2070451761584,268.88543721281127,269.40138946990106,43638100
2019-07-23,271.5920715332031,271.5920715332031,269.953632082453,270.7864433136411,44564500
2019-07-24,272.868408203125,272.868408203125,270.7411443378768,270.83167149437855,47213200
2019-07-25,271.5648498535156,272.470066019694,270.75919420561445,272.4157552597237,55394100
2019-07-26,273.38433837890625,273.5834870369628,272.1260746700478,272.2528181910859,45084100
2019-07-29,272.8864440917969,273.3843295333311,272.3342755180086,273.2666470176047,38126500
2019-07-30,272.2166748046875,272.6240332315374,271.10324869630654,271.4834517363673,45849000
2019-07-31,269.238525390625,272.6512091289259,267.2199103624136,272.46109378208786,104245200
2019-08-01,266.8940124511719,272.35246649157233,266.09741756218915,269.3924186711607,142646600
2019-08-02,264.8843688964844,266.24219324196565,263.32739587533223,265.99779480478156,116749700
2019-08-05,256.9184875488281,260.892372596246,255.01752786298675,260.78375106419935,178745400
2019-08-06,260.5212097167969,260.73848038847234,257.334858657285,258.8103654742626,120711700
2019-08-07,260.6751708984375,261.4446103725473,255.3072442129039,257.44354168218393,140572300
2019-08-08,265.78961181640625,265.78961181640625,261.61657783559,262.1687465315291,87713900
2019-08-09,263.97918701171875,265.4456330756324,262.1959097009694,264.8481869708878,93730000
2019-08-12,260.76568603515625,263.97013209125237,259.8151922727457,262.47653060747723,65527600
2019-08-13,264.821044921875,266.26939667676976,260.1229696286607,260.46695627826205,94299800
2019-08-14,256.9908752441406,261.372118364232,256.86415934036023,260.76563897648515,135622100
2019-08-15,257.6698303222656,258.5660133001021,255.62406014182483,257.8780400292399,99556600
2019-08-16,261.4717712402344,261.906257446476,257.7241619613219,259.32641272187715,83018300
2019-08-19,264.621826171875,265.30073828744696,263.816198159732,264.495110275304,53571800
2019-08-20,262.59417724609375,264.6490081776248,262.46746133677397,264.11493390797597,51596400
2019-08-21,264.73052978515625,265.1016441746903,264.06971191169754,264.7576851703663,49524700
2019-08-22,264.64910888671875,266.0703055624556,262.87489210603223,265.43667052471943,51666400
2019-08-23,257.8507995605469,265.0110618919458,256.60159698092207,263.34546766077995,149161500
2019-08-26,260.7023010253906,260.7023010253906,258.5116653687146,260.04148316459356,72423800
2019-08-27,259.67938232421875,262.4674638561055,258.91900398597903,262.0963218770228,66668900
2019-08-28,261.50799560546875,261.670927937777,258.21299444093967,259.0186503479312,59696700
2019-08-29,264.8481140136719,265.3731548209414,263.0648371941585,264.06964142875887,57899400
2019-08-30,264.73052978515625,266.35084714437403,263.7981580595969,266.33275276257075,62901200
2019-09-03,263.1825256347656,263.94290385983123,261.8518568346499,263.0286543645162,69101400
2019-09-04,266.1697998046875,266.1878941850872,264.60376571235577,265.35511068657013,46887300
2019-09-05,269.591552734375,270.50580250609715,266.13361948386745,268.6591809547892,83258100
2019-09-06,269.7996826171875,270.4424060217157,269.22941960508075,269.9083317683097,49584300
2019-09-09,269.9355773925781,270.87698268364073,268.9941444764997,270.7864831316271,51260300
2019-09-10,269.8721008300781,269.9354725918967,267.91683059042794,269.175066700084,57947100
2019-09-11,271.7911682128906,271.87263435713766,269.52812767822877,270.17988445721164,68821100
2019-09-12,272.732666015625,273.7917537690513,271.936071136972,272.69644962340993,72908700
2019-09-13,272.5516052246094,273.52925441617066,272.18046318198077,273.1762067567145,62104800
2019-09-16,271.70977783203125,272.5968999139856,271.06708187598014,271.42010193281993,58191200
2019-09-17,272.39764404296875,272.4881435539882,271.33852903900765,271.5105223099501,41475500
2019-09-18,272.5606384277344,272.6692599657147,269.97170539749584,272.0084421096551,73375800
2019-09-19,272.54254150390625,273.94564349864027,272.2076158559735,272.9498999338318,76560500
2019-09-20,271.25482177734375,273.42829301296234,270.46365116105824,273.1463545293492,89565000
2019-09-23,271.19122314453125,271.9096544168928,270.3363878970603,270.5910179014609,43476800
2019-09-24,269.063232421875,272.67353890374073,268.09927401385335,272.28250493215603,94869400
2019-09-25,270.6546630859375,271.10025862379086,267.66273993263906,269.1450611127477,71854000
2019-09-26,270.0907287597656,270.87279633662166,268.6811754514435,270.6636529278499,56179700
2019-09-27,268.6357116699219,270.95468931981696,267.0806514770453,270.8455384312587,84746600
2019-09-30,269.88165283203125,270.59098115887195,269.1086878271732,269.1541465618406,51662400
2019-10-01,266.67144775390625,271.4184990741899,266.4532014526551,270.7637324178549,88242400
2019-10-02,261.9607238769531,265.09815254736196,260.6693965347672,265.08904970256856,122539500
2019-10-03,264.1069641113281,264.1342448983291,259.01433776802537,261.7334246319195,85278800
2019-10-04,267.68084716796875,267.9354770605933,264.70710305303584,264.7616923717053,65091200
2019-10-07,266.5260009765625,268.508507085416,266.24409018978105,266.8806790485321,59610500
2019-10-08,262.3881530761719,265.4073559101464,262.35176944794006,264.6707470157687,95708100
2019-10-09,264.87994384765625,265.81662125732413,263.7795817068035,264.4070675955947,62359400
2019-10-10,266.67144775390625,267.55356355823847,264.63440826867793,264.7980929946163,55296300
2019-10-11,269.43603515625,271.67314311799345,269.30873405810314,269.4269323090313,98720400
2019-10-14,269.1358947753906,269.7906613399473,268.790319678461,269.11768908445055,40394800
2019-10-15,271.80047607421875,272.5461879902581,270.06352513677353,270.1817511420704,46754500
2019-10-16,271.3638916015625,272.0550417754018,270.9273990728866,271.3366108185202,48928200
2019-10-17,272.16424560546875,273.0372586742496,271.47309522670037,272.5279987380787,45736600
2019-10-18,270.97296142578125,272.2733921690983,270.11812622676183,271.6277282217836,64304000
2019-10-21,272.8098449707031,273.009913309205,271.85498975437696,272.29151006181155,39048600
2019-10-22,271.9186706542969,273.637415698397,271.8277254489955,273.34640214246485,48594700
2019-10-23,272.7098388671875,272.76440043938345,271.45486720152144,271.6640383966591,34352200
2019-10-24,273.155517578125,273.79210645128467,272.3279631440528,273.6465996302028,35453100
2019-10-25,274.2740173339844,274.8196608389771,272.527963668524,272.58252524376513,45205400
2019-10-28,275.8200378417969,276.32022273244803,275.46538752178185,275.49266831562915,42147000
2019-10-29,275.7381286621094,276.66573093338,275.419834309273,275.54716315144003,44284900
2019-10-30,276.5839538574219,276.95678212015764,274.6287285510156,275.93826215273145,49643900
2019-10-31,275.8473205566406,276.5748546519485,274.3923078712009,276.5748546519485,69053800
2019-11-01,278.402587890625,278.4480466031733,277.12941090841093,277.2931233292428,71141500
2019-11-04,279.5212707519531,280.0941951369652,279.1484147592851,279.95779117686374,60606900
2019-11-05,279.2120666503906,280.02144303161515,278.92105304685475,279.721326580286,42933200
2019-11-06,279.275634765625,279.5484425794908,278.32985475659814,279.2119703581979,46487100
2019-11-07,280.2578430175781,281.59465715586936,279.78496676724404,280.6125210197655,54272300
2019-11-08,280.9490051269531,281.0035667061069,279.2120541836701,279.9122796178653,49032100
2019-11-11,280.4124450683594,280.5852326412768,279.4302812062415,279.566712897289,35797300
2019-11-12,281.0035095214844,281.9038031468933,280.230516970667,280.7761604037485,46484600
2019-11-13,281.09442138671875,281.49455800669153,279.7848884036395,280.0122374944161,53917700
2019-11-14,281.5036926269531,281.585562739211,280.17598142677315,280.8125701165942,51219900
2019-11-15,283.5408020019531,283.58626073546037,282.1494261750997,282.8405487883665,62023600
2019-11-18,283.7499084472656,283.9863604368472,282.8496147216759,283.3043130077444,49228000
2019-11-19,283.66802978515625,284.35917997236,283.02236607228707,284.3500771269776,67804700
2019-11-20,282.6131591796875,283.59532300669514,281.0580988316027,283.0769603064734,79406200
2019-11-21,282.1584777832031,282.83145015014986,281.3582320740642,282.72232699674834,54664700
2019-11-22,282.7859802246094,283.0406101816487,281.77656324396247,282.90420623191045,44850200
2019-11-25,284.97760009765625,284.97760009765625,283.713553290501,283.713553290501,48647200
2019-11-26,285.6231994628906,285.80508983778327,284.69562515711766,285.01391943689237,37569000
2019-11-27,286.89642333984375,286.89642333984375,285.88697877404934,286.10522505743006,44444600
2019-11-29,285.8323974609375,286.5781092144215,285.605048347259,286.33255440999926,36592700
2019-12-02,283.4043273925781,286.15069472322455,282.9769099443492,286.08703031011913,75767800
2019-12-03,281.5036926269531,281.585562739211,279.30296850429954,280.6852412775978,73941700
2019-12-04,283.24066162109375,283.8408667166338,282.2039639124934,282.5495390662209,49080000
2019-12-05,283.7499084472656,283.9590796497863,282.44037516318184,283.9409017092727,40709000
2019-12-06,286.34173583984375,286.7418726099388,285.650585463755,285.65968831162513,48927000
2019-12-09,285.44134521484375,286.62354942860503,285.36857796172194,285.95060497639406,34838500
2019-12-10,285.1231384277344,286.0507130453857,284.4683717115734,285.3868712342311,52649800
2019-12-11,285.93243408203125,286.18706396907805,285.0412156010794,285.5777561576217,53429100
2019-12-12,288.3969421386719,289.17900987699994,285.7051360299545,285.94156026923116,96389600
2019-12-13,288.5697021484375,289.79739296590316,287.3874700546423,288.16046262508945,81503900
2019-12-16,290.55218505859375,291.14328723980907,288.5060429102938,290.2975551457974,82749700
2019-12-17,290.6158752441406,291.2342582653961,290.53403288126106,290.9341696015044,61097700
2019-12-18,290.6340637207031,291.23426882282587,290.5795021434722,291.00691966683615,48133000
2019-12-19,291.8254089355469,291.89817621634967,290.57043699126655,290.82506696890414,85310500
2019-12-20,293.104736328125,294.2379231152867,291.8801572122193,292.8579742516137,147142100
2019-12-23,293.5525817871094,293.945538202169,293.4063596093835,293.89070837165036,52990000
2019-12-24,293.56170654296875,293.82670807350945,293.2601146095581,293.7810258479753,20270000
2019-12-26,295.1244812011719,295.13362880402286,293.93646416993596,293.94558388375384,30911200
2019-12-27,295.0513000488281,295.9103378824698,294.52126907589263,295.85550805385674,42528800
2019-12-30,293.4245910644531,295.2706214297429,292.9402423613774,295.13354687019796,49729100
2019-12-31,294.137451171875,294.3842133054212,292.5747451785438,292.922019374624,57077300
2020-01-02,296.8881530761719,296.90644827655234,294.74970630853255,295.672721478946,59151200
2020-01-03,294.6400146484375,295.7640816777263,293.44285049264414,293.49768030977805,77709700
2020-01-06,295.76422119140625,295.84646595590243,292.76670769935845,292.88551498886466,55653900
2020-01-07,294.9325256347656,295.67275622250656,294.4847115081981,295.19752718117184,40496400
2020-01-08,296.5043640136719,297.7197956916485,294.87768074616207,295.12441496646585,68296000
2020-01-09,298.5147705078125,298.5878955151835,297.48209591859336,298.06698442148587,48473300
2020-01-10,297.6557922363281,299.25506045062673,297.18973874984056,299.09971858480566,53029300
2020-01-13,299.7030029296875,299.71212264456875,297.8478521217808,298.277371170362,47086800
2020-01-14,299.2459411621094,300.3151505804677,298.6884674529028,299.264208473107,62832800
2020-01-15,299.9222717285156,300.6807697217704,299.07238137860776,299.1546261328861,72056600
2020-01-16,302.4170227050781,302.4170227050781,301.0736364652037,301.3021033230802,54050300
2020-01-17,303.3584289550781,303.5686007011989,302.3531687920046,303.1299620038811,95846000
2020-01-21,302.7643737792969,303.5685818598415,302.3257351092037,302.39883225787577,77742400
2020-01-22,302.8009338378906,304.2722754026212,302.64559193983825,303.62340922666306,48914900
2020-01-23,303.1481628417969,303.55941441938006,301.0371309067921,302.1520504997015,51963000
2020-01-24,300.4523010253906,303.88845281451574,299.1637441044687,303.80620806071624,87578400
2020-01-27,295.63616943359375,297.116630487524,294.86852399411237,295.2066505448216,84062500
2020-01-28,298.7342529296875,299.6115581923156,295.7276201151106,297.06185926917453,63834000
2020-01-29,298.4873962402344,300.32427882650586,298.28634427611996,300.0958119531496,53888900
2020-01-30,299.4561462402344,299.66634584075405,295.67274865407313,296.4220989348696,75491800
2020-01-31,294.01861572265625,298.99005740584477,293.10474817632047,298.834687651797,113845600
2020-02-03,296.2027587890625,298.067056481467,295.3802835359217,295.499090784858,69083000
2020-02-04,300.71728515625,301.5854705749679,299.4927058581297,299.81256511181664,62573200
2020-02-05,304.18994140625,304.4001409842499,302.1885971158361,303.6507628947107,65951100
2020-02-06,305.2135009765625,305.4054053572776,304.1351160486289,305.1495235533158,50359700
2020-02-07,303.58673095703125,305.2225333587107,303.03840499427645,304.15332422590495,64139400
2020-02-10,305.8531494140625,305.91712682849703,302.6637609595158,302.70032346619564,42070000
2020-02-11,306.38323974609375,307.991627648604,305.8531809561454,307.2057149525741,54864500
2020-02-12,308.3572082519531,308.5673799444257,307.4524603916157,307.81800184241695,43992700
2020-02-13,308.0281982421875,308.99689562686603,306.6573968990736,306.9315460120865,54501900
2020-02-14,308.52166748046875,308.6404747153644,307.24225858355834,308.4394227537769,64582200
2020-02-18,307.7265930175781,308.5856306420383,306.3374966602275,307.52554106527845,57226200
2020-02-19,309.1979064941406,309.8741594756721,308.41199388198464,308.69529055743817,48814700
2020-02-20,307.9278259277344,309.472265039596,304.9394597947177,308.6497615492745,74163400
2020-02-21,304.75653076171875,306.8858296734732,303.93402773606726,306.5751180835918,113788200
2020-02-24,294.64923095703125,304.82970245486194,293.5708458942109,295.307216805096,161088400
2020-02-25,285.7206726074219,296.6505202633772,284.84336760311373,296.0382446469935,218913200
2020-02-26,284.6697692871094,290.7104209886197,283.93868633219154,287.11892786401404,194773800
2020-02-27,271.884765625,284.72459458112405,271.884765625,279.1499964992916,284353500
2020-02-28,270.742431640625,272.23204033235453,260.9457695802284,263.833594623337,384975800
2020-03-02,282.46734619140625,282.53132361972916,269.0974581232793,272.5244617816566,238703600
2020-03-03,274.37957763671875,286.80818159326185,271.9395669552168,282.8419998690826,300139100
2020-03-04,285.9126892089844,286.13203646293175,277.20352949945715,279.7532286727096,176613400
2020-03-05,276.408447265625,281.9008016738092,274.16948788672306,278.711411972993,186366800
2020-03-06,271.839111328125,273.0454235323544,265.2318649017043,267.90034329272197,228667200
2020-03-09,250.6099090576172,259.71202207505866,249.89709348195655,251.58772614350622,309417300
2020-03-10,263.5776672363281,263.66903167185677,249.94275235063745,260.1232493248857,276444100
2020-03-11,250.72869873046875,257.6558306839711,247.54845736466214,256.5226437962952,255316300
2020-03-12,226.73968505859375,243.69193139870373,226.34671474938688,233.95009968243195,392220700
2020-03-13,246.12281799316406,248.09677526977262,227.11436995312613,240.42941305337604,329566100
2020-03-16,219.19114685058594,234.7725780910604,216.91561153342053,220.4065784730682,297240000
2020-03-17,231.02572631835938,234.1054695359692,216.65059323263955,223.93410499439116,262070500
2020-03-18,219.32826232910156,226.97733101558407,208.3801304723049,215.90125823020935,327597100
2020-03-19,219.79429626464844,226.07257629627384,212.21833983048688,218.6428280834812,289322000
2020-03-20,210.32241821289062,224.7269281094163,210.0466430097641,222.94359769257548,347158800
2020-03-23,204.94485473632812,211.13134505091108,200.63361059089686,209.76168442600684,326025200
2020-03-24,223.5135498046875,224.3868403910806,214.91865078430803,215.48857598678674,235494500
2020-03-25,226.85960388183594,235.6475644145072,220.38814988584195,225.09466188292848,299430300
2020-03-26,240.10592651367188,241.57669068866082,228.93713222179323,229.36917691277907,257632800
2020-03-27,232.9541778564453,239.74737193984004,230.77558000293203,232.8162972428731,224341200
2020-03-30,240.51954650878906,241.23655379734308,233.05530959383546,235.050062078814,171369500
2020-03-31,236.93446350097656,242.06381801054945,235.52802532472109,239.51752951061562,194881100
2020-04-01,226.2712860107422,236.85176448420262,224.20299266868236,227.9534996121323,189554600
2020-04-02,231.49258422851562,232.27393107275833,224.83727084545978,225.38882134558207,177660400
2020-04-03,228.14654541015625,232.8622586960982,225.4163970895069,230.50898872250409,135561200
2020-04-06,243.4702911376953,245.43748142052502,228.12816222742413,237.01722588258153,188061200
2020-04-07,243.7185516357422,252.81903867688385,243.497942609033,252.065253764921,201427200
2020-04-08,251.89974975585938,253.71065665190883,243.8288104236189,246.3199470598107,153774500
2020-04-09,255.7329864501953,258.49071084159345,253.22344715493466,255.16303317810022,189999200
2020-04-13,253.39808654785156,255.09868874078822,249.4913106154663,254.7585739128051,114839100
2020-04-14,260.87152099609375,261.8918654699185,253.26020343605688,258.2884549436128,134143400
2020-04-15,255.3285675048828,261.0094741207393,253.2142948960848,255.15390934862907,121775000
2020-04-16,256.560302734375,257.4151905782351,253.49003955687044,256.6062535871755,131798300
2020-04-17,263.4913635253906,264.09803815159717,259.5937609848719,262.33311040568213,146684800
2020-04-20,258.8490905761719,263.6291553806044,258.62848169544804,259.78670637225946,100109300
2020-04-21,250.9896697998047,255.58587661831038,250.05202565489662,254.3816726761035,126385700
2020-04-22,256.560302734375,258.30685593614993,254.5471616484955,255.87087162422512,92951600
2020-04-23,256.5418701171875,261.0093977789953,256.23853280732754,257.8380038199027,104709700
2020-04-24,260.1178283691406,260.78888491799785,256.0088167943418,258.0587359112116,85063200
2020-04-27,263.86822509765625,264.9897006956838,261.6344752923047,262.09409597915175,77896600
2020-04-28,262.6549072265625,267.8669912848749,262.35154179491997,267.51767499536015,105270000
2020-04-29,269.53076171875,271.0659071925588,266.9568970325676,267.98644290704055,118745600
2020-04-30,267.0213623046875,269.6320055930464,265.2839818753493,268.15201173993984,122901700
2020-05-01,259.9522705078125,267.1866954796315,258.78481603360234,262.2687486221893,125180000
2020-05-04,260.66937255859375,260.97270997271914,256.5879372139992,258.0679028682671,80873200
2020-05-05,263.0777282714844,265.8906050294555,260.7979992424974,263.4913981694902,79569900
2020-05-06,261.2943420410156,265.1643400964349,260.86229750373474,264.77827445640764,73632600
2020-05-07,264.4473571777344,266.3777697134358,263.9417856328459,264.51171080796263,75250400
2020-05-08,268.8229675292969,269.2917896381727,266.45130891700745,267.58198598128706,76452400
2020-05-11,268.878173828125,270.2570362580128,266.4697652724054,266.8926085627232,79514200
2020-05-12,263.51898193359375,270.4776190002841,263.3810732615767,270.0639771433086,95870800
2020-05-13,258.8584289550781,263.9969859100772,256.43161777077114,262.95823845859854,144721100
2020-05-14,261.9563293457031,262.08500860643056,250.9438027988502,256.4225039677062,121977900
2020-05-15,263.1604919433594,263.2064428035135,258.61943606022,259.5662538142252,111146300
2020-05-18,271.1761474609375,272.78481952214645,269.0619039731258,269.383615942956,119703800
2020-05-19,268.3909606933594,272.28853594964113,268.3725859611599,270.5787601052246,95189300
2020-05-20,272.95037841796875,273.81446769296434,271.7002234133943,271.9300337939139,85861700
2020-05-21,271.06591796875,273.63060941899073,269.97201842037936,272.82167247031106,78293900
2020-05-22,271.5806579589844,271.75531605411203,269.53994110545716,270.78092249867296,63958200
2020-05-26,274.9267578125,277.7856136973342,271.59910780063615,277.5466019109484,88951400
2020-05-27,279.01727294921875,279.0540504510923,272.8951233524511,277.7211395250684,104817400
2020-05-28,278.50262451171875,282.06008496206584,277.8315680546583,280.04694364391133,90405200
2020-05-29,279.7435607910156,280.3318607230198,275.28523421175083,278.03375713092686,119090800
2020-06-01,280.8741760253906,281.4808786671015,278.5852740999053,279.10004699838373,55758300
2020-06-02,283.1998291015625,283.24580799540894,280.4605081581099,281.79339112536235,74267200
2020-06-03,286.96881103515625,287.92483007098406,284.9097190069347,285.18548024177693,92567600
2020-06-04,286.2149963378906,287.7225657388418,284.119127013096,285.98518598186917,75794400
2020-06-05,293.55059814453125,295.324727633124,291.5466582645759,291.6110119068838,150524700
2020-06-08,297.0988464355469,297.2918792842742,293.817147742069,294.35949682860377,73641200
2020-06-09,294.883544921875,297.1724477167715,293.56900800568155,294.43309742484524,77479200
2020-06-10,293.2380676269531,296.35431008693706,292.52106030785467,295.4626446212481,95000800
2020-06-11,276.3331298828125,286.9411829598361,275.7816075129834,286.3069041815128,209243600
2020-06-12,279.6424255371094,284.11912678025476,274.48549461766504,283.3469673510181,194678900
2020-06-15,282.25311279296875,283.3837900229407,272.7757344523348,273.95236253958734,135782700
2020-06-16,287.685791015625,290.14937937635153,282.82302403325144,290.0022973807095,137627500
2020-06-17,286.49078369140625,289.0003228615567,285.75537372521586,288.7061588750805,83398900
2020-06-18,286.60113525390625,287.0791307706854,284.5144669914152,284.9740877759043,80828700
2020-06-19,284.9631652832031,290.26282089573067,283.01501607269654,290.0689386157883,135549600
2020-06-22,286.791259765625,287.1882662143913,283.21814537378975,284.3630116638021,74649400
2020-06-23,288.111572265625,290.3736357062622,287.70532390749855,289.4411072237713,68471200
2020-06-24,280.7622375488281,286.6897503140339,278.92490610868884,286.0711358531049,132813500
2020-06-25,283.7721862792969,284.0399473243526,278.1678289833196,280.1898292059112,89468000
2020-06-26,277.0321960449219,282.885859215094,276.4505490229153,282.6734931052813,127961000
2020-06-29,281.1038818359375,281.2423692160098,275.9981071297797,278.2878684607212,79773300
2020-06-30,284.7047119140625,286.4035844678509,280.5130100144226,280.6699529958901,113394800
2020-07-01,286.6989440917969,287.9638703985175,285.3601954313995,285.8218387301167,72396500
2020-07-02,288.27777099609375,291.4815764666122,287.61300354993097,290.13355781025984,69344200
2020-07-06,292.72802734375,293.3097024538688,291.3523392224344,292.10019917073765,61713800
2020-07-07,289.7088623046875,293.1619451017001,289.3303114252415,291.1861264698139,82910000
2020-07-08,291.9247131347656,292.0355030043778,288.7116942101427,290.4751465955823,54638600
2020-07-09,290.2627868652344,292.7741270342519,286.8466158684542,292.5340635505369,83354200
2020-07-10,293.22662353515625,293.49438457109676,288.7671611130503,290.19824424631554,57550400
2020-07-13,290.68756103515625,297.95382235069326,290.03203541314804,295.57175522796825,102997500
2020-07-14,294.4546203613281,295.23017784397115,288.06546370459,289.2657251994357,93657000
2020-07-15,297.1597595214844,298.2584726879043,294.77766462187236,297.6767976966858,87196500
2020-07-16,296.18121337890625,296.6336149447134,294.6116143738707,295.2579264762924,54622500
2020-07-17,297.039794921875,297.82459424337384,295.21167713283364,297.1875241733961,62774900
2020-07-20,299.4402770996094,300.18813689215324,296.02410586279206,296.7719656553359,56308800
2020-07-21,300.0774230957031,301.8501178028075,299.08949955212785,301.40695821426857,57292200
2020-07-22,301.7854309082031,302.0993731333049,299.60648815541464,299.7172780341707,57792900
2020-07-23,298.1846008300781,302.12705222700146,296.8181548399038,301.42534546893273,75738000
2020-07-24,296.26416015625,297.2889945895657,294.7591987366895,296.32879697000857,73766600
2020-07-27,298.4247131347656,298.60013985296814,296.16264956413676,296.95669073754914,48293000
2020-07-28,296.5319519042969,298.81247079634437,296.2364934476947,297.6952737904054,57495000
2020-07-29,300.1788635253906,300.7420828692673,297.37206503920953,297.4090043838402,48454200
2020-07-30,299.1079406738281,299.5234309444589,295.1193636875488,297.2059723944225,61861700
2020-07-31,301.4715270996094,301.5731032762325,296.6796674453573,300.8990939222795,84986800
2020-08-03,303.56744384765625,304.33375941571626,302.5887621937607,303.13349796893095,53077900
2020-08-04,304.7399597167969,304.7399597167969,302.7087180143602,302.7087180143602,41917900
2020-08-05,306.6327209472656,306.89126826301356,305.7740711107244,306.0418321331255,42697700
2020-08-06,308.68243408203125,308.8024658628492,305.72793350897297,306.05108949352723,43679400
2020-08-07,308.904052734375,309.19026937092656,306.80817379233406,307.71300494507875,57308300
2020-08-10,309.8272705078125,310.0119109096436,307.41747799040013,309.35638535667545,44282100
2020-08-11,307.269775390625,311.64617312266336,306.5403992490115,311.00910310173,69601100
2020-08-12,311.5538330078125,312.32939037175544,309.67956233416606,309.7072598051472,53774400
2020-08-13,310.9906005859375,312.30167990291056,310.06731402303166,310.7874764150394,41816100
2020-08-14,310.9998474121094,311.53536940593125,309.8734366603985,310.60284094610125,47260400
2020-08-17,311.9878234863281,312.3848300193641,311.00914180297326,312.01552096127307,35481000
2020-08-18,312.6618347167969,313.08653872718406,310.78753558782734,312.3848317893029,38733900
2020-08-19,311.3599853515625,313.5573840389721,310.7967658103232,313.0403457388199,68054200
2020-08-20,312.3293762207031,312.8094750881142,309.50412160274976,309.63336706931557,42207800
2020-08-21,313.4373474121094,313.658927181265,311.6553828469121,311.9970225596553,55106600
2020-08-24,316.6134948730469,316.68734541310374,313.40968882300405,315.8748485901053,48588700
2020-08-25,317.721435546875,317.8045279741512,316.0133494044836,317.1766997393025,38463400
2020-08-26,320.9067687988281,321.17450165786835,317.76759961775787,318.3123353958914,50790200
2020-08-27,321.6084899902344,323.0580570797185,319.9465849622059,321.7747030342196,58034100
2020-08-28,323.685791015625,323.8150646592131,321.4422114288014,322.6332589850596,48588900
2020-08-31,322.5132751464844,324.35060666428654,322.28245347132435,323.4735012045628,66099200
2020-09-01,325.5509033203125,325.6524513348711,322.4486452873158,323.3442345333608,54908700
2020-09-02,330.2596435546875,331.22908325949226,326.31719155514446,327.46208615275333,69540000
2020-09-03,318.8939514160156,329.0408614690771,316.3087321994255,328.5699763174422,148011100
2020-09-04,316.29022216796875,321.1466893699824,309.18090576668493,319.5771194288237,139156300
2020-09-08,307.6483459472656,316.3549607309717,307.3436737413122,310.8798493187982,114465300
2020-09-09,313.72357177734375,316.1887312996784,310.78749888094603,311.65539056693245,91462300
2020-09-10,308.27618408203125,316.25336585308577,307.3159581046872,315.5978402401596,90569500
2020-09-11,308.4331359863281,311.11990351849477,305.6078810919823,310.05812950649084,84680200
2020-09-14,312.4955139160156,314.2682362405836,308.5807885105292,311.5999249612927,65605700
2020-09-15,314.074462890625,315.7825208192452,312.5048641612994,314.95156838815086,52920900
2020-09-16,312.8280029296875,316.7427294770832,312.5510000169259,315.3116463788061,82096000
2020-09-17,310.0765686035156,311.79389633261354,307.44519615617884,307.9714762809404,91523300
2020-09-18,306.5067443847656,310.9933360912378,304.0224381842765,310.8821027224487,105877900
2020-09-21,303.095458984375,303.2437795741085,298.2380798999571,301.9182014330189,99450800
2020-09-22,306.1822814941406,306.73847660305466,302.0664772931383,304.57862001536944,63612100
2020-09-23,299.0816650390625,307.0166334444668,298.5810865385112,306.7385217044883,93112200
2020-09-24,299.8788146972656,302.937845386202,296.448968406663,297.7652958983576,76681300
2020-09-25,304.7268981933594,305.514810507984,298.15459715590544,299.02593448186957,71069400
2020-09-28,309.78826904296875,310.50203534951567,307.8972169129009,308.8890949296322,64584600
2020-09-29,308.1011657714844,310.3259180903288,307.40592890376666,309.58434341380087,51304000
2020-09-30,310.43719482421875,313.58892978637374,308.5739508757094,308.76860928712824,104081100
2020-10-01,312.43017578125,314.0060289873834,310.5484025217798,313.03270872151455,88698700
2020-10-02,309.4638671875,312.4024144710618,307.0073689601297,307.4801391377748,89431100
2020-10-05,314.95159912109375,315.1369786568774,311.47541457094957,311.5217523825799,45713100
2020-10-06,310.4742431640625,317.18561572731545,309.9644141027496,315.0906262164625,90128900
2020-10-07,315.87860107421875,316.6850714131168,313.40354507518236,313.43135342172144,56999600
2020-10-08,318.67803955078125,318.7429351145588,316.8982207211978,317.81595262377294,45242500
2020-10-09,321.5238952636719,321.9873865273389,319.7070174310904,320.3280798824177,59528600
2020-10-12,326.6964111328125,328.17030980233085,323.5724848688719,324.06378442537806,80388500
2020-10-13,324.5643615722656,326.73349705593574,323.60029192754826,326.55736813172996,73255500
2020-10-14,322.5249938964844,326.2329236603553,321.7926981363864,325.1390911694356,57727900
2020-10-15,322.1264343261719,322.6084550653457,318.07552513157503,318.6131625602973,60357700
2020-10-16,321.9317321777344,325.13908342610574,321.75560325500436,323.4797769752981,89501900
2020-10-19,317.0372314453125,323.82272050924837,316.138057465811,323.1923793228003,68425600
2020-10-20,318.3072509765625,321.55168968171705,317.6212929886074,318.38139712826285,60051900
2020-10-21,317.70465087890625,320.4299810784474,317.39873088079713,318.26081762227835,63575000
2020-10-22,319.44744873046875,320.0314522737697,315.7766056873438,317.9179331532719,55399300
2020-10-23,320.531982421875,320.7266408105194,318.0754846485953,320.67102412804957,49143900
2020-10-26,314.608642578125,317.9365067637999,311.1139000222835,317.1485658849641,91473000
2020-10-27,313.52398681640625,315.285247709324,313.3107706813909,314.95154762591665,65994100
2020-10-28,302.80816650390625,313.55189240092136,302.3168668136809,307.85095456057604,127094300
2020-10-29,305.88568115234375,309.05594531130174,301.35272336162404,303.0398382217238,90597700
2020-10-30,302.6968994140625,305.6168888814722,299.0445857878949,304.3098400497384,120287300
2020-11-02,306.089599609375,308.0918566976093,303.34571133877967,306.089599609375,86068300
2020-11-03,311.4938659667969,313.5517678362725,306.1729965348642,309.3247307458774,93294200
2020-11-04,318.45556640625,322.53428362589443,314.79397432552076,315.9712318810282,126959700
2020-11-05,324.66632080078125,326.473947874862,323.38708050703286,323.7393383605878,82039700
2020-11-06,324.59222412109375,325.8436562639265,322.26548878904805,324.3790079432216,74973000
2020-11-09,328.6709289550781,337.77390433814645,328.2074376824893,337.3938380999121,172304200
2020-11-10,328.1889343261719,329.24567980133196,324.91668681292754,327.67907691220296,85552000
2020-11-11,330.6268005371094,331.45180010151614,329.13434427337086,330.37649720254603,58649000
2020-11-12,327.4195556640625,330.67327403455096,325.611956349888,329.61650016441143,67546200
2020-11-13,331.95245361328125,332.6940283304285,328.80996922022456,329.3290771800801,62892200
2020-11-16,336.0960998535156,336.29075828534565,333.3336814245421,334.6222008625587,74541100
2020-11-17,334.2883605957031,335.49345458844164,332.17484203208693,333.68582774396157,66111000
2020-11-18,330.265380859375,335.1042314744775,330.2282936319934,334.5573150999779,70591300
2020-11-19,331.65576171875,332.02654902065063,328.2908110827179,329.6349468775226,59940900
2020-11-20,329.3846435546875,331.60014506825297,329.3104974100037,331.39620780880034,70417300
2020-11-23,331.35919189453125,332.6199029395009,328.95831035799966,331.19234181614615,63230600
2020-11-24,336.6985778808594,337.2454941499389,333.05554351994675,333.9083515604822,62415900
2020-11-25,336.1795654296875,336.64305680181974,335.0857325808797,336.61524845106254,45330900
2020-11-27,337.1157531738281,337.5884950330975,336.1053173094643,337.2733243638305,28514100
2020-11-30,335.6233215332031,336.6059208367198,332.9443565005629,336.33708795881,83872700
2020-12-01,339.29412841796875,340.83292278060395,338.28372087591083,338.87700326166663,74231400
2020-12-02,340.00799560546875,340.16556682393974,337.60711378492744,338.1818385379717,45927000
2020-12-03,339.9151611328125,341.30563466169116,338.81204987009494,339.9058822567246,62882000
2020-12-04,342.844482421875,342.844482421875,340.40651392671566,340.499217834335,50749900
2020-12-07,342.1400146484375,342.6313143095269,340.8700529748252,342.07511907507774,48944300
2020-12-08,343.1412353515625,343.70668128042996,340.82377835272223,340.870116176991,42458900
2020-12-09,340.06353759765625,343.95684714487703,339.22925900105616,343.7992759610222,74098300
2020-12-10,339.95233154296875,340.99979809475724,337.82025463669373,338.6916205245105,57735400
2020-12-11,339.5537414550781,339.9616160939201,336.7357345003271,338.2559713720657,57698600
2020-12-14,338.03350830078125,342.7981845770824,337.85737932801413,341.7229095602371,69216200
2020-12-15,342.60345458984375,342.60345458984375,339.2014446984404,340.5733606765333,63865300
2020-12-16,343.1412353515625,344.0589392705369,341.93614073860357,342.8167857138709,58420500
2020-12-17,345.05999755859375,345.2639348642844,343.956885989985,344.78191409140845,64119500
2020-12-18,343.6821594238281,345.5161002847388,341.67133885477017,345.3485390064458,136542300
2020-12-21,342.45343017578125,352.32133806079884,337.0260964644425,339.7630451973212,96386700
2020-12-22,341.8761901855469,342.8909048278069,340.74976800980517,342.7791972943252,47949000
2020-12-23,342.18341064453125,344.0918139440392,341.8575780688017,342.84436581711367,46201400
2020-12-24,343.5146484375,343.5425753213041,342.0717120912017,342.6581766510882,26457900
2020-12-28,346.46575927734375,346.85673569296256,345.44172607715615,346.06543601964245,39000400
2020-12-29,345.8046875,348.16926748527214,345.2181946161471,347.9923877771309,53680500
2020-12-30,346.29815673828125,347.3315083324772,345.90718033712307,346.62398934581523,49455300
2020-12-31,348.0575866699219,348.78371400805713,345.59061740637577,346.1026197103733,78520700
2021-01-04,343.31915283203125,349.51917659122995,339.62334376927595,349.3888321963932,110210800
2021-01-05,345.6836853027344,346.7728905061342,342.6302231348059,342.67678687742756,66426200
2021-01-06,347.7502746582031,350.94339886260224,343.62624515725565,344.17549263484494,107997700
2021-01-07,352.91705322265625,353.66178899148537,349.9473717579539,350.12425147477427,68766800
2021-01-08,354.9278564453125,355.14195305315735,351.05516813608017,354.3041182519428,71677200
2021-01-11,352.5353698730469,354.29482021588973,351.632362830576,351.7533887862446,51034700
2021-01-12,352.6098327636719,353.6245473333701,350.3662785938468,352.7215686990142,52547700
2021-01-13,353.55938720703125,354.55546486987174,351.75337320210355,352.5353542542608,45303600
2021-01-14,352.3213195800781,354.806926184198,351.98619693315214,354.3042138039543,49989100
2021-01-15,349.7518615722656,351.50199335982205,347.88999385755534,350.70140387922305,107160000
2021-01-19,352.4981689453125,353.0381265986138,350.72939994936974,352.2095816653885,51233300
2021-01-20,357.3763122558594,358.2141472802293,354.39731171381646,354.7882881339236,61836100
2021-01-21,357.7020568847656,358.36304045364824,356.78044135246313,357.934790375537,47840100
2021-01-22,356.43603515625,357.59970272379945,355.46785578529006,355.8495421566286,52860500
2021-01-25,357.8416748046875,358.19540580199936,352.3212155048195,357.1714012989788,70402000
2021-01-26,357.283203125,359.2009250817401,357.050469601999,358.79131180846997,42665300
2021-01-27,348.5509033203125,354.0527251063393,346.3166680370646,353.95962605082,123351100
2021-01-28,351.54864501953125,355.55165024335554,349.9288287937746,350.36634054269865,94198100
2021-01-29,344.5107421875,350.65491209093165,342.83504399028214,349.6867328043069,126765100
2021-02-01,350.2453308105469,351.2786539780254,344.79936089018344,347.9086772342032,75817600
2021-02-02,355.19781494140625,356.7524870405597,350.32904887111556,353.4290462295083,64450700
2021-02-03,355.47711181640625,357.19934519602856,354.20173693182824,356.02635940269215,52427100
2021-02-04,359.5174255371094,359.56396087599126,355.5888826824537,356.5104983071963,47142600
2021-02-05,360.93243408203125,361.6399530541466,359.47088920889945,361.3886110871411,48669800
2021-02-08,363.5389709472656,363.58550627379077,361.52815051007155,362.3845937050821,38365200
2021-02-09,363.2969665527344,363.89277790526904,362.29157040764335,362.7011552001997,35551100
2021-02-10,363.1387023925781,365.18676844469576,360.73690530404883,365.0378156036463,59154400
2021-02-11,363.7251281738281,364.63745350312536,361.29540465180236,364.218521939403,42913300
2021-02-12,365.5219421386719,365.7639656617887,362.8501376743546,362.92462830443,50593300
2021-02-16,365.2054138183594,366.94628434358594,364.4886048325737,366.7507677394015,50972400
2021-02-17,365.2892150878906,365.54055704666837,362.440530839151,363.45527392535223,52290600
2021-02-18,363.7344970703125,364.47923283154506,360.9603038015021,362.6825372104316,59712800
2021-02-19,363.09210205078125,365.2798021216173,362.64524360763886,364.99121492183093,83241000
2021-02-22,360.2992858886719,362.7104008770178,360.02930714809224,360.3272127646047,67414200
2021-02-23,360.73687744140625,362.08674292738397,353.9410715012877,358.0930286391464,107284100
2021-02-24,364.7120361328125,365.1402862668661,358.6609645823049,359.6477524392917,72433900
2021-02-25,355.9239196777344,364.8143548239755,354.4809836013045,363.44588095381306,146670500
2021-02-26,354.0899658203125,358.94944138294915,352.1071006945636,357.804410993549,152701600
2021-03-01,362.6732177734375,363.92069420530373,354.28552261817083,358.95880058810565,105348800
2021-03-02,359.84326171875,363.12945783435276,359.3405493685015,362.8967243179224,79595300
2021-03-03,355.0768127441406,360.11314003050495,354.9743952442966,359.1449892511198,119940200
2021-03-04,350.6827697753906,357.4785750729967,346.1956620928304,354.8905802752683,183433000
2021-03-05,357.13421630859375,358.18617627812586,346.9032607012722,354.1831430171617,152039600
2021-03-08,355.3560485839844,360.90440603525224,355.07677981003513,358.09299620806587,123149200
2021-03-09,360.4296875,362.9804372731695,358.69813568759565,359.2008479440805,113633600
2021-03-10,362.6732177734375,364.3675242968636,361.36062596963234,362.7756352759854,109899400
2021-03-11,366.35040283203125,368.32397808065963,364.68402325858307,365.1402001712224,86245000
2021-03-12,366.84381103515625,366.9834454384432,364.181353712992,364.9912616619042,64653600
2021-03-15,369.03155517578125,369.2922155627964,364.95405965687513,367.0951965209388,73427200
2021-03-16,368.56610107421875,370.3534785306605,367.79340990754196,369.64598797533466,73722500
2021-03-17,369.8228454589844,370.62343505257456,366.1363264084717,367.2813854421712,97959300
2021-03-18,364.44207763671875,369.32016304138693,363.7624855423874,367.23487982898274,115349100
2021-03-19,363.7677307128906,365.7197518785145,361.5915342319768,364.14131823450606,113624500
2021-03-22,366.6723937988281,368.0546989422797,364.2253628242193,364.28139952570655,73778600
2021-03-23,363.7864074707031,367.4849724644324,363.00186510857276,366.0373101003052,90686600
2021-03-24,361.9371643066406,366.8219067698672,361.8904765471702,365.1874361477227,97588600
2021-03-25,363.97314453125,364.76700718739,358.55602665416086,360.4987270317707,116128600
2021-03-26,369.83856201171875,370.2401678212908,364.52419698725413,365.1219312266108,114409100
2021-03-29,369.65179443359375,370.5577590931056,366.877863754709,368.3628933197625,108107600
2021-03-30,368.671142578125,369.3436115196959,367.0740110275809,368.3816101105084,76262200
2021-03-31,370.1654968261719,371.72526109112226,369.2128443577868,369.2408627097128,112734200
2021-04-01,374.16290283203125,374.2189680327331,371.89333106228867,372.0988084552015,99682900
2021-04-05,379.5333251953125,380.0750513069228,376.7500740458587,376.8247801459603,91684800
2021-04-06,379.30914306640625,380.3551993878055,378.6366742165215,378.9729228929124,62021000
2021-04-07,379.74810791015625,380.0936770263506,378.68338221439245,379.1410247193097,55836300
2021-04-08,381.55072021484375,381.60675691392385,380.06569068342264,380.99967367195654,57863100
2021-04-09,384.3246765136719,384.49281512504706,381.3079295009663,381.4293518580536,61104600
2021-04-12,384.4646911621094,384.7355256503982,383.11975365796326,383.72683677373504,56704900
2021-04-13,385.604248046875,386.2300292636302,383.9791265777558,384.3620630681728,56551000
2021-04-14,384.287353515625,386.6316316879288,383.74562736217496,385.57622623649513,61659900
2021-04-15,388.41546630859375,388.68632933197097,386.379390415515,386.4260781596265,60229800
2021-04-16,389.7137451171875,390.3208283501207,388.28475230611167,389.7043961665137,82037300
2021-04-19,387.7990417480469,389.228034481116,386.4728019580856,388.77974091961784,78498500
2021-04-20,384.9598083496094,387.68702290879025,383.4840991609738,386.5849297445035,81851800
2021-04-21,388.6023254394531,388.80780284580254,384.2032448539139,384.34336511048394,66793000
2021-04-22,385.05316162109375,389.26543407718646,383.9884358212958,388.43420402767475,97582800
2021-04-23,389.22802734375,390.6383506535276,385.5388119647193,385.6135180559668,73209200
2021-04-26,390.0406494140625,390.61039389838606,389.2934743721866,389.8818882565418,52182400
2021-04-27,389.9566345214844,390.53572801691536,388.8171739383842,390.33957103332745,51303100
2021-04-28,389.844482421875,391.34820981136744,389.37749094113417,390.22741885643023,51238900
2021-04-29,392.3288879394531,392.94532012603673,388.94787411541165,392.5717326349584,78544300
2021-04-30,389.7510681152344,390.90922633880604,388.8544524767412,390.05929844599274,85527000
2021-05-03,390.59173583984375,392.1234532710356,390.09672594707484,391.74051678751226,68128300
2021-05-04,388.18206787109375,389.0973816088314,384.49285157188143,388.6023716850221,101591200
2021-05-05,388.3034362792969,390.05932889798106,387.74304077290196,389.82583314555814,60162200
2021-05-06,391.4042053222656,391.53494810160834,386.37002400822354,388.3780814635263,74321400
2021-05-07,394.2528991699219,394.90669867070073,391.48831747234374,392.17013532299035,67733800
2021-05-10,390.34881591796875,394.83192244153906,390.22739358037734,394.60777566622943,81852400
2021-05-11,386.86505126953125,387.85507086903533,382.9890279126543,385.82834392591514,116888000
2021-05-12,378.6460266113281,385.3520172707222,377.32910724736956,384.08181415543856,134811000
2021-05-13,383.19451904296875,385.1278705672436,380.14972554113865,380.1964417898234,106394000
2021-05-14,389.07855224609375,389.9284800362055,385.9030163453545,385.9310346899563,82201600
2021-05-17,388.0885925292969,388.9011816537385,386.0711858984487,387.9671986859142,65129200
2021-05-18,384.7449645996094,388.59297005214694,384.5861749461466,388.3501253478743,59810200
2021-05-19,383.7362976074219,383.91375668350884,378.5713720050292,380.05643027394746,106467100
2021-05-20,387.86444091796875,389.1253236094422,384.49277612741383,384.61416996928796,78022200
2021-05-21,387.5469055175781,390.59169919664373,387.0892629717918,389.3494858539395,76578700
2021-05-24,391.4976806640625,392.5717554519268,389.54563104164197,389.7884757512618,51376700
2021-05-25,390.6290283203125,392.9359673967326,390.0499634392748,392.5810493076067,57451400
2021-05-26,391.4042053222656,391.9085355463097,390.1806900517041,391.21739734846744,43088600
2021-05-27,391.6097106933594,392.9452994425397,391.3294987126263,392.4316202322079,56707700
2021-05-28,392.3102722167969,393.44038379537267,392.0767764400637,393.1788696655476,58520200
2021-06-01,391.9646301269531,394.81326667212426,391.5256570082224,394.67317493272026,54216600
2021-06-02,392.58111572265625,393.4217233403322,391.6097937914491,392.61848302859596,49097100
2021-06-03,391.1239929199219,392.263453151856,388.79838471410426,390.26474464836855,58138800
2021-06-04,394.70123291015625,395.0001143194918,391.18944760771376,392.973358609629,55938800
2021-06-07,394.3182373046875,394.8692837876168,393.3842544177777,394.69182475887226,51555000
2021-06-08,394.40228271484375,395.27087993776814,392.57168428200526,395.17747595077844,47134300
2021-06-09,393.8139343261719,395.31766180851946,393.58978752250255,395.24292720536323,48436300
2021-06-10,395.64453125,396.5972121670287,393.7205285195885,395.0374479909109,51020100
2021-06-11,396.29840087890625,396.4104743000566,394.9067750614484,396.19567641048667,45570800
2021-06-14,397.1855773925781,397.2883018302443,395.1681709071251,396.4103556235315,42358500
2021-06-15,396.45709228515625,397.3723773329353,395.5791460332352,397.33503853707737,51508500
2021-06-16,394.2435607910156,396.8213630595682,392.19816419002484,396.59721625461583,80386100
2021-06-17,394.11279296875,395.0934636810587,391.6377438115296,393.832609480347,90949700
2021-06-18,388.7961120605469,391.5228695274807,388.589962401601,390.82947003654994,118676300
2021-06-21,394.3620910644531,394.5495102417298,389.742497165714,390.5577162541795,72822000
2021-06-22,396.47039794921875,397.30437604962555,393.63117206610633,394.352710107166,57700300
2021-06-23,395.9925231933594,397.3512120232172,395.9081931498081,396.5453725429614,49445400
2021-06-24,398.3350524902344,398.756702636822,397.88526373773,398.13828242182683,45110300
2021-06-25,399.75,400.1997887962621,398.75674142988316,399.08471063989845,58129500
2021-06-28,400.5558776855469,400.72453776466034,399.07536933086004,400.274777553691,53159600
2021-06-29,400.7713623046875,401.577201657203,400.23724351738144,400.9400223650543,35970500
2021-06-30,401.1087341308594,401.78340305544015,400.2841356012442,400.3122456149289,64827900
2021-07-01,403.32952880859375,403.4888379572731,401.80215127327483,401.8677508401516,53441000
2021-07-02,406.412353515625,406.7684327334074,403.41381877275404,404.49143596219454,57697700
2021-07-06,405.672119140625,406.68413685470637,402.9359824093808,406.4686076794865,68710400
2021-07-07,407.10577392578125,407.38690265779184,404.3415272693066,406.35615449938257,63549500
2021-07-08,403.7886657714844,404.5476647115918,400.60271181491555,401.7833895422592,97595200
2021-07-09,408.0990295410156,408.39888874783514,403.59187628680496,405.29729335492465,76238600
2021-07-12,409.5608215332031,409.8138402584851,407.58368379970483,408.0147135517589,52889600
2021-07-13,408.1646728515625,410.27300986948524,407.9023031665115,408.77374227084334,52911300
2021-07-14,408.773681640625,410.3479281135863,407.52743297051677,409.8606497735151,64130400
2021-07-15,407.3775634765625,408.1084524983558,405.47537611239835,407.4337835093042,55126400
2021-07-16,404.1822509765625,408.60507458251783,403.7887107543716,408.5582340881167,75874700
2021-07-19,398.21331787109375,404.24784908958907,395.40220190953943,399.35650617263855,147987000
2021-07-20,403.9197998046875,405.19418699140346,398.08203985333273,398.8785282705121,99608200
2021-07-21,407.1900634765625,407.33064212666307,403.87296781863677,405.11921642523396,64724400
2021-07-22,408.0428161621094,408.28645534613815,406.3842681533673,407.36814723384765,47878500
2021-07-23,412.24078369140625,412.57810387739073,409.2891176794418,409.973137588627,63766600
2021-07-26,413.2527160644531,413.26209560038063,411.6035477215418,411.6503882088871,43719200
2021-07-27,411.3693542480469,412.2407933450638,408.5394791728748,412.21268332890685,67397100
2021-07-28,411.2005920410156,412.57803977875034,409.7763038167769,411.9970804846023,52472400
2021-07-29,412.906005859375,413.98359440615155,412.1188969574822,412.1282764931705,47435300
2021-07-30,410.9007873535156,412.3531856804309,410.207359374989,410.33855849930256,68951200
2021-08-02,410.0387268066406,413.16843236981356,409.68264755521176,412.61558301486065,58783300
2021-08-03,413.3746032714844,413.49642287388605,408.6425694296475,410.8352364844253,58053900
2021-08-04,411.3412170410156,413.34646478534535,411.1069573898092,412.0908364864167,46732200
2021-08-05,413.94622802734375,414.03055807936875,412.18459068419423,412.50318041278376,38969700
2021-08-06,414.63018798828125,415.0518667835452,413.983629086822,414.2647578157139,46930000
2021-08-09,414.2928771972656,414.920677039973,413.5244986888596,414.60208735027624,41222600
2021-08-10,414.8081970214844,415.5203554334606,414.0585776586694,414.742597463298,43339300
2021-08-11,415.8389587402344,415.93266831269824,414.75199061117655,415.87644828844924,44034300
2021-08-12,417.08526611328125,417.22584478983765,414.78953854358605,415.6890876543333,38909400
2021-08-13,417.84423828125,417.86296875743454,417.0477498031309,417.5349995492506,39470300
2021-08-16,418.82806396484375,418.95923447372246,414.98620072147236,416.5416879310771,73740000
2021-08-17,416.0826416015625,416.94470112800127,413.0934860818038,416.2700321700211,92673900
2021-08-18,411.5285949707031,416.6354666486862,411.2849843863083,415.07059964436183,89351900
2021-08-19,412.1658020019531,413.36523891211175,408.6612866430519,408.8018367196642,92812200
2021-08-20,415.4454345703125,415.7734038110684,412.02524927934286,412.512527670003,72008700
2021-08-23,419.099853515625,420.00878201499984,415.52035954108516,417.132066923601,54973000
2021-08-24,419.76513671875,420.2992555252089,419.2497769837676,419.76513671875,38744700
2021-08-25,420.6459655761719,421.1613253238744,419.57772793688787,419.952566221922,40529700
2021-08-26,418.1628723144531,420.599149899653,418.0691627312955,420.3648902398338,57829600
2021-08-27,421.9016418457031,422.2764515773078,418.9124863376052,418.9687063675384,77235100
2021-08-30,423.7569580078125,424.5440669661629,422.33264109600447,422.5762802722132,48357400
2021-08-31,423.1292419433594,424.0006811719087,422.52955197611163,423.6633609271109,59300200
2021-09-01,423.35400390625,424.58152211457764,423.11974426960506,424.0661623524176,48721400
2021-09-02,424.65643310546875,425.4622724001357,423.4570251020545,424.7782526723702,42501000
2021-09-03,424.55340576171875,425.068794112329,423.1197379507082,423.5226862527916,47170500
2021-09-07,423.03546142578125,424.3004693240175,422.3607924531319,424.20675973967593,51671500
2021-09-08,422.52001953125,423.23217791852863,420.59907351191805,422.5012890564802,56181900
2021-09-09,420.71160888671875,424.0755740928611,420.4679696953391,422.3233164530745,57970400
2021-09-10,417.39447021484375,423.06354222411983,417.27265062322766,422.64189201792766,89948200
2021-09-13,418.4626770019531,420.6553724465294,416.1481905625877,420.3930027876443,83738600
2021-09-14,416.20440673828125,420.11184130334044,415.31420871709963,419.9056916877061,78197100
2021-09-15,419.6808776855469,420.17750702921626,415.520423766594,416.62612251723135,78792200
2021-09-16,419.01556396484375,420.1306135920383,416.0638694935535,419.15611403582216,77786700
2021-09-17,414.93389892578125,418.665861109797,414.5766789216659,418.2428600689456,118425000
2021-09-20,408.01519775390625,410.38408955076596,403.1457660287209,408.8048283528595,166445500
2021-09-21,407.6298522949219,411.6532253331846,407.10343179928117,410.3559645804395,92526100
2021-09-22,411.6061706542969,413.64607141513255,407.7426174898221,409.9046994331068,102350100
2021-09-23,416.6070861816406,418.21457587681755,413.2417542643849,413.4767643579511,76396000
2021-09-24,417.29339599609375,418.0078359804858,414.7552750846295,414.97149473457984,62094800
2021-09-27,416.09954833984375,417.4249802239827,415.40389884937827,416.25933916263614,61371100
2021-09-28,407.7143859863281,413.65544911085703,406.98115550934745,413.32642918282806,130436300
2021-09-29,408.4006042480469,410.83530568589765,407.8365742138815,409.09622503378733,82329200
2021-09-30,403.40899658203125,410.58148154628566,403.07056708218,409.8764511666684,140506000
2021-10-01,408.20318603515625,409.8858665977476,401.61352150069314,405.1386734490561,129240100
2021-10-04,402.9390563964844,407.9400510802801,400.79573607630226,407.0376200476218,128570000
2021-10-05,407.1315612792969,409.3782432393912,403.64401892844825,404.4430304326626,90682500
2021-10-06,408.8236389160156,409.0304489893108,401.90495407806975,403.5312059070278,113032200
2021-10-07,412.3581237792969,415.1970354491902,411.92571322947015,412.10432319982914,72437500
2021-10-08,411.6061706542969,413.51448064643256,410.976359506261,413.1290605510576,74557400
2021-10-11,408.626220703125,413.8622533457,408.5604109808945,410.9481219621356,65233300
2021-10-12,407.62042236328125,409.9517335045939,406.8307916592311,409.5475229098595,71181200
2021-10-13,409.0868835449219,409.9047143211053,405.665150493523,408.6450632915193,72974000
2021-10-14,415.96795654296875,416.11836647826146,412.2829848477017,412.7530051375808,70236800
2021-10-15,419.1358947753906,419.5025243769304,417.4626236667043,418.0830539008593,66260200
2021-10-18,420.3766784667969,420.7150792484789,416.6917073911921,417.34974716147195,62213200
2021-10-19,423.619873046875,423.68565408047556,421.39195292020696,422.0030022074686,46996800
2021-10-20,425.2837829589844,425.58460284430237,423.9677318204224,424.0805321054758,49571600
2021-10-21,426.39306640625,426.61866699878703,424.24977471384966,424.6821854121344,41305400
2021-10-22,425.95111083984375,427.4081907045908,424.0052202839226,425.96052042413305,58845100
2021-10-25,428.2354431152344,428.56446303148596,425.26494034706053,427.0416019944035,45214500
2021-10-26,428.6209411621094,430.9992429391153,428.2449306270115,429.7866111150071,56075100
2021-10-27,426.72198486328125,429.7489164065924,426.6467655584889,429.0814956872959,72438000
2021-10-28,430.8394470214844,430.91463765251365,428.14153488698594,428.1509157860117,51437900
2021-10-29,431.71356201171875,432.00497224630874,428.2448105739149,428.5362208085048,70162400
2021-11-01,432.45623779296875,433.07666796283195,430.7265667229376,432.70062881424144,48433600
2021-11-02,434.2046813964844,434.51491081247156,432.4938008795022,432.62542031361994,48908400
2021-11-03,436.8556213378906,437.25983186693117,433.19885003088245,433.6406702124122,52509800
2021-11-04,438.914306640625,438.99890684181076,437.1094162853852,437.4572266750685,52847100
2021-11-05,440.437255859375,442.4301374982926,438.92380414430136,441.14228636490327,66390600
2021-11-08,440.81317138671875,442.0352412122443,440.1269602027339,441.5370209098921,50405200
2021-11-09,439.35614013671875,441.41483115793073,437.946079365355,441.1798210293701,51149100
2021-11-10,435.82159423828125,439.35615587855733,434.3363427951768,437.6640656796384,69429700
2021-11-11,435.9625244140625,437.3914041770928,435.9437339337223,437.3161848802195,34848500
2021-11-12,439.252685546875,439.80730596328203,436.28215431749,437.23160434083906,53466700
2021-11-15,439.4031066894531,440.7003671182999,438.2750753466251,440.5405763047511,46980500
2021-11-16,441.1423034667969,442.2797446939039,439.0648215292093,439.1400121634308,48857500
2021-11-17,440.07061767578125,441.0576488248933,439.4501874408848,440.87903881691875,47858300
2021-11-18,441.5653076171875,441.82851785332514,438.37855602360526,441.10466818812347,50625600
2021-11-19,440.775634765625,442.70270645083684,440.4090051747564,441.4524364328998,57315600
2021-11-22,439.5347900390625,445.1468335661726,439.32797995964046,442.65573171479053,72762000
2021-11-23,440.1175537109375,440.9729939884895,436.6018115031317,439.2057132997234,73206500
2021-11-24,441.2926025390625,441.4148123907597,437.29743052339023,438.1152611459688,61858800
2021-11-26,431.4503479003906,436.08474023421417,430.32228793387577,434.61827949039883,112669600
2021-11-29,436.7428283691406,438.5852997432788,434.0449166850697,436.24460804442816,86268800
2021-11-30,428.244873046875,436.207017697208,428.0004533224309,434.29873651759567,148559600
2021-12-01,423.48828125,436.80866888995706,423.290880760792,433.9603470803366,131939200
2021-12-02,429.97454833984375,431.54442870471775,423.3096641820062,423.7044938415965,127637800
2021-12-03,426.23321533203125,432.70067046910617,422.00303269299377,431.63844870413465,137331600
2021-12-06,431.28125,433.16133126579666,426.36482716234684,428.7807384739588,98977500
2021-12-07,440.2021484375,440.76617845486504,431.14955415645403,436.5641964227451,95484700
2021-12-08,441.3678283691406,441.8190581603877,438.83911699656346,440.5970169214314,72238800
2021-12-09,438.3879699707031,441.471302205169,438.19056946357745,440.08003169302344,61272600
2021-12-10,442.5146789550781,442.66508888548304,438.53832579208637,441.0952372334483,77159800
2021-12-13,438.5946960449219,442.3454484006168,438.3126666867193,441.99763801115,87724700
2021-12-14,435.57720947265625,437.814510746309,432.6536969041149,435.32340883194223,97264100
2021-12-15,442.383056640625,442.6274476583098,433.1142425689226,435.6335728638,116899300
2021-12-16,438.4819030761719,444.5169470262026,436.93081329963405,444.23494635106454,116568600
2021-12-17,433.8152160644531,438.40929266529145,432.1077672413191,435.400025670144,135511600
2021-12-20,429.2023010253906,429.5984890492109,425.57986657914137,428.73062942371416,107134800
2021-12-21,436.824462890625,436.9659586009306,430.4568968299471,432.62657449075914,69806300
2021-12-22,441.192138671875,441.30533523820264,436.37164043974565,436.56976321936594,58890200
2021-12-23,443.9372863769531,445.4371985113299,442.0883418877811,442.19209581442925,56439700
2021-12-27,450.2199401855469,450.2670958254494,445.26738887680665,445.3145445167092,56808600
2021-12-28,449.85205078125,451.6821388256294,449.0879451201847,450.65389822973356,47274600
2021-12-29,450.42755126953125,451.4463493259037,448.9559380833534,449.95587963835754,54503000
2021-12-30,449.1822814941406,451.8613726077948,448.72005255913206,450.85198851964896,55329000
2021-12-31,448.0502624511719,449.8426087104167,447.7767136605498,448.69175768390534,65237400
2022-01-03,450.6444091796875,450.77649102777576,447.0031187538817,449.31429199851436,72668200
2022-01-04,450.4934997558594,452.78584543871375,448.635112640116,452.06889544831097,71178700
2022-01-05,441.843017578125,450.8991165177179,441.7486775164381,450.1255683158479,104538900
2022-01-06,441.4279479980469,444.1447805813084,439.060147736231,441.38079236108484,86858900
2022-01-07,439.68280029296875,442.61661242591146,438.3243838694435,441.43743350191716,85111600
2022-01-10,439.1357116699219,439.35266218590664,430.7305201228873,436.4849195241094,119362000
2022-01-11,443.13543701171875,443.2297770827889,435.8716833675285,438.8715364116939,74303100
2022-01-12,444.33343505859375,446.38994479619777,442.3712941726711,444.8711475087788,67605400
2022-01-13,438.211181640625,446.0881025089078,437.18294108680465,445.4371934481838,91173100
2022-01-14,438.3903503417969,438.7393826378516,433.8434302738768,435.06035077754933,95890900
2022-01-18,430.62677001953125,433.90017239330075,429.51363184456824,433.69263571758285,109709100
2022-01-19,426.1553039550781,433.56996792093884,425.88172635771065,432.17383836585805,109357600
2022-01-20,421.4385681152344,432.7492436968586,419.31604594789405,428.0419704136264,122379700
2022-01-21,413.1654052734375,422.6742906855869,413.1371061330772,420.3159330270776,202271200
2022-01-24,414.9200134277344,415.4294267475225,396.9210402768621,407.5525063368311,251783900
2022-01-25,409.85430908203125,414.80686073493035,402.9490301538802,408.52419175491247,167997300
2022-01-26,408.82611083984375,418.88215354974477,404.56218083601084,415.75024698500334,186391100
2022-01-27,406.80731201171875,416.57091988117384,405.1187484129023,413.42959969479165,149878300
2022-01-28,416.9105224609375,416.95767810367454,403.5810789597359,408.1657129140467,164457400
2022-01-31,424.41949462890625,424.76852696731544,414.89172362734763,416.2406973417306,152251400
2022-02-01,427.28729248046875,427.9287589149775,421.61779092107525,425.1458850994215,123155400
2022-02-02,431.43798828125,432.1643521308704,427.38159553014776,429.6927977248774,117361000
2022-02-03,421.2970275878906,427.30611843415994,420.45743842360054,425.40057576602374,118024400
2022-02-04,423.2779846191406,427.1268111103352,418.6838803631862,421.06112297377075,118454400
2022-02-07,421.9196472167969,425.43829858096694,420.58952998140325,424.04216920738406,84472900
2022-02-08,425.3911437988281,426.31563040935833,419.99522006477935,421.4196773714475,81012000
2022-02-09,431.6172180175781,431.93795122288446,429.23056108197864,429.4286550758493,92589900
2022-02-10,423.86297607421875,431.7776105996194,421.86309308439786,425.7685189857641,140103700
2022-02-11,415.5049133300781,426.0231836326423,414.0710421144383,423.947845988049,153214600
2022-02-14,414.1464538574219,416.5802950386649,410.67495835599806,414.99548562999905,123006300
2022-02-15,420.82537841796875,420.99517327307245,418.0708037959125,418.5896597934599,88482700
2022-02-16,421.2970275878906,422.67430043142383,416.9010453564432,418.77828888356663,84863600
2022-02-17,412.2975769042969,421.2687799533193,411.6938522260274,418.10857447395847,102259100
2022-02-18,409.6279296875,413.8069331704449,407.3544691120626,412.5522705879942,132642900
2022-02-22,405.2319641113281,410.82598263729784,401.7321399493936,407.4205273459961,124391800
2022-02-23,398.04364013671875,408.71284849771104,397.477628508236,408.1468368692283,132578000
2022-02-24,404.0338439941406,404.46780255410187,387.3744299437548,387.732876144503,213942900
2022-02-25,412.9484558105469,413.0333532377554,403.6187784215898,405.2696289017005,121804500
2022-02-28,411.8919372558594,413.37299295759,406.29791910816897,407.55255287050466,145615000
2022-03-01,405.61871337890625,412.4013531876371,402.9112942533806,410.39202759579075,137785900
2022-03-02,413.08050537109375,414.806810499793,407.11857033694304,407.8732332677147,117726500
2022-03-03,411.0240173339844,416.1180643570966,409.22222854392,415.5143397383029,105501700
2022-03-04,407.6845703125,408.8165646764018,403.6376206493303,407.2883535725804,113978200
2022-03-07,395.6663818359375,407.80720269087345,395.60034091096946,407.09969537962036,137896600
2022-03-08,392.6665344238281,403.0055659240811,391.6005521986846,395.84559581407734,164772700
2022-03-09,403.19427490234375,405.1753011556901,398.86433355936276,401.05289644474624,116990800
2022-03-10,401.3736877441406,402.269846539242,396.61922980556955,398.5813710564199,93972700
2022-03-11,396.2701110839844,404.47717812137785,395.76069779012516,403.8640109133582,95636300
2022-03-14,393.37408447265625,400.4963135753872,392.2326473482891,397.04370305998077,95729200
2022-03-15,402.02459716796875,402.6566210107506,394.71368713234256,395.9871774625465,106219100
2022-03-16,410.9391174316406,410.99571571466925,400.7321381601262,405.5337798825797,144954800
2022-03-17,416.08038330078125,416.08038330078125,408.64683443641115,409.02416595069127,102676900
2022-03-18,420.6375732421875,420.9593028336933,413.7297868077792,414.4678791360529,106345500
2022-03-21,420.5145263671875,422.473290713241,417.0038306242203,420.46719536181837,88349800
2022-03-22,425.43524169921875,426.37204353660803,421.9056299675631,421.9056299675631,74650400
2022-03-23,419.956298828125,424.3943252385868,419.871137651901,422.89922534823637,79426100
2022-03-24,426.28680419921875,426.2962761766024,420.86467470667094,421.98127067470915,64736900
2022-03-25,428.3686828613281,428.64311034533864,424.3375472885619,426.92088512262796,77101300
2022-03-28,431.4156799316406,431.4156799316406,425.8799725760659,427.7725201247763,68529800
2022-03-29,436.7525634765625,437.2446442247765,432.61735251287416,435.3047660404294,86581500
2022-03-30,434.0557861328125,436.42147053755207,431.94558524771077,435.60766008577025,79666900
2022-03-31,427.37506103515625,434.1125250531456,426.9208392701977,433.2892715675178,121699900
2022-04-01,428.5863342285156,429.0973012788602,425.00942048618305,428.9553659870978,89048800
2022-04-04,432.2578125,432.36191762304253,427.96175071510544,428.78500420961205,59601000
2022-04-05,426.7978515625,433.2325015603828,425.6528684021026,430.7627409154782,74214500
2022-04-06,422.5301513671875,424.81067460735846,419.64402793365923,422.88029691792224,106898000
2022-04-07,424.6592102050781,426.4760682966739,419.7007455820255,421.65006696641547,78097200
2022-04-08,423.5237731933594,426.4193687220367,421.981342273067,423.90227693918933,79272700
2022-04-11,416.2847900390625,421.0918483203158,415.78326607146334,420.2496507622423,89770500
2022-04-12,414.7423095703125,421.80150331220403,413.19040683522564,419.2749398176844,84363600
2022-04-13,419.49261474609375,420.2496221966037,414.3164961668285,414.4962904899716,74070400
2022-04-14,414.26922607421875,420.8363687322028,414.1651209368808,419.71974367105213,97869500
2022-04-18,414.439453125,416.12381899160926,412.20623239424935,413.3417722746959,66002500
2022-04-19,421.12969970703125,421.8488481574368,414.16510952795005,414.33543188109996,77821000
2022-04-20,420.8174133300781,423.5237714134591,419.6535150384919,422.90869921932216,65224400
2022-04-21,414.52459716796875,425.83257786440146,413.6161826279086,424.44155456338234,85417300
2022-04-22,403.1504821777344,414.54359749502777,402.5827121441921,413.43647336370464,132471800
2022-04-25,405.48785400390625,405.65817638185695,396.3373723263706,400.9078916139694,119647700
2022-04-26,393.7445068359375,403.1504700703284,393.71611977901205,402.95173179386785,103996300
2022-04-27,394.85162353515625,400.19809313911514,392.7130645715548,394.82323647876274,122030000
2022-04-28,404.8254089355469,406.55710623337256,395.16396112082083,399.601987737978,105449100
2022-04-29,389.86474609375,402.98955707599237,389.1171818200173,400.832054296418,145491100
2022-05-02,392.2115173339844,393.5741537158079,383.25974771045304,389.93099434604335,158312500
2022-05-03,394.0094299316406,396.4224162058567,391.1516650055243,392.71303964199615,100028200
2022-05-04,406.0081787109375,406.5759486887727,391.48287209472454,394.67180974349054,144247900
2022-05-05,391.5775451660156,402.16635092774,387.44233342518896,401.7405161814466,172929100
2022-05-06,389.2402648925781,392.5143641838962,383.9316826887412,389.01316841951103,151770800
2022-05-09,376.77783203125,384.5751184962438,375.19754216123187,383.3355021930368,155586100
2022-05-10,377.64837646484375,384.26282054447404,373.60779806565324,382.7582487909865,132497200
2022-05-11,371.6490478515625,382.3324875102671,370.90148343777554,376.6832315730373,142361000
2022-05-12,371.26104736328125,374.53514652082424,364.4573366484498,368.45061311196713,125090800
2022-05-13,380.1370849609375,381.5186365245012,374.35533743902573,375.39624432033366,104174400
2022-05-16,378.5946960449219,382.26624315358947,376.2384834313431,378.4906197842672,78622400
2022-05-17,386.38250732421875,386.6190757634291,380.9508763229202,384.68866921363724,83029700
2022-05-18,370.8067932128906,382.1053033485448,369.5671769928699,381.82143279357103,117674500
2022-05-19,368.5357360839844,372.96431881468,366.31198717995636,367.7408696651366,98510700
2022-05-20,368.6966247558594,375.6990443299585,360.09500032544264,372.12213091455766,131432200
2022-05-23,375.5950012207031,376.3614806717681,369.406362617675,371.72471605038334,76414900
2022-05-24,372.72772216796875,373.9200072669515,366.1700241726604,371.4691621082922,91448800
2022-05-25,376.0207214355469,377.9889866199644,370.83516078770685,371.2325795128448,91472900
2022-05-26,383.5342102050781,385.1712741839689,377.04278616008014,377.25096753960395,82168300
2022-05-27,392.9496154785156,393.0631636990263,385.7957888065358,385.9944981924295,84768700
2022-05-31,390.74481201171875,394.08515718858496,388.00062391684565,391.33149711527295,95937000
2022-06-01,387.584228515625,393.87694263717856,385.06713709140746,392.8644517588874,86585800
2022-06-02,394.9652099609375,395.01251209671574,385.1712709822698,387.42340710258367,79609600
2022-06-03,388.48321533203125,391.795173302903,387.50855457000824,390.24327056369185,71874300
2022-06-06,389.66607666015625,394.22709420031765,388.49267756993027,392.49542593941146,57508900
2022-06-07,393.40386962890625,393.85809145966977,385.71065883338656,386.17435264332806,59272400
2022-06-08,389.12664794921875,393.479512475004,388.3317815558461,391.69104143143073,64350000
2022-06-09,379.87213134765625,389.61873928900354,379.87213134765625,387.34768809546443,86289800
2022-06-10,368.8574523925781,374.5161791416106,368.8101502618891,373.6645386433497,132893900
2022-06-13,354.8526306152344,361.2967520769685,353.2439538052529,359.4420637467876,170004900
2022-06-14,353.78338623046875,357.63472758428236,350.6796092755737,356.6032925923492,104011800
2022-06-15,358.8270263671875,363.2744957746672,352.12739188091416,357.0858572117837,125666800
2022-06-16,346.9512023925781,351.0107241373277,344.51927236083463,350.6038334285706,134473300
2022-06-17,347.6991882324219,351.0444787331084,344.19238154711957,347.3665849634016,111113900
2022-06-21,356.4520263671875,357.83954577017596,353.35383919081494,353.4298843377524,76811900
2022-06-22,355.8057861328125,359.9208378596493,351.8047441204501,352.2229054186672,90059400
2022-06-23,359.2936096191406,360.0253774175742,354.380257681737,357.944112743824,79292100
2022-06-24,370.71685791015625,370.72637080235444,362.43922056448156,362.4677302383559,98050300
2022-06-27,369.3009033203125,371.93339374615164,368.20799359853146,371.6387840560035,66009600
2022-06-28,361.7550048828125,373.64403342980467,361.6409661729738,370.85948192125505,86548900
2022-06-29,361.4604187011719,363.2946090766125,359.6357412197438,362.3062541919747,65676000
2022-06-30,358.5238037109375,361.76453925396646,354.06660685286846,357.563929508268,112508300
2022-07-01,362.3157043457031,362.7528913914141,355.2450145074344,357.86802077080847,74839700
2022-07-05,363.0,363.01902578805715,354.3897288005455,357.22181596212545,81438000
2022-07-06,364.2259521484375,366.715894004098,360.7571393570924,363.14252639295074,70426200
2022-07-07,369.6810607910156,370.47936086311995,364.2449925833958,366.0031669220348,64525900
2022-07-08,369.376953125,371.24916611652566,366.5163562235368,368.04642405277673,72397800
2022-07-11,365.1573486328125,367.6662874925925,364.4635744126361,366.696929365384,58366900
2022-07-12,361.9260559082031,366.99149752590097,360.1773947183314,364.60608154818266,62219200
2022-07-13,360.025390625,362.96203282628903,356.06239989210513,356.48056122161495,84224600
2022-07-14,359.1510925292969,360.2344894812079,352.6221141267699,355.06452096685234,89704800
2022-07-15,366.0126647949219,366.12670351443825,361.6505097570627,363.56071631441466,79060400
2022-07-18,362.99053955078125,369.7761047012278,361.7645652536722,369.1013562443131,63203600
2022-07-19,372.7981872558594,373.36840979135206,366.2597263907414,366.9154489534266,78506000
2022-07-20,375.1741638183594,376.5902220427515,371.6198214217243,372.98834417392436,71843800
2022-07-21,378.99462890625,379.04213537491796,372.1900378364041,374.5944510061109,64903900
2022-07-22,375.4783020019531,380.3156383047251,373.2544596880856,379.1182025989379,72197300
2022-07-25,375.9344482421875,376.78976766133366,373.6915803624673,376.10550632547137,53631500
2022-07-26,371.48675537109375,374.4993845551237,370.59341339787153,374.29030390175836,52946400
2022-07-27,381.1329345703125,382.8815960228277,374.4898888264092,374.78449853291994,82342100
2022-07-28,385.9132080078125,386.6069531734175,378.3863339855172,381.94070485844315,73966600
2022-07-29,391.5394287109375,392.5278128008071,386.57854047512916,387.34833097700186,87003700
2022-08-01,390.3798828125,392.88885045045953,388.1275312754867,388.84030221771746,69997500
2022-08-02,387.8044128417969,392.49919977922883,386.62597416207234,388.81179345563703,63435400
2022-08-03,393.87725830078125,395.0461841555904,389.6481388511842,389.9332356443753,67820600
2022-08-04,393.61114501953125,394.48546115765066,391.96700956030446,393.8011998743411,45656600
2022-08-05,392.9458923339844,393.59213106466996,389.2679987016488,389.3250180600784,56814900
2022-08-08,392.4897155761719,396.88989316531894,391.387292955347,394.63754145835884,53886100
2022-08-09,390.93115234375,392.26165245097286,389.8572393634721,391.7579620888554,44931800
2022-08-10,399.14227294921875,399.28485036063125,396.03460162898654,397.9923437821938,68665700
2022-08-11,399.14227294921875,403.85608634972215,398.40099222133176,401.993357133819,59489700
2022-08-12,405.89935302734375,406.0038788583054,400.130652464098,401.0810138483799,61694500
2022-08-15,407.5719909667969,408.09470715752286,403.62799681331194,403.685016179176,54048300
2022-08-16,408.37030029296875,410.29953275176706,405.69027421639345,406.4980871972697,59289000
2022-08-17,405.4716796875,408.18021543915523,403.4664310836019,404.7684215424708,63563400
2022-08-18,406.65008544921875,407.3343177003201,404.3787081612712,405.671185528094,49023200
2022-08-19,401.1855163574219,404.1506388492187,400.31117123671885,403.884538856435,68016900
2022-08-22,392.8318176269531,396.5192238154388,391.928962863326,396.348136753099,77695600
2022-08-23,391.8815002441406,394.7991164880296,391.3302744311885,392.4041873745743,49105200
2022-08-24,393.135986328125,394.50447996842576,390.9691636437866,391.6533959625738,49177800
2022-08-25,398.6860656738281,398.73357213624024,393.53509482903235,394.62800448902925,50942300
2022-08-26,385.19097900390625,399.11376779613755,385.13395963978553,398.5720838369905,103087000
2022-08-29,382.6440124511719,385.6946644031111,381.285002619314,382.23536401267944,65370800
2022-08-30,378.4433898925781,384.04103223682625,376.3430994030369,383.80344189629403,85652400
2022-08-31,375.56378173828125,381.3229690519403,375.4307462340977,380.07799803546214,76029700
2022-09-01,376.7423095703125,377.0844257808097,370.6789987050582,373.38753471575,78740100
2022-09-02,372.76971435546875,381.62708880615634,370.95452075647603,380.4106274783638,99632100
2022-09-06,371.3631286621094,374.55632817391074,369.1392870729504,373.6154799253836,76637400
2022-09-07,378.03472900390625,378.80451936163286,370.8310028776724,371.04956742201074,70964200
2022-09-08,380.5057067871094,380.9618617031352,374.5564350669581,375.7634126219765,80821700
2022-09-09,386.41693115234375,387.28176346215974,382.4824212375365,382.74852125573165,76706900
2022-09-12,390.57000732421875,391.2922912350759,388.1845910416869,388.488713636019,69256300
2022-09-13,373.5870361328125,383.0906492168183,372.46561674955393,381.88367179340526,122947100
2022-09-14,375.0125732421875,376.53315711649486,371.7053054907733,374.88902163325827,85023700
2022-09-15,370.75494384765625,376.3050503313671,369.48146319239925,373.4539664457312,87633800
2022-09-16,367.92645263671875,368.5848978908551,364.634226366037,366.57141249187293,103084800
2022-09-19,370.77978515625,370.77978515625,364.70111961719556,364.77747715242447,73278500
2022-09-20,366.52374267578125,368.4609000016925,363.7659311992638,367.4493811490609,77274900
2022-09-21,360.1301574707031,371.50498233585387,360.1206054997159,368.45132204995605,106746600
2022-09-22,357.1051330566406,360.99852235439477,356.3608073472819,359.3571850053135,89472600
2022-09-23,351.1219482421875,353.66982042614035,346.67506820312684,353.63164165790215,122346900
2022-09-26,347.6483459472656,353.27850469382014,346.42688767980343,349.65230865281546,92581200
2022-09-27,346.7609558105469,353.4598882434016,344.3657404059386,351.18873199675016,108294100
2022-09-28,353.58392333984375,355.27296245080464,346.01660643811806,347.71519752115427,110802200
2022-09-29,346.1979064941406,350.3203103402681,343.24923029563433,350.03404240715685,112952300
2022-09-30,340.84442138671875,349.17516668139064,340.71083940826395,345.2531217473703,153711200
2022-10-03,349.8431396484375,351.69441640615145,342.7815832218094,344.5660544284427,89756500
2022-10-04,360.68365478515625,360.7122815791371,349.8050362444443,355.3683901017397,103602800
2022-10-05,359.8439025878906,362.1055067151951,353.9847287224127,356.3131384107271,88065700
2022-10-06,356.1318359375,361.3993701215644,355.6355993235401,358.44114174816866,82333500
2022-10-07,346.1979064941406,356.2176918591457,344.432509914981,352.09525889115315,107789500
2022-10-10,343.5545654296875,347.55293916401916,341.31206538570666,347.3143728510966,76042800
2022-10-11,341.3788146972656,346.4268856317471,339.441657555121,341.85594728520135,92482800
2022-10-12,340.2527770996094,343.3636907851623,340.0046588434037,341.7891591233935,76991800
2022-10-13,349.2324523925781,350.7020290219594,332.18925999717504,333.23895758959026,147254500
2022-10-14,341.27392578125,353.3263019525563,340.63455517563204,351.6944872171797,123737000
2022-10-17,350.04364013671875,351.1505914925585,340.9399400894957,347.3621566992135,93168200
2022-10-18,354.15643310546875,358.2788655814361,350.711520738244,357.97349374132114,97162900
2022-10-19,351.6467590332031,354.8435535760599,348.8316647816131,352.11433970586495,79746900
2022-10-20,348.6981201171875,355.6260961767777,347.9346903310534,351.1982907828058,88283100
2022-10-21,357.1719665527344,357.65862205185954,346.91361459894165,348.4213409562037,131038400
2022-10-24,361.54248046875,362.67805847697105,356.0459031598392,358.698788584184,85436900
2022-10-25,367.3157653808594,367.6306600761956,361.35160801427605,361.4661151762165,78846300
2022-10-26,364.5483703613281,369.8540823855379,363.9090290046154,364.1666701170704,104087300
2022-10-27,362.6017150878906,367.3921160917615,361.9814193866082,365.55039117436706,81971800
2022-10-28,371.228271484375,371.70540412790007,362.31543719795053,362.49674993223925,100302000
2022-10-31,368.5467834472656,370.6366267278111,367.64024890976526,368.7662749442344,96631300
2022-11-01,366.93408203125,372.5356437948338,365.76035435229414,372.29707747025043,85407600
2022-11-02,357.72540283203125,370.85610174230845,357.62044763501416,366.34241671143474,126990400
2022-11-03,354.0419921875,357.08610094389695,351.9235219733596,354.4809460886305,87100100
2022-11-04,359.1377258300781,361.5424637304622,353.0781357834755,359.75799240640606,103505200
2022-11-07,362.5731201171875,363.1647599563083,358.3552545876023,360.43554599672575,68286900
2022-11-08,364.5293884277344,367.50669186220006,360.445133617555,363.6800782301254,84641100
2022-11-09,357.0192565917969,363.7086651999319,356.52302003221314,362.5539832992573,78495500
2022-11-10,376.6389465332031,376.9729451885855,368.00285783726986,370.3026114178393,141455800
2022-11-11,380.28424072265625,381.08582000984256,375.60831786460767,377.4977734770305,93839900
2022-11-14,377.0492858886719,381.8778657875463,376.77254080840333,378.5188625471577,71903500
2022-11-15,380.26513671875,383.9104368342091,376.4480758536066,382.80348568869397,93194500
2022-11-16,377.3642272949219,379.5876526465697,376.73440869768956,378.63338733958733,68508500
2022-11-17,376.2095031738281,376.88705243365007,372.2970391508522,372.6023818822728,74496300
2022-11-18,377.91766357421875,379.61625454437336,375.0644198124641,379.54944898801807,92922500
2022-11-21,376.54351806640625,377.7172747970653,374.7017931399619,376.59124880158924,51243200
2022-11-22,381.6106872558594,381.77292517031464,377.077927085489,378.4902502119182,60429000
2022-11-23,384.0154724121094,384.5021279345099,381.04769204993397,381.27670641341655,68261600
2022-11-25,383.92950439453125,384.4829945177539,383.17565585566234,383.45237179541095,30545400
2022-11-28,377.80316162109375,382.47905555883773,377.03973194191514,380.83771815093434,67881600
2022-11-29,377.1542663574219,379.1295732981502,375.312512286855,377.9367417321205,52310000
2022-11-30,389.03485107421875,389.03485107421875,375.48430196447526,377.4023553187591,144566700
2022-12-01,388.7485656738281,391.2487358630156,386.2388435135502,390.07497917155587,76398200
2022-12-02,388.3000793457031,389.20661386702676,383.7482445522166,383.8531997520255,85342700
2022-12-05,381.3148498535156,386.4106228219642,379.9598094992948,385.4754615098056,77289800
2022-12-06,375.8182373046875,381.69651421862574,373.728423384414,381.15260520692095,77972200
2022-12-07,375.178955078125,377.54554354532956,374.04337702250234,374.96901554376115,65927900
2022-12-08,378.1180419921875,379.1868143806111,375.2838731198775,377.06837354618364,60737900
2022-12-09,375.29345703125,379.43496494979524,375.1693978824169,376.877540928146,81447700
2022-12-12,380.70416259765625,380.70416259765625,375.41752454941917,376.08549280299235,75405800
2022-12-13,383.5860290527344,391.71635903607296,380.8186654692543,391.4587178854205,123782500
2022-12-14,381.133544921875,386.95456892239247,378.18486871743545,383.24246302501166,108111300
2022-12-15,371.8103942871094,377.1733606249857,370.1499819805847,376.2667969393166,117705900
2022-12-16,367.42071533203125,370.59383534034583,365.2829507209457,369.2517350620785,119858000
2022-12-19,364.30511474609375,367.9479918227815,362.63707790509415,367.6124594366193,79878100
2022-12-20,364.8036193847656,366.4237355185501,362.22485603598886,363.5477938735729,74427200
2022-12-21,370.25836181640625,371.3895586231339,366.864742140629,367.40158229485894,78167400
2022-12-22,364.9761657714844,370.23912957543627,359.2722031883447,367.20980089104194,100120900
2022-12-23,367.07562255859375,367.21941379519086,362.39741929068407,363.950423157118,59857300
2022-12-27,365.6280517578125,367.3056844290648,363.9504190865602,366.96058546509136,51638200
2022-12-28,361.0841064453125,367.5358135013805,360.854040448147,365.56097308852884,70911500
2022-12-29,367.58367919921875,368.45605164881476,363.4039622569558,363.93123576240765,66970900
2022-12-30,366.6154479980469,366.7592392294088,362.78085913190785,364.8994905444754,84022200
2023-01-03,365.07208251953125,370.450079987651,362.20570711462034,368.47526883215227,74850700
2023-01-04,367.89044189453125,369.92276918405963,364.2859192267099,367.3344101610025,85934100
2023-01-05,363.69158935546875,366.0498533403474,363.09723275612134,365.93482035409846,76970500
2023-01-06,372.03179931640625,373.15342943340613,363.7203443233328,366.787997866155,104189600
2023-01-09,371.8209228515625,377.4194487549502,371.6388067821009,374.2271369047477,73978100
2023-01-10,374.428466796875,374.4955791323068,370.2966990841329,371.2361840133922,65358100
2023-01-11,379.1640930175781,379.2408011692247,375.195309209713,376.010165101327,68881100
2023-01-12,380.54461669921875,382.0113458697923,376.19237910493234,380.26663005159156,90157700
2023-01-13,382.02093505859375,382.5961292686462,377.07431166109114,377.3427317250366,63903900
2023-01-17,381.32110595703125,383.6793992551705,380.64047460135316,382.00176656830166,62677300
2023-01-18,375.3008117675781,383.57394241937,375.0995040316948,382.5098579883935,99632300
2023-01-19,372.56866455078125,374.90773682058955,371.24572672429906,373.2588624544161,86958900
2023-01-20,379.50927734375,379.66266441415144,372.31942298138915,373.96829741871426,91806400
2023-01-23,384.0628967285156,385.99935386476415,379.3559346776604,380.31458203818664,84178800
2023-01-24,383.6506042480469,384.5613014945895,381.1964698645628,382.38518297842836,59524900
2023-01-25,383.7944030761719,384.12993543916394,377.2851805542504,379.57636134944494,84800300
2023-01-26,388.012451171875,388.175434067063,383.4876352529639,386.4594474008895,72287400
2023-01-27,388.904052734375,391.28150871155356,386.7566920166625,386.967595605409,68346200
2023-01-30,384.0245056152344,388.3767724039486,383.7273273025726,386.1431078861568,74202000
2023-01-31,389.67095947265625,389.7188801347345,384.19706240377985,384.5421906397612,86811800
2023-02-01,393.81231689453125,396.5636593442866,385.7117643976384,388.45348175657574,101459200
2023-02-02,399.5450744628906,401.0118038596773,395.80635533927733,397.7044585259437,101654500
2023-02-03,395.2981872558594,399.72713273402843,394.09028239614366,394.56960600643197,94736800
2023-02-06,392.8824157714844,394.2820619137646,391.22397464206705,392.8440909429574,60295300
2023-02-07,398.0207824707031,399.2670122823971,390.7158945853212,391.9621243970152,90990700
2023-02-08,393.6684875488281,397.388043561494,392.97826035827575,396.0459432619734,76227500
2023-02-09,390.2557067871094,397.42639877292254,389.02863947326034,397.27301170174235,78694900
2023-02-10,391.1664733886719,391.54992647804596,388.26177308465975,389.0765999287314,70769700
2023-02-13,395.75836181640625,395.8925864844252,391.3581741107854,391.8183353582287,64913500
2023-02-14,395.576171875,397.8864857490615,391.6169544860613,394.2340424678017,88389300
2023-02-15,396.8608093261719,396.9374882356896,392.5373007553342,393.38091503799455,61555700
2023-02-16,391.39654541015625,395.835087395517,391.2623499918296,391.8854649285943,76431500
2023-02-17,390.418701171875,390.6583629922171,387.34142233465536,389.26831273199565,89257800
2023-02-21,382.58660888671875,387.44695849959504,382.32778460616737,386.392440449129,82655900
2023-02-22,382.0592346191406,384.5421271702139,380.6020722608725,382.9986900810886,83742300
2023-02-23,384.0916442871094,385.56796937278995,379.8640060342025,384.95442103644666,96242400
2023-02-24,379.98858642578125,380.82260481900255,377.36190242771124,379.06829329418446,108194400
2023-02-27,381.28277587890625,384.69555770016393,380.3432910551879,383.3342657519672,80444700
2023-02-28,379.87353515625,382.7686390639976,379.7680687551402,380.80342407699254,96438600
2023-03-01,378.4163818359375,380.2857555557943,377.1126357022291,379.058688324708,99706800
2023-03-02,381.35943603515625,382.20305024263513,376.1060389057773,376.4415712731506,85127800
2023-03-03,387.4756774902344,387.724935164796,382.5290536184137,383.1809267997028,90120000
2023-03-06,387.7440490722656,390.6008283701899,387.3030795348652,388.3000515971973,72795900
2023-03-07,381.8004455566406,387.9358116155142,381.1869265041094,387.69614979307676,108310600
2023-03-08,382.423583984375,383.18089426793244,380.18991944950625,381.9155020986243,74746600
2023-03-09,375.3679504394531,384.87774493306273,374.38054484861016,383.20967866619384,111945300
2023-03-10,369.9515380859375,376.9017301661393,368.42729257488133,374.82145290553643,189253000
2023-03-13,369.42431640625,374.24634050095773,364.90909573022645,366.021130129731,157790000
2023-03-14,375.53094482421875,377.1798194710275,371.04445289786275,374.351798026972,149752400
2023-03-15,373.1822204589844,373.38352820078774,367.84254796683757,369.9324213189262,172996900
2023-03-16,379.7297668457031,380.0748950855989,370.31587262158683,370.82395451887174,143254200
2023-03-17,375.2897033691406,379.5334763060183,373.9039803951704,378.3979622867853,140553400
2023-03-20,378.89837646484375,379.31219038734906,375.3667296908288,376.069194315506,93055800
2023-03-21,383.87353515625,384.3546882128695,380.6690393535029,382.26647102554995,91524200
2023-03-22,377.32977294921875,387.31851343521214,377.29130185553555,383.70026302343734,111746600
2023-03-23,378.3498229980469,384.239130397535,375.6361133164018,380.1974338773298,119351300
2023-03-24,380.8326110839844,380.91921510254883,374.7219619246639,377.069990985465,107682400
2023-03-27,381.5446472167969,383.8830728135966,380.64970980063305,383.11321049277444,74010400
2023-03-28,380.6882019042969,381.5446388438139,378.85019419817775,380.85177745390115,62871700
2023-03-29,386.22149658203125,386.46207306808367,383.6521267894026,384.8550092196648,77497900
2023-03-30,388.48291015625,389.10840312839423,386.6160343292529,388.85819419263817,69840000
2023-03-31,393.9584655761719,394.25677808538353,389.3008787149844,389.4067476454537,112062600
2023-04-03,395.45965576171875,395.8638078292274,393.0442583450311,393.43880732243116,67391100
2023-04-04,393.265625,396.3931196515644,391.8895050342017,396.10441021722386,66601500
2023-04-05,392.2359313964844,393.2944738697264,390.5807639021192,392.53424390704595,65200200
2023-04-06,393.7659606933594,394.0450376322365,390.3882575257403,391.437167451645,63743300
2023-04-10,394.17010498046875,394.2471058980047,390.66732678096605,391.28318728502614,63681000
2023-04-11,394.2760009765625,395.6809594619992,393.5061679518089,394.7956544202573,59297900
2023-04-12,392.6689453125,396.6336706379783,392.08195275810823,396.34496122221753,86420400
2023-04-13,397.8846130371094,398.2406615136449,392.6111662470231,393.75631259262076,85814800
2023-04-14,396.9127502441406,399.443619886818,394.6032215680084,397.2495632394048,78161500
2023-04-17,398.3369140625,398.35614960865223,395.59433632263926,396.8260867230395,66436400
2023-04-18,398.5967712402344,400.04986273859487,397.22068066969723,399.9151257985286,63560000
2023-04-19,398.5294189453125,399.43395956292494,396.6240425026219,396.68177851295354,55227300
2023-04-20,396.3546142578125,398.10601828904817,394.8052862710272,395.70985629299514,75840400
2023-04-21,396.6625671386719,397.12445524947367,394.70908702407195,396.65293468061344,73457400
2023-04-24,397.0762939453125,397.4997108968018,395.1228141148149,396.4604040641478,64332100
2023-04-25,390.7731628417969,395.661693208056,390.7154268377835,395.103539346267,97766700
2023-04-26,389.11798095703125,392.46681590055556,388.55985648339924,391.38903804302885,80447000
2023-04-27,396.86456298828125,397.13400745421603,391.4082758440462,391.6584847650015,92968400
2023-04-28,400.25189208984375,400.2615245465103,395.92151547329547,395.9792514788031,89433100
2023-05-01,399.8477478027344,401.8781992260224,399.61677440898023,399.8092473425676,62122300
2023-05-02,395.353759765625,399.1837478908785,392.4476064659251,399.1356149746384,103998500
2023-05-03,392.6401062011719,398.2696024994155,392.3995296872918,395.85420490253955,91531800
2023-05-04,389.8590087890625,391.91832822239473,388.5213894409254,391.59114772802405,94901900
2023-05-05,397.0762939453125,398.12520386737816,393.23670274642825,393.4965147709688,87891800
2023-05-08,397.18218994140625,397.6633429667236,395.77723133030975,397.40353090526224,50046800
2023-05-09,395.4403991699219,396.55667765861574,395.2094551264847,395.63287211761855,49220100
2023-05-10,397.2880554199219,398.91435498071894,393.4580667995226,398.2792294687583,96142900
2023-05-11,396.5951232910156,396.8838033054011,394.5165390857067,396.42191528238436,70157100
2023-05-12,396.0755310058594,398.04827596600416,393.6505304091499,397.8365674670435,70481500
2023-05-15,397.44195556640625,397.8461075849292,394.766746430572,396.6817257085728,54289400
2023-05-16,394.7860107421875,397.2591440489676,394.7763782852964,396.3353092048242,57705500
2023-05-17,399.5782470703125,400.18447505456066,395.1612669816217,396.80680167335146,87287000
2023-05-18,403.427490234375,403.8509071558303,399.0393779276958,399.26068947715396,97177200
2023-05-19,402.84051513671875,404.86136352045077,401.6183971431854,404.3321069908471,103793300
2023-05-22,403.0041198730469,404.54381527738377,401.6183969458684,402.85977985297563,60745400
2023-05-23,398.48126220703125,402.9367433972177,398.08671324851565,401.35854756315524,86383500
2023-05-24,395.5943908691406,397.25919090910776,394.4300087705914,396.8742743622671,89213700
2023-05-25,399.0201416015625,400.4732329300767,396.86458575045214,399.10674560980397,90961600
2023-05-26,404.18768310546875,404.90941247611363,399.59749488037494,399.67446642499004,93830000
2023-05-30,404.3417053222656,406.6512337191027,402.955982410714,406.1219771957275,72216000
2023-05-31,402.09954833984375,403.41790279671176,400.5309849376734,402.51333285149997,110811800
2023-06-01,405.91986083984375,406.9784031486699,401.07946358730794,402.33044944585635,88865000
2023-06-02,411.7899475097656,412.579016016894,407.96959196903765,408.49884845924817,91426200
2023-06-05,411.0008850097656,413.4258854781173,410.29839108056865,412.1363990044285,65460200
2023-06-06,411.89581298828125,412.4250695118066,409.9327006351518,410.5870909976928,64022200
2023-06-07,410.47161865234375,413.42590516438145,410.04820165667223,412.2903911156484,85373300
2023-06-08,412.954345703125,413.4066306619177,409.76911544531237,410.5389484373123,61952800
2023-06-09,413.6952819824219,415.7064976991499,412.7041081245656,413.7530179844528,85742800
2023-06-12,417.4483337402344,417.5253346663892,413.9551876062376,414.6769171108834,76104300
2023-06-13,420.20050048828125,420.8452289997208,418.2470206735575,418.9110140981565,95899700
2023-06-14,420.70098876953125,422.51012900088057,417.24631327126417,420.5374131723522,100612100
2023-06-15,425.9166259765625,427.1676119841462,419.7867416783568,419.8829487810575,110303100
2023-06-16,424.4658508300781,428.4742491472454,423.99257880127806,427.9043831698667,114165800
2023-06-20,422.2637023925781,423.41310274296666,420.187064856413,422.5245090371962,76160400
2023-06-21,420.1000671386719,422.0801103736596,419.51086470582334,421.2784425280354,76982300
2023-06-22,421.61651611328125,421.7227488220665,418.80580025695025,419.14386433493524,70637200
2023-06-23,418.4291076660156,420.2159925909701,417.71436548656794,418.1586622892244,92074500
2023-06-26,416.7195129394531,419.7813378209466,416.4780427984246,417.8592449307871,72823600
2023-06-27,421.2881164550781,421.9062646558956,417.1444807996532,417.59844581995696,72813700
2023-06-28,421.5006408691406,422.514803688603,419.58818670737986,420.2063349514927,75636000
2023-06-29,423.16192626953125,423.3261389375307,420.67963558379535,421.08528892018165,67882300
2023-06-30,428.1555480957031,429.14073568910436,426.05957423925753,426.3783313417032,104964000
2023-07-03,428.6480712890625,428.9281553823134,427.5276464870672,427.80776005664865,32793400
2023-07-05,428.0106201171875,428.7446987114959,426.8225765200303,426.83224475721846,58418400
2023-07-06,424.6590576171875,425.0840474287703,422.1477622241082,424.42725571135543,80658300
2023-07-07,423.58685302734375,427.5373299461191,423.34538291856603,423.6641399688983,86134200
2023-07-10,424.6590576171875,424.83290904656155,422.659677750378,423.2295437531058,62443500
2023-07-11,427.36346435546875,427.85607282742535,424.44651594855435,425.4220646553444,64463800
2023-07-12,430.8020324707031,432.2122392972248,429.729919208418,431.15943303446664,91924500
2023-07-13,434.2212829589844,435.0133121303779,432.1832890285731,432.61791761555475,72425200
2023-07-14,433.9508361816406,435.9598548665001,433.18778225181745,435.1099046958951,69815800
2023-07-17,435.45751953125,436.51032563863066,433.7575605810342,433.8058722872245,52680200
2023-07-18,438.6932373046875,439.3403606896483,434.6944781535629,435.12913614001786,80668200
2023-07-19,439.6688232421875,440.85683741354967,438.61598753921226,439.4853035858035,65891700
2023-07-20,436.75189208984375,439.57227647249636,436.0371498627965,438.6740145693688,70591600
2023-07-21,436.75189208984375,438.6740145693688,436.742253327544,438.4711584160143,71275600
2023-07-24,438.702880859375,439.5142168422899,436.86768455433304,437.9011836363661,54023400
2023-07-25,439.900634765625,441.15626767500714,438.3841952460214,438.4325069587421,55191200
2023-07-26,439.9682922363281,441.3977766942308,437.91096179208995,438.9637681345287,71052900
2023-07-27,437.0513000488281,443.7641819600167,436.1433699333953,443.35849914141073,92194400
2023-07-28,441.33013916015625,442.16078225681895,437.05126606431355,440.3256151682766,80011800
2023-07-31,442.17047119140625,442.52784228350436,440.48981896786944,441.80343186125066,62040400
2023-08-01,440.90521240234375,441.64892989588066,439.9489705091238,440.7023562416477,55291500
2023-08-02,434.77178955078125,438.0461090832154,434.01840394785836,437.78533196247287,93933400
2023-08-03,433.52581787109375,435.4092967139093,432.10597229878186,432.7531252299224,64276100
2023-08-04,431.5650939941406,437.44730311288595,431.0435102343316,435.34169055011716,100128900
2023-08-07,435.33203125,435.48657568112884,432.7048348734821,433.4002700753938,58357500
2023-08-08,433.4389343261719,435.322413352219,430.07765910977645,432.791781332074,71361300
2023-08-09,430.5412902832031,433.87359024306414,429.7782363330844,433.7093775665813,78789600
2023-08-10,430.69580078125,436.28825743462227,429.527093565885,432.8980072622996,93005500
2023-08-11,430.444580078125,431.45877215026195,428.22306702239,428.8219081343014,68690900
2023-08-14,432.8206787109375,432.8206787109375,429.2179634605814,429.5270522820505,47867400
2023-08-15,427.7788391113281,431.40089107368914,427.2089436634091,431.0434905199487,75707500
2023-08-16,424.6397705078125,429.02484730566357,424.5335083117714,427.3635314579317,80107200
2023-08-17,421.4040222167969,426.3686327842003,420.8824384802807,426.1078556541094,95711300
2023-08-18,421.60687255859375,422.6403718520157,418.23595877170976,418.5836616313642,98852000
2023-08-21,424.3500061035156,425.09372360106846,420.4671764574395,422.62107146680034,68719000
2023-08-22,423.2005920410156,426.1272091701829,422.64039424533416,426.1272091701829,64994200
2023-08-23,427.91412353515625,428.5323013291892,424.1182194745053,424.26309568362564,68441000
2023-08-24,421.9835510253906,430.0293227205553,421.9545463127507,429.5174072282619,88517300
2023-08-25,424.9584045410156,426.2430125148385,420.1579777313309,423.71241056057767,102325100
2023-08-28,427.6531982421875,428.27134634578687,424.9583837805326,427.15092158941303,61595400
2023-08-29,433.83489990234375,434.1150135078099,427.3634885979469,427.5470082557006,83081900
2023-08-30,435.6217956542969,436.25928035352985,433.4678714194492,434.17297483140425,69053900
2023-08-31,434.98431396484375,437.3796788770793,434.8007943012341,436.2399468961714,66084600
2023-09-01,435.7956237792969,438.1910180232257,434.3371347964679,437.7080777747482,58944100
2023-09-05,433.91217041015625,435.6700800917991,433.84458117342785,435.35135247874024,55166200
2023-09-06,430.9952087402344,433.20708339429626,428.6674331394679,433.1008212089274,70758500
2023-09-07,429.6719665527344,430.34806524877047,427.6436115119561,427.99131435968866,70355400
2023-09-08,430.3191223144531,431.8548689598933,429.36290993507305,429.7202810475146,61659700
2023-09-11,433.149169921875,433.4582293140434,431.2367157088773,432.94631377147886,60180100
2023-09-12,430.7730712890625,433.2264162204621,430.1935665209915,431.7003378706483,67565400
2023-09-13,431.2752990722656,432.4343379531001,429.8940675950137,430.9951854819559,60199300
2023-09-14,434.9939270019531,435.6893621396805,432.4440178145085,433.747962382289,83430800
2023-09-15,429.7530517578125,433.7368392986662,429.31689007252186,433.40728505412073,111848900
2023-09-18,430.0050048828125,431.303846542474,428.9678601910398,429.4428015854583,55752200
2023-09-19,429.11328125,429.6754845917088,426.42836539622306,429.08420380682946,66514600
2023-09-20,425.1682434082031,430.7900985499461,424.96467175443377,430.3733120632257,82562600
2023-09-21,418.1409606933594,422.5802845540439,417.98587113932,422.31858757052555,104095800
2023-09-22,417.2007751464844,420.7677463582612,416.78395900410345,419.16842775985725,100829700
2023-09-25,418.9551086425781,418.99385884123024,415.552900361533,415.98909152895567,70874500
2023-09-26,412.8002014160156,416.6191968671865,411.9665987111882,415.91160628125357,96168400
2023-09-27,412.96490478515625,414.53517529607944,409.3204041006066,413.9729720120895,104705800
2023-09-28,415.3591003417969,417.0359784928409,411.8212066146307,412.4124874162186,92258300
2023-09-29,414.35107421875,418.5868563011905,412.82928558629357,418.4123916323294,115111300
2023-10-02,414.18621826171875,415.43660735581716,411.4237431106989,413.517407554199,83798600
2023-10-03,408.6419372558594,414.2444181473067,407.27523825202337,412.00536625897985,103760600
2023-10-04,411.61767578125,412.3640165843667,407.64359070503724,409.107224446792,87453000
2023-10-05,411.4625549316406,412.3058303467078,408.23484048426144,411.3268404794052,70142700
2023-10-06,416.3478088378906,417.8889725902115,407.6823752264937,409.01029452111743,113273300
2023-10-09,419.0133361816406,419.5852123041229,413.8954989431742,414.44797038266114,80374400
2023-10-10,421.1942138671875,423.79189736248946,419.245936455557,419.64334789466267,78607300
2023-10-11,422.9195251464844,423.17151977952034,419.8759482263836,422.2604167519184,62451700
2023-10-12,420.34124755859375,423.90821868639375,417.9858858829249,423.5302119190894,81154200
2023-10-13,418.24755859375,423.0455435777595,416.67731756779995,421.8436069564154,95143100
2023-10-16,422.64813232421875,423.71435449669224,420.25399100160854,420.4963128780658,75433200
2023-10-17,422.6287536621094,424.6836681484373,419.1684195342952,419.5173488593283,75324700
2023-10-18,416.99713134765625,421.81449099292604,415.9115341735624,420.8549059158796,93559800
2023-10-19,413.3332824707031,419.52704410810907,412.6547989345063,417.71448112410957,121323000
2023-10-20,408.2541809082031,413.4398746497076,408.14754390760345,412.8970760474875,123919900
2023-10-23,407.5466613769531,411.4141390664612,404.9683527773846,406.72276099004836,92035100
2023-10-24,410.6192932128906,411.7727477741345,407.8180379697815,409.6693807564813,78564200
2023-10-25,404.7259521484375,408.96176303970867,404.2122309968163,408.9326856001944,94223200
2023-10-26,399.8796081542969,404.5128019378402,398.9588026350324,403.6598536533469,115156800
2023-10-27,398.06695556640625,401.8665753160578,396.642101857825,401.46916391920945,107367700
2023-10-30,402.82623291015625,403.88275285179935,399.55973840849714,400.85858025181,86562700
2023-10-31,405.3560791015625,405.67593098866274,401.48860153022065,403.39809925222016,79665200
2023-11-01,409.67913818359375,410.49333629271865,405.7922850849921,406.32541106213137,98068100
2023-11-02,417.53033447265625,417.6854240377106,413.4593147358308,413.4786898388463,94938900
2023-11-03,421.339599609375,422.8904655764815,419.71120365505175,419.8372157670484,100167800
2023-11-06,422.3088684082031,422.75473237061436,420.3605910898025,422.0956239774314,67831700
2023-11-07,423.5108337402344,424.15056712063193,421.1651742590875,422.30892655420246,64256100
2023-11-08,423.82098388671875,424.6351818841711,421.5140747704494,424.11175832141294,61746000
2023-11-09,420.5157165527344,425.0035227425126,420.08922765476564,424.9647429571584,83174400
2023-11-10,427.0777282714844,427.38790735412255,420.5059605571527,422.58995223462995,89462200
2023-11-13,426.6706237792969,427.77559603562844,424.9549957269619,425.74011615602234,52236100
2023-11-14,434.9483642578125,436.2375035396276,432.38943121379657,432.61237797424354,97176900
2023-11-15,435.8692321777344,437.51703289700214,435.01625437389265,436.28601873814944,77327600
2023-11-16,436.40234375,436.72219562577186,434.3571316402488,435.42335386000235,66665800
2023-11-17,436.9451599121094,437.55581582516845,435.4912285306581,436.41203399072475,83133200
2023-11-20,440.30859375,441.1518692274426,436.6834380187307,436.69314036041027,69936200
2023-11-21,439.348876953125,440.1824794757429,438.07911286079695,439.261644639183,49244600
2023-11-22,441.045166015625,442.36341233286754,439.94989604168717,441.00641581534256,59394900
2023-11-24,441.3166198730469,441.51048921964684,440.7641484378246,441.0937026627971,29737400
2023-11-27,440.5217590332031,441.50071921666876,440.1340203994256,440.6865213302844,50506000
2023-11-28,440.95794677734375,442.2567884526749,439.5718727783306,440.13404650216097,62115000
2023-11-29,440.6477966308594,444.2438747206066,440.2504147680835,443.10979527762873,63146000
2023-11-30,442.3828125,442.7317713844543,439.4167950935211,441.491084558086,79752700
2023-12-01,444.9999084472656,445.53300475365734,441.18091323402564,441.77216442546705,89183400
2023-12-04,442.6639404296875,445.01930211338146,440.3861087358581,441.60742053346644,72430900
2023-12-05,442.57672119140625,443.5363064434526,440.89984300542426,441.27787936550914,69793500
2023-12-06,440.7931823730469,444.74786226267736,440.35699117640615,444.7187848215884,69124700
2023-12-07,444.15667724609375,444.8060833872283,442.2762568948173,442.87721048702326,66995400
2023-12-08,446.066162109375,446.59925845337557,443.167972091833,443.4102939900714,83194400
2023-12-11,447.8011474609375,447.97564170163525,445.358553474564,445.5717979195869,65002200
2023-12-12,449.8463439941406,449.94327866221204,446.4538376737931,447.45220263628306,68327600
2023-12-13,456.0498046875,456.3018289230582,449.8657452173365,450.2243768877482,93278000
2023-12-14,457.5133972167969,459.1805728813377,454.83815428105993,457.9883386207796,119026000
2023-12-15,456.7601623535156,458.09349529466084,454.91105501868043,456.9158807196401,141553700
2023-12-18,459.3294372558594,460.31239637628556,457.3051580447496,458.3659614924249,70375300
2023-12-19,462.1225280761719,462.2004020971749,459.7965540277921,459.8743983485583,55761800
2023-12-20,455.71881103515625,463.15417688283,455.2905929826461,461.26613266046417,102921000
2023-12-21,460.0398864746094,460.31238616429494,456.28325178797456,458.7065536605437,86667500
2023-12-22,460.9644470214844,462.64812393044707,459.06669078214355,461.16881437336167,67160400
2023-12-26,462.91082763671875,463.8159126462135,461.29528326802847,461.37315728833744,55387000
2023-12-27,463.7478332519531,463.8938099220547,462.1712258143802,462.7064835048319,68000300
2023-12-28,463.9229736328125,464.7599262845027,463.50449730696744,464.1078873024159,77158100
2023-12-29,462.5799560546875,464.25389115635505,460.62377959337147,463.7283454487912,122283100
2024-01-02,459.9912414550781,460.9839423046435,457.88908810923715,459.51437438828117,123623700
2024-01-03,456.2345886230469,458.57030441924957,455.6311985932203,457.8306496986943,103585900
2024-01-04,454.7650146484375,458.34644746704663,454.54116395968543,455.75768568069975,84232200
2024-01-05,455.387939453125,457.8404368275673,453.9378252017517,454.9694333616534,86118900
2024-01-08,461.88897705078125,462.0349537185437,455.7576897026201,455.8842127147601,74879100
2024-01-09,461.1882629394531,462.21012932199153,458.72602412321226,459.2320864754785,65931400
2024-01-10,463.7965087890625,464.66268658164086,461.1785514545196,461.4607928330298,67310600
2024-01-11,463.5921325683594,465.3147167416708,459.6116768106503,464.7989126874992,77940700
2024-01-12,463.9132385253906,465.7818289024957,462.50209119029734,465.04217421360715,58026400
2024-01-16,462.2101135253906,463.84511156166917,460.3902018147457,462.531291886232,85014900
2024-01-17,459.6408996582031,460.12750840636863,457.28570024897624,459.183486246918,68843900
2024-01-18,463.7283630371094,464.28310409945385,459.7673906749951,461.314802822399,91856200
2024-01-19,469.5093078613281,469.79154925027024,463.7770722736198,464.85732943436926,110834500
2024-01-22,470.50201416015625,472.2245984500442,469.84994536440996,471.04701358634367,75844900
2024-01-23,471.8741455078125,472.1174498429628,469.9569358590548,471.0469345284904,49945300
2024-01-24,472.3900146484375,475.6794645582401,471.8936642634199,474.745184157241,81765000
2024-01-25,474.9593200683594,475.23181977158964,472.39004139507995,474.52136032734217,72525000
2024-01-26,474.35589599609375,476.02008943226616,473.5092016110277,474.53106799985125,76641600
2024-01-29,478.11248779296875,478.258494159002,474.12232032676826,474.66731967923187,61322800
2024-01-30,477.74267578125,478.45310543351826,476.9835377414516,477.4214974259143,58618400
2024-01-31,469.947265625,475.98119623389044,469.92778226707486,475.533524505223,126011100
2024-02-01,476.09796142578125,476.1271567596163,470.8425637335658,471.65035080339914,91891600
2024-02-02,481.1100158691406,482.7644675885541,476.19525029914104,476.53588232086173,99228200
2024-02-05,479.3582458496094,481.1392504253947,477.1004039249224,480.4774696836803,75757100
2024-02-06,480.7499084472656,481.0807987761819,478.87157642395977,480.3022070902884,55918600
2024-02-07,484.7596130371094,485.17808940845316,482.0929770540646,482.9980918458816,70556500
2024-02-08,484.97369384765625,485.3532331832338,483.94208579679537,484.7595848352,52343600
2024-02-09,487.776611328125,488.2145413726089,485.1391705814137,485.47980263839474,63979400
2024-02-12,487.56243896484375,490.0149359961155,486.84223792928447,487.747352637465,56502300
2024-02-13,480.84722900390625,483.7766228154562,477.57723287028176,481.2851887040555,113099200
2024-02-14,485.21697998046875,485.7035886541278,481.158650574048,483.48465429025185,68387800
2024-02-15,488.56488037109375,488.74979405458623,485.4408311080291,485.91772783399097,61683000
2024-02-16,486.13189697265625,489.40189361100556,485.3922421472117,488.2632457352468,75532900
2024-02-20,483.4554748535156,485.06127758934093,481.20734508331265,484.3897552215933,71736700
2024-02-21,483.8934020996094,484.0491204434422,480.3411646253707,482.15136438471933,59293400
2024-02-22,493.9078369140625,494.87131264849836,489.54781221335594,490.51131764803023,76402500
2024-02-23,494.24847412109375,496.4674086571224,493.51856105397593,495.6304262293698,61321800
2024-02-26,492.43829345703125,495.12438315275733,492.3117704350963,494.6864234153272,50386700
2024-02-27,493.3530578613281,493.5769085410792,491.2314511932456,493.1292368818132,48854500
2024-02-28,492.7010498046875,493.28495648375826,491.4358493661455,491.7959350516518,56506600
2024-02-29,494.4722900390625,496.0878345083775,491.815425510208,494.46257806109645,83924800
2024-03-01,499.1145324707031,499.54275051356746,494.9394511031337,495.3482154895911,76844800
2024-03-04,498.5793151855469,500.42845220247364,498.28736181458015,498.31658685191803,49799300
2024-03-05,493.59637451171875,497.02211863397577,491.3871817921508,496.57441726330285,72855600
2024-03-06,496.09759521484375,498.3554668272533,494.8032290742474,496.8761572948693,68382400
2024-03-07,501.0220642089844,502.0731556685532,496.15597704493354,499.39680772832526,58652100
2024-03-08,498.0148010253906,504.34068432238394,497.4406063327474,501.6546542384204,86532500
2024-03-11,497.5866394042969,498.17057584105015,494.8810959575729,496.8080772887865,62557200
2024-03-12,502.9393615722656,503.5232683044219,497.1778712794107,499.6985307075949,73114400
2024-03-13,502.1510009765625,503.43565519442245,500.7106580961506,503.26048317387085,55104100
2024-03-14,501.1582946777344,503.27990140830235,498.1121195690471,503.1241533654222,110171800
2024-03-15,497.71710205078125,499.5426983558434,496.04773772547895,498.08807852140865,107646300
2024-03-18,500.675048828125,503.2327960119457,500.2650442068728,501.7879780994152,88893300
2024-03-19,503.4573669433594,503.7404554386333,498.9763936514032,499.9819506807113,60755300
2024-03-20,508.114013671875,508.2507017437704,502.8423468084039,503.5159556369905,69594600
2024-03-21,509.79315185546875,511.65774627628207,509.51000378121233,510.95488123336787,60256100
2024-03-22,508.8266906738281,510.1933925850028,508.59234273745244,509.7052719913618,79070800
2024-03-25,507.4208984375,508.57285588251494,507.26466648069925,507.4501546887545,48512100
2024-03-26,506.48370361328125,509.1879108526766,506.0834709315648,508.84619067556724,65463700
2024-03-27,510.7401123046875,510.7792000886694,507.1475516955064,509.31483823022427,82999800
2024-03-28,510.64251708984375,512.1459071621757,510.359428578344,510.7792051650659,96294900
2024-04-01,509.754150390625,511.9214371433278,508.5924208160107,511.38451632490194,62477500
2024-04-02,506.5130920410156,506.64972054640486,504.2091171531449,505.9273114756069,74230300
2024-04-03,507.0694580078125,508.57290771634445,505.3708077109344,505.4196078580209,59155800
2024-04-04,500.88006591796875,511.42345867223884,500.5774335376575,511.08179809560863,96858100
2024-04-05,506.1127624511719,508.0750169684766,501.7977926534172,502.23711314886503,74546500
2024-04-08,506.3958435058594,507.8211772121714,505.58560615213537,506.8156796872345,48401800
2024-04-09,506.9815979003906,508.3776156958321,502.12964804913753,508.1335553906493,68049200
2024-04-10,501.9051208496094,503.8966314464908,499.9233821983309,501.28031218136,82652800
2024-04-11,505.6929626464844,507.13778061540546,499.9136311857634,503.42807581801776,70099000
2024-04-12,498.7128601074219,503.5647804243456,496.98489398756476,502.1492186619509,92561100
2024-04-15,492.4648742675781,503.05706721719804,491.6155194168172,502.8911229007107,92101400
2024-04-16,491.5668029785156,494.46624096322887,490.27815725363826,492.94330684929076,73484000
2024-04-17,488.65753173828125,494.1928325755386,487.26151394107353,494.0268584590965,75910300
2024-04-18,487.65203857421875,492.15252641432477,486.7148552774961,490.0536135988177,74548100
2024-04-19,483.39569091796875,488.56975837513596,482.12655923369476,487.57400288126314,102212600
2024-04-22,487.8472900390625,490.44409539983275,483.65920663681294,486.00217973304706,67961000
2024-04-23,493.6363830566406,494.0659315908711,487.6617913619136,489.85833417865257,64633600
2024-04-24,493.4020690917969,495.3154935043147,491.17624034467946,494.5247405147149,55928100
2024-04-25,491.5276794433594,492.28914639879576,485.6702321576898,487.3200821932215,69122400
2024-04-26,496.18438720703125,497.7658932650639,493.6852119906925,494.3197628446228,64306100
2024-04-29,497.941650390625,498.61525929171887,495.19841463675846,497.9709364388238,46415400
2024-04-30,490.0535888671875,497.45348436502843,490.0535888671875,496.4772431240589,77483600
2024-05-01,488.4623107910156,496.1160385437577,487.9937042701267,489.4678380773352,80242800
2024-05-02,493.0310974121094,493.8706803453591,487.6812848525579,492.1720003799534,62550200
2024-05-03,499.14239501953125,500.372438730604,496.47724569258963,499.01547889074567,72756700
2024-05-06,504.29693603515625,504.3359642334882,501.1046081667102,501.54392863434595,47264700
2024-05-07,504.8534240722656,506.2494419365131,504.17981521335923,505.2634287213709,52561300
2024-05-08,504.9021911621094,505.439111907815,502.90090860900597,503.01805278679507,42047200
2024-05-09,507.8113098144531,507.8503975923716,504.43355378603155,505.0876186308662,43643700
2024-05-10,508.465576171875,510.2227987029079,507.2452744718461,509.4125016902763,52233200
2024-05-13,508.53375244140625,510.2519464031073,507.391566976992,510.1445741767588,36716400
2024-05-14,510.8670349121094,511.3844713761404,508.19214341702855,508.72906418826113,57535900
2024-05-15,517.1931762695312,517.4860367605042,512.7024302627835,513.3370109807618,59504900
2024-05-16,516.1289672851562,518.8917465910545,515.9825072697596,517.2906967075278,50244800
2024-05-17,516.8709106445312,516.9392546781255,514.7915121402848,516.2461019816988,59187600
2024-05-20,517.4664306640625,518.930792527948,516.5975616577482,516.9880819887991,37764200
2024-05-21,518.7354736328125,518.8917055815594,516.4999028909981,516.7049349793422,33437000
2024-05-22,517.2418823242188,518.7550442398426,515.064823969773,518.0424072439434,48390000
2024-05-23,513.4639282226562,520.404990006262,512.253338882305,520.2976177568495,57211200
2024-05-24,516.8612060546875,517.6715030328614,514.3620306627067,515.3089561408403,41291100
2024-05-28,517.2223510742188,517.9057318355667,514.5864879004678,517.6714434796838,36269600
2024-05-29,513.6004638671875,514.7817371522767,512.8878268689698,513.1904592530791,45190300
2024-05-30,510.1934509277344,512.7219421093527,508.9438930493387,512.0581051762924,46377600
2024-05-31,514.84033203125,514.9672481577884,506.0443890267406,511.15017117084983,90785800
2024-06-03,515.2600708007812,516.7342044816085,510.18360486685094,516.4511159966606,46835700
2024-06-04,515.8360595703125,516.5780123549347,512.4875596797398,513.9519213593795,34632700
2024-06-05,521.9668579101562,521.9864018010747,516.1679828855217,518.1595530381444,47610400
2024-06-06,521.9571533203125,522.6991062505612,520.0242145910106,522.2695576901561,30808500
2024-06-07,521.3226318359375,524.1342115774243,519.8875261250549,520.980911626184,43224500
2024-06-10,522.933349609375,523.255525898201,519.916797584573,520.5122904328304,35686100
2024-06-11,524.1928100585938,524.2513821567796,519.4092035615838,521.3812301755825,36383400
2024-06-12,528.497802734375,531.1922373732982,527.4629896787761,528.7614068662325,63251300
2024-06-13,529.5620727539062,530.4211698122318,526.7700371068663,530.2454535391702,44760900
2024-06-14,529.88427734375,529.9135335983043,527.0238379218912,528.0293950539849,40089900
2024-06-17,534.1016235351562,535.4977011129996,528.7420680092554,529.2009324320882,55839500
2024-06-18,535.4585571289062,535.585473259027,533.7403629842298,534.16013957423,41376400
2024-06-20,534.0039672851562,537.0498352385172,532.2272010481894,536.385998334327,70328200
2024-06-21,533.2880859375,534.4046057790133,531.8288032321234,533.180367297688,64338600
2024-06-24,531.554443359375,535.6776992949467,531.4369212698475,533.1117007115007,45528700
2024-06-25,533.6014404296875,533.9638101987721,531.260682360104,532.7787259572508,37936200
2024-06-26,534.2673950195312,534.9823310545671,531.8385253727439,532.4848968900385,38550600
2024-06-27,535.109619140625,535.6874858769653,533.3858821788883,534.1302285739343,35041500
2024-06-28,533.0040283203125,538.9391939081404,531.76024266257,535.883439640916,76144500
2024-07-01,534.1009521484375,534.6298016081159,531.3390631933655,534.3849539324244,40297800
2024-07-02,537.6953735351562,537.6953735351562,532.4458529900177,532.4948105764632,40434800
2024-07-03,540.0947875976562,540.457157354787,537.3427022712717,537.3818563773293,32789900
2024-07-05,543.2092895507812,543.6108134486142,539.7618150479054,540.3984429341523,41488400
2024-07-08,543.8361206054688,544.786100933334,542.7685583933277,543.9927968223914,36110500
2024-07-09,544.364990234375,545.6969473479489,544.0711849559792,544.7959245684453,27289700
2024-07-10,549.7515258789062,550.0942886699685,545.2953107088132,545.5891159264746,38701200
2024-07-11,545.0112915039062,550.7407626908513,544.3747234457534,549.8690906630567,53054200
2024-07-12,548.448974609375,552.0531251206323,545.667538567234,546.1376269625789,53084400
2024-07-15,549.957275390625,553.1990561394715,548.0964091939553,550.4469707289841,40584300
2024-07-16,553.2185668945312,553.5123721227574,550.5154392403327,551.2695891404957,36475300
2024-07-17,545.4618530273438,548.9582849622979,545.1386373621594,547.2835053633577,57119000
2024-07-18,541.2700805664062,547.988746727991,539.0860582622142,546.9995524787638,56270400
2024-07-19,537.6756591796875,542.6607838512468,536.6179005483158,541.0349619096787,65509100
2024-07-22,543.2190551757812,543.826272604696,539.6638622867013,541.6030366708314,43346700
2024-07-23,542.3670654296875,545.2660239376293,541.8773700301276,543.1113522241114,34439600
2024-07-24,530.07568359375,537.8520492308112,529.1550538158566,537.5484404624247,74515300
2024-07-25,527.3137817382812,536.1773164246895,526.3736048145187,530.193193121847,61158300
2024-07-26,533.219482421875,535.9128068838628,530.3302678617441,531.1040247828195,53763800
2024-07-29,533.5328979492188,535.7756811771844,531.5349026238763,534.7669398202207,39515800
2024-07-30,530.8297119140625,536.0596840862061,527.4214517116767,535.001925487195,46853600
2024-07-31,539.458251953125,542.0928156342903,536.2948387521341,537.665950025587,65663400
2024-08-01,531.8189697265625,543.4345294348678,528.3127341764186,541.1819427118934,76428700
2024-08-02,521.9172973632812,525.9229716163323,517.705869778205,524.7085367838448,82789100
2024-08-05,506.7171936035156,512.7894282399624,499.75370979338373,501.0955002341847,146267400
2024-08-06,511.3888244628906,518.8321690939679,507.19700401195456,508.51915740785046,84826300
2024-08-07,507.9707336425781,520.6343074860769,507.3733196862517,517.5785536304185,70698300
2024-08-08,519.7136840820312,520.3404486814812,511.08525465156777,513.1125407389065,63276600
2024-08-09,522.0054321289062,523.4941251002426,517.6667385635127,518.8909769209239,45619600
2024-08-12,522.2796630859375,524.6889257907327,520.0074696393324,523.2002926739822,42542100
2024-08-13,530.868896484375,531.1040004577378,525.2276564461794,525.4725041133277,52333100
2024-08-14,532.5436401367188,533.7287242856177,528.9884474672805,531.6621646835201,42446900
2024-08-15,541.6715698242188,541.9555715802455,537.567920792545,538.1751381862979,60846800
2024-08-16,542.8860473632812,543.5814362683599,539.8989177341498,540.0555939415091,44430700
2024-08-19,548.0767211914062,548.0767211914062,542.4452256331724,543.2972906137162,39121800
2024-08-20,547.1856079101562,549.2815184001456,545.8438474042439,547.6263456901657,33732300
2024-08-21,549.0659790039062,550.5252615016209,543.2973537542563,548.2335208659752,41514600
2024-08-22,544.7567138671875,551.5732952522009,543.5422788578662,550.9660777475402,56121500
2024-08-23,550.5449829101562,551.4852196453214,545.8047048974495,547.998590612835,50639400
2024-08-26,549.2325439453125,552.2882384520825,547.5284135216066,551.5733022984582,35788600
2024-08-27,549.9866333007812,550.476328645617,546.8134170306081,547.9592873998898,32693900
2024-08-28,546.7938232421875,550.0748179978751,543.6009999526875,549.6438836929623,41066000
2024-08-29,546.8427734375,552.0629426061665,545.6969030561269,548.7624007293272,38715200
2024-08-30,552.0629272460938,552.5722295246512,545.657733766081,549.212926690368,62700100
2024-09-03,540.7020874023438,549.25214992284,538.1850458833093,548.9191307501956,60600100
2024-09-04,539.5952758789062,543.0035361193702,538.1359934145067,538.8607329114091,47224900
2024-09-05,538.282958984375,542.3866087950116,535.8246785314534,539.5366078915503,44264300
2024-09-06,529.2235107421875,540.231851947678,528.3224880929642,538.60608979078,68493800
2024-09-09,535.1488647460938,536.4221205223048,531.4957564364314,533.4251872668898,40445800
2024-09-10,537.4798583984375,537.8324845189911,532.1813804449696,537.0587275255268,36394600
2024-09-11,542.9937744140625,543.9144040618945,528.8318231688719,537.3916883108078,75248600
2024-09-12,547.567626953125,547.87123570908,541.348459526308,543.5716957640475,51819600
2024-09-13,550.4273681640625,551.4263657909838,547.9201304028155,548.1747815451495,39310500
2024-09-16,551.240234375,551.5046291897925,548.3608236054457,550.1628688432331,36656100
2024-09-17,551.4655151367188,554.9031859740162,549.2324757022386,553.4536471249235,49321000
2024-09-18,549.8300170898438,556.969754476821,549.2717571625421,552.1217580784818,59044900
2024-09-19,559.21240234375,561.0732683170673,556.3722055885228,559.2418127536077,75315500
2024-09-20,558.245849609375,559.2871857073619,555.2200568119598,557.8430941207945,77503100
2024-09-23,559.6408081054688,560.2892222272916,558.0984411315784,559.3166610051752,44116900
2024-09-24,561.2421875,561.3011287948526,557.6073144224192,560.4366164965969,46805700
2024-09-25,560.0042724609375,561.8217386948093,558.8941616149112,561.0849426444706,38428600
2024-09-26,562.2244873046875,564.5920921622151,559.866775948692,564.2678851150425,48336000
2024-09-27,561.4090576171875,564.1106429805404,560.377555197848,563.2952985697877,42100900
2024-09-30,563.6588745117188,564.2679545173111,558.0788790007499,560.3776493545987,63557400
2024-10-01,558.6092529296875,563.9534823374194,556.0353836889657,563.3051282373419,72668800
2024-10-02,558.8450927734375,559.866821742494,555.3183290115846,557.715374727311,38097800
2024-10-03,557.8233642578125,559.7684865712154,555.5343678239607,557.3714411111998,40846500
2024-10-04,562.892578125,563.2658929623027,558.09848649286,562.273664576873,42939100
2024-10-07,557.8037109375,561.8905065573382,556.6543259021896,561.2420924631317,49964700
2024-10-08,563.0791625976562,563.6784689445017,559.5032914013763,560.3775771285751,37398700
2024-10-09,566.9793090820312,567.5392812736217,562.4700908869163,563.0693372819003,37912200
2024-10-10,565.9871215820312,567.4116060358193,564.3759797176003,565.6334738441669,44138100
2024-10-11,569.3763427734375,570.1131388058892,565.7709110163313,565.9084606662699,42268000
2024-10-14,574.0328979492188,574.9661849382893,570.5060744728205,570.9874382986001,36217200
2024-10-15,569.5728759765625,574.6027324678581,568.3546560789198,574.2981924836022,54203600
2024-10-16,572.0484008789062,572.5690988319416,568.7672362789522,569.5728070987392,30725400
2024-10-17,572.0975952148438,575.801242846272,571.9109378019983,575.594918349773,34393700
2024-10-18,574.298095703125,575.0839994048337,572.3234729286785,573.7872313147403,37416800
2024-10-21,573.3551025390625,574.5535954570634,570.3784174069214,573.5712006217359,36439000
2024-10-22,573.050537109375,574.2097557683464,570.1622940232531,570.8204817447413,34183800
2024-10-23,567.8143310546875,571.4688706983893,564.3071746074978,571.0267810694698,49314600
2024-10-24,569.0423583984375,569.8479293354313,566.4193810527883,569.7693209618997,34979900
2024-10-25,568.8458862304688,574.1705094317597,567.9028255594263,571.2724326633536,47268200
2024-10-28,570.6043701171875,572.4512770786239,570.299830137409,572.3235609618828,30174700
2024-10-29,571.5278930664062,572.64777766843,568.2466677584584,569.641651710168,42899700
2024-10-30,569.7987670898438,573.0504911915006,569.0914117169528,571.0562011429839,41435800
2024-10-31,558.6289672851562,565.4958970216722,558.4324763422399,565.4271221936206,60182500
2024-11-01,560.9866943359375,565.4173043933644,560.5741053167588,561.2617936558026,45667500
2024-11-04,559.7783203125,562.4209644478059,557.892139281839,561.1241962515347,38217000
2024-11-05,566.547119140625,566.5863933486033,560.4759261934032,560.6920242782184,39478300
2024-11-06,580.6346435546875,581.5089893813079,575.0841485043231,578.8270705681771,68182000
2024-11-07,585.1242065429688,586.1459356042433,582.5601702684252,582.6387786486675,47233200
2024-11-08,587.65869140625,589.0831757216504,585.674234913322,585.674234913322,46444900
2024-11-11,588.2186889648438,589.6038391769904,586.4896646144927,589.2501914582232,37586800
2024-11-12,586.3914794921875,588.7393574916656,583.9059918696842,588.1401110548398,43006100
2024-11-13,586.6763916015625,588.6804555395651,584.4856702408568,586.8532154819194,47388600
2024-11-14,582.9039306640625,587.2854330583992,582.2163022724781,586.804069200042,38904100
2024-11-15,575.437744140625,579.8094129170865,573.5810036102117,579.3378226480269,75988800
2024-11-18,577.7955322265625,579.1119076957027,575.0350052053479,575.8994574754852,37001700
2024-11-19,579.9076538085938,580.6346163861505,573.7480790226593,574.4161003090796,49412000
2024-11-20,580.10400390625,580.3888767508003,574.3373524745978,579.9861213526011,50032600
2024-11-21,583.21826171875,584.6427460672937,577.1077952881657,582.953055915256,46750300
2024-11-22,585.02587890625,585.6546259064262,582.7074417987914,583.2084127301733,38226400
2024-11-25,587.0103759765625,590.281707390563,584.7213793724078,588.9653319760873,42441400
2024-11-26,590.0753784179688,590.7433995936517,587.540783398016,588.2579123147351,45621300
2024-11-27,588.2874755859375,590.2718722436573,586.7647756879834,589.8887838542881,34000200
2024-11-29,591.9420166015625,592.7279205050064,588.8278416543462,589.1028810382705,30177400
2024-12-02,593.0029296875,593.6807844427898,591.8633182342458,592.354515594293,31746000
2024-12-03,593.2780151367188,593.5236138358292,591.73570807165,592.7672106157903,26906600
2024-12-04,596.9619750976562,597.2075737883222,594.2997236656325,594.9677449089698,42787600
2024-12-05,595.9794921875,597.7674575863759,595.625844515795,596.9618868048642,28762200
2024-12-06,597.109375,598.3472020292826,596.333304701608,596.7458937244957,31241500
2024-12-09,594.0344848632812,597.1584931551176,593.445071963169,596.9915028268559,34742700
2024-12-10,592.1875610351562,595.134745373381,591.529373321926,594.7123228135097,37234500
2024-12-11,596.7654418945312,597.7183358699988,594.8399269037063,595.1150261712274,28677700
2024-12-12,593.690673828125,596.4708079758578,593.690673828125,595.9010621562538,31543800
2024-12-13,593.57275390625,596.4413297893211,592.1973772710232,595.7242008087076,35904700
2024-12-16,596.1072998046875,597.0799209921157,594.5551592425911,595.3312295236393,43695200
2024-12-17,593.6513671875,594.5158794594372,592.2760503625989,593.553151685944,55773500
2024-12-18,575.9584350585938,595.7339866328443,575.5752867073982,593.3467745348553,108248700
2024-12-19,575.7815551757812,582.5601031255708,575.5359564813775,580.948961299734,85919500
2024-12-20,582.697265625,587.231466902458,572.6036351958548,573.4513839180992,125716700
2024-12-23,586.1866455078125,586.7879087972127,579.2571372355378,582.4409930028329,57635800
2024-12-24,592.7021484375,592.7416149913781,586.9554933157183,587.5370835235541,33160100
2024-12-26,592.7415771484375,593.8652307760627,589.5281816588665,590.9278604962976,41219100
2024-12-27,586.5020751953125,589.2324867459512,582.3128451341881,588.9958679237085,64969300
2024-12-30,579.8091430664062,583.278830614674,576.0536238226567,579.4839049805771,56578800
2024-12-31,577.6997680664062,582.194563069081,576.0634704063194,581.4749602926895,57052700
2025-01-02,576.2803344726562,582.6775253068124,572.1995172748154,580.9624149327,50204000
2025-01-03,583.4857788085938,584.1264484268344,578.044689478734,579.1289967873591,37888500
2025-01-06,586.8470458984375,591.1250155334773,585.1122021784661,587.7440676720806,47679400
2025-01-07,580.2133178710938,589.2029082453815,578.3897946667151,588.8776099950986,60393100
2025-01-08,581.0609741210938,582.1354148697908,576.8323377526707,580.282291853868,47304700
2025-01-10,572.1897583007812,577.5717092481003,570.2774953044753,577.5027029351614,73105000
2025-01-13,573.076904296875,573.4317423327336,567.1232298261107,567.5372676970464,47910100
2025-01-14,573.8653564453125,576.6351742776535,570.0802375478183,576.0043111010004,48420600
2025-01-15,584.3038940429688,585.4472807831376,580.7750674581439,581.8889144514343,56900200
2025-01-16,583.1802368164062,585.8514484014332,582.4803673486446,585.6740294157521,43319700
2025-01-17,589.035400390625,590.7899174222187,587.0935375428814,588.4242703969026,58070600
2025-01-21,594.4270629882812,594.4369296257112,590.1096871636119,592.0810894520482,42532900
2025-01-22,597.7686767578125,599.1289493146973,596.7041025475482,597.2560928487167,48196000
2025-01-23,601.0313110351562,601.0313110351562,596.8618141810588,597.1377792345874,41152100
2025-01-24,599.2767333984375,602.0466115435261,598.1234798327728,601.0904500891409,34604700
2025-01-27,590.7996826171875,591.115114198888,586.1373355152499,586.3048878621954,70361100
2025-01-28,595.8759765625,596.7137983317733,588.7099111753337,592.0317186698514,44433300
2025-01-29,593.204833984375,595.4916679771449,590.6518414168764,595.0874967960807,37177400
2025-01-30,596.3886108398438,597.9263022497843,592.130374590218,595.3240968992558,39281300
2025-01-31,593.2146606445312,601.2382822731704,592.4556515232641,598.8134358374799,66566900
2025-02-03,589.22265625,591.7065824928592,582.046722262467,584.1955437708402,65857200
2025-02-04,593.17529296875,593.6878166788046,588.7396375989994,589.281761222817,33457800
2025-02-05,595.5803833007812,595.7282625539741,590.0210739471236,592.0516161255263,30653100
2025-02-06,597.6503295898438,597.778475552574,594.013089933138,597.3250313642651,35771500
2025-02-07,592.1797485351562,599.4344951653416,591.4700123634921,598.2122352633725,50788500
2025-02-10,596.2013549804688,596.8420848342793,594.1215398587573,595.3931329282537,26048700
2025-02-11,596.65478515625,597.1969087784863,593.8159609148958,593.93424024475,30056700
2025-02-12,594.732666015625,595.9056528588447,589.9520392250456,590.6321754646003,45076100
2025-02-13,601.0115966796875,601.2186155981716,594.5749988790903,595.8366651794477,40921300
2025-02-14,600.9819946289062,602.2535274358258,600.360998100256,601.2185532755497,26910400
2025-02-18,602.7463989257812,602.7463989257812,599.6808827255115,602.145135650955,26749000
2025-02-19,604.1658325195312,604.4615308486234,600.8440242708047,601.3566081495158,31011100
2025-02-20,601.6522827148438,602.9336821985821,598.3403412349714,602.7956695963146,36554000
2025-02-21,591.361572265625,601.5734221193063,590.8982614234848,601.435409514207,76519800
2025-02-24,588.6705932617188,594.4073810554311,587.9608571639533,593.4118132885562,50737200
2025-02-25,585.7431030273438,589.3409366661995,581.1300283822392,588.6115273648803,58266500
2025-02-26,586.0387573242188,591.0067297705009,583.3970853838995,587.4088964020577,43321600
2025-02-27,576.6844482421875,589.4690234968429,576.290203877955,588.3157098294636,74196700
2025-02-28,585.6838989257812,586.2161558854355,574.1117771132394,577.1871598716435,88744100
2025-03-03,575.4227905273438,588.798762606637,571.6081318173137,587.6553155599406,74249200
2025-03-04,568.611572265625,577.0196322682823,564.0675042327628,571.4208567458912,109648200
2025-03-05,574.7229614257812,576.5169448984452,564.8856823224501,568.4440493526719,71230500
2025-03-06,564.5209350585938,571.8742272350298,561.9679425734266,567.2512863712917,80094900
2025-03-07,567.6849975585938,569.1340095542192,557.5421542389136,562.7368186254731,81158800
2025-03-10,552.5643920898438,561.3962362827218,547.6457527585567,559.4741670846696,99326600
2025-03-11,547.9710693359375,555.9552862473097,544.1268702267005,551.4013508923699,88102100
2025-03-12,550.8787841796875,555.0581473332891,545.7728595599632,554.1315858671662,69588200
2025-03-13,543.5352783203125,551.1153221105548,541.8201680493273,550.5041922476157,74079400
2025-03-14,554.7625122070312,555.7679467233177,543.604366956188,548.1583018697701,62660300
2025-03-17,559.0404052734375,561.5637976935186,554.3089918436672,554.742702735982,49008700
2025-03-18,552.998046875,556.9408512500528,551.0660510727529,556.7239657249663,66041400
2025-03-19,559.0206909179688,562.7860764826731,553.5993346617712,554.7821880592443,66556000
2025-03-20,557.4041748046875,562.4115538615378,554.5554838320709,555.2750866351008,62958200
2025-03-21,557.5880126953125,558.4877328401925,551.7054963570508,552.9413292589383,83763000
2025-03-24,567.5736083984375,568.6314886589248,563.7375780431137,564.3307537296456,58766800
2025-03-25,568.9379272460938,569.8771119506348,567.1879685958952,568.7797068467552,38355700
2025-03-26,562.1458129882812,569.7980806984394,560.7616559941828,568.6709866041082,51848300
2025-03-27,560.6528930664062,564.4296055114135,558.5371327368356,560.7517355574175,42164200
2025-03-28,549.3623046875,559.8521002775326,548.7790253468997,559.1204968505267,71662700
2025-03-31,553.0501098632812,554.3551567474991,540.6719872727307,543.5984615291653,95328200
2025-04-01,554.6121215820312,556.559825628618,547.4047657676659,551.1320571376683,54609600
2025-04-02,558.1219482421875,560.9890444564371,548.52197624234,548.7592465118332,76014500
2025-04-03,530.6172485351562,541.7594774009829,530.6172485351562,538.9319060881811,125986000
2025-04-04,499.5533447265625,519.9099817661254,499.3358369172059,517.7349036725598,217965100
2025-04-07,498.66357421875,517.2405945444942,476.3394695378794,483.6457288710085,256611400
2025-04-08,490.85308837890625,519.0300496454024,483.61604333672847,515.9454154101668,165816600
2025-04-09,542.402099609375,542.402099609375,487.46190618546177,487.84750052411823,241867300
2025-04-10,518.6346435546875,527.4535310578508,503.5475844453038,526.1385878330984,162331200
2025-04-11,527.8885498046875,530.3503195313269,514.1757514102393,517.0824330937988,97866300
2025-04-14,533.0098266601562,538.111379094838,527.8094317224818,537.8839447885014,68034000
2025-04-15,531.5169677734375,537.0732685211545,530.726046664157,533.5536182929557,56892900
2025-04-16,519.7023315429688,531.7937621429162,514.3931980244283,525.6541223320015,83484800
2025-04-17,520.44384765625,525.1499093262158,517.9721816819745,521.6599483491107,79868100
2025-04-21,508.05584716796875,515.7872249375157,502.6972625032136,515.2533065114334,69368100
2025-04-22,521.2743530273438,523.3011070538847,513.305704354498,514.2449494916972,75948100
2025-04-23,529.3517456054688,539.2483058984949,527.8292210770832,534.3049739114415,90590700
2025-04-24,540.4940795898438,541.2256831290485,529.3814780255258,530.6370434198044,64150400
2025-04-25,544.3992919921875,544.804618673288,537.5280483044934,540.454522631326,61119600
2025-04-28,544.6068725585938,547.2762839575454,538.8429907853031,545.1407910444296,47613800
2025-04-29,548.0375366210938,549.1547344204944,542.3329124899421,542.6888178923871,47775100
2025-04-30,548.2550659179688,550.2126665027023,535.3826699025942,541.3640897959557,93101500
2025-05-01,552.1404418945312,557.6770094036193,551.5373699314374,554.0189320097116,63186100
2025-05-02,560.3365478515625,561.9381825044319,556.006184429092,558.3295262045715,60717300
2025-05-05,557.1233520507812,560.2277786911415,555.3338684753841,556.1940033222468,38659200
2025-05-06,552.466796875,556.9652171268149,550.64768441023,551.6066618961361,48264700
2025-05-07,554.7901000976562,557.4298221355041,549.7379696101782,553.8014338302406,55588000
2025-05-08,558.6558227539062,563.8463212534109,555.333918196641,558.8337754612519,65130800
2025-05-09,557.9439697265625,561.068128702691,556.381860066797,560.0596697605964,37603400
2025-05-12,576.382568359375,576.3924646775216,570.4999916854949,574.8797762427796,78993600
2025-05-13,580.18896484375,582.403567726764,576.2342995973956,576.7977862928067,67947200
2025-05-14,580.9304809570312,582.3046813078995,578.9036666864055,581.1479585868793,66283500
2025-05-15,583.7679443359375,584.2721134769878,578.4686469334371,578.9234551699535,71268100
2025-05-16,587.465576171875,587.7621640177526,582.6013544692614,584.5489982766968,76052100
2025-05-19,588.1082153320312,588.7903975982244,581.4347167753893,581.4347167753893,68168500
2025-05-20,586.1307983398438,587.317209981726,582.917632829089,586.3681289429425,60614500
2025-05-21,576.2540893554688,585.8639582409971,575.2258980125081,581.7708648204313,95197700
2025-05-22,576.4815063476562,579.971467292194,574.8204937262445,576.0563267018498,70860400
2025-05-23,572.5465087890625,575.215919785119,569.0762805285291,569.4519785383726,76029000
2025-05-27,584.4501342773438,584.6082943415249,571.8742669840636,579.4276923460704,72588500
2025-05-28,581.0689086914062,586.051826179252,580.3373051792158,584.8555180607121,68445500
2025-05-29,583.362548828125,586.4768718669775,579.4276761926377,586.3384441000501,69973300
2025-05-30,582.7101440429688,584.4304140423015,576.6298211275496,582.2553357440712,90601200
2025-06-02,585.992431640625,586.0714814983527,578.4291102147669,581.0985213264464,61630500
2025-06-03,589.3341674804688,590.3129375391912,585.1421713516531,585.6266685650614,63606200
2025-06-04,589.1759643554688,591.1730898063917,588.7409487228937,590.1943197189499,57314200
2025-06-05,586.3285522460938,592.2111289512687,584.3512195951713,590.8566609128592,92278700
2025-06-06,592.349609375,594.0204580272924,590.0954209877331,591.8750084630755,66588700
2025-06-09,592.8834228515625,594.4356362447949,591.7069074945726,592.9229477814916,53016400
2025-06-10,596.2449340820312,596.6304681071312,592.3001649023746,593.4173023897237,66247000
2025-06-11,594.5443725585938,598.2024500657004,592.4780937113569,597.3423151819753,73658200
2025-06-12,596.9072875976562,596.9072875976562,592.7252483956809,593.2096852350186,64129000
2025-06-13,590.2338256835938,595.0288334634262,588.731033484191,591.7168252456129,89506000
2025-06-16,595.8494873046875,597.599446226556,593.4173461203459,593.5953591830877,79984100
2025-06-17,590.7578125,594.9299553868199,589.9965201271316,593.4074309844862,82209400
2025-06-18,590.6688232421875,594.4059506456396,589.7097855095001,591.6574895866379,76605000
2025-06-20,589.2816162109375,594.4180406328666,587.8735160730708,593.3471074282096,94051400
2025-06-23,595.1022338867188,595.4889076465048,586.9116980815279,590.0351674928282,87426000
2025-06-24,601.676513671875,602.7374608387837,598.3348024442159,599.2471080685161,67735300
2025-06-25,602.0136108398438,603.4910690166892,600.4468830082857,602.7969444947229,62114800
2025-06-26,606.7236328125,607.1599344481853,603.2530708764845,603.8678512919777,78548400
2025-06-27,609.7380981445312,611.2056913389495,605.692457719191,607.7252035075089,86258400
2025-06-30,612.6533813476562,614.0118537505704,609.867018033134,612.1873634601734,92502500
2025-07-01,612.455078125,613.625146088841,610.3429883405835,611.1758893553448,70030100
2025-07-02,615.2315063476562,615.2711481262035,611.4237773441516,612.0484833566157,66510400
2025-07-03,620.0803833007812,621.0124795190609,617.194824993195,617.214676143094,51065800
2025-07-07,615.4595336914062,618.7813935886118,612.6731706581298,618.1169852960921,74814500
2025-07-08,615.1224365234375,616.8775081543645,614.3093261623386,616.1238907210633,59024600
2025-07-09,618.8110961914062,619.4655183729625,615.6875662931247,617.5319680301938,66113300
2025-07-10,620.5563354492188,621.5974919629854,617.7699723301522,618.9499658515675,57529000
2025-07-11,618.3748168945312,619.6043777491163,616.3024294765994,617.5022136064131,63670200
2025-07-14,619.5548095703125,619.9018415613931,616.5701165685465,617.9186632768227,51898500
2025-07-15,616.9072875976562,622.5791484786782,616.8279435196437,622.2420420602726,74317300
2025-07-16,618.9697265625,619.4754466932056,612.8516386863737,618.4937831556223,88987500
2025-07-17,622.7576293945312,623.1146474859103,618.9301097920578,619.1482908768893,68885700
2025-07-18,622.3014526367188,624.1755098834977,621.190877778705,624.0069566966004,65621600
2025-07-21,623.4815063476562,626.2281670376054,623.0551302914085,623.4815063476562,63375000
2025-07-22,623.5707397460938,624.4334174667899,620.9232136557434,623.8087114591411,60046300
2025-07-23,628.8757934570312,628.8757934570312,624.4334327911965,626.2381323551606,70511000
2025-07-24,629.0839233398438,630.7994135925716,628.6575473006669,629.2624021105368,71307100
2025-07-25,631.7413940429688,632.2173979677802,629.5004535059064,629.748350781943,56865400
2025-07-28,631.5828247070312,632.6735486135409,630.1945756243812,632.1182610848412,54917100
2025-07-29,629.9169311523438,633.2982235137306,629.0046860832861,632.9809077241022,60556300
2025-07-30,629.1236572265625,632.3165451544952,626.2281734095909,630.5713386132512,80418900
2025-07-31,626.763671875,634.4682782312485,625.4646925404661,634.0816044685715,103385200
2025-08-01,616.4907836914062,621.0719812920488,614.0812292944926,621.0322789916852,140103600
2025-08-04,625.8612670898438,625.9108344398344,620.3183179857707,620.4075271113948,73218000
2025-08-05,622.688232421875,627.2892207726588,621.7660617410078,626.476110377079,68051400
2025-08-06,627.457763671875,628.1121858315174,622.8468502662965,623.7590952688204,64357500
2025-08-07,626.9321899414062,631.6223868787783,623.8185857342208,630.8886206499576,74205800
2025-08-08,631.82080078125,632.2868791777582,628.4097315038053,628.727047311219,64051600
2025-08-11,630.5713500976562,633.5758942477272,629.3219380955197,632.0984361099556,58742300
2025-08-12,637.284423828125,637.4430514601922,631.4340237207567,632.9214074238032,64730800
2025-08-13,639.4658813476562,640.7549350171026,637.2744477443421,639.4856719739724,60092800
2025-08-14,639.5254516601562,640.1897994624859,636.9374184340268,637.3835851461316,59327500
2025-08-15,638.0281372070312,640.6558727131268,637.11589211782,640.5566774831647,68592500
2025-08-18,637.8892822265625,638.5834067295413,636.7787072305159,637.4529805837014,43804900
2025-08-19,634.4286499023438,638.6924711313014,633.1098193903536,637.7108075589789,69750700
2025-08-20,632.7429809570312,634.2799321395609,627.626407225106,634.0221697813646,88890300
2025-08-21,630.2044677734375,632.604096553562,628.4791123479844,630.9283690027011,54805800
2025-08-22,639.88232421875,641.0623176031913,631.8901189367884,632.3958390332336,84083200
2025-08-25,637.0662841796875,639.8625729858918,636.9472983174492,638.6230864860744,51274300
2025-08-26,639.7335815429688,640.0806740325912,636.1738106528877,636.798516612414,51581600
2025-08-27,641.1912841796875,641.9250504526357,638.9998504138363,639.148612992103,48341100
2025-08-28,643.4619750976562,644.0172625669782,639.9121297324674,641.7961126896905,61519500
2025-08-29,639.6245727539062,642.3911452321481,637.7306640961879,642.0242015644989,74522200
2025-09-02,634.884765625,635.1028861742022,629.5797276837342,632.13804448044,81983500
2025-09-03,638.3255615234375,638.7916398746721,635.0731807265284,637.2645539172183,70820900
2025-09-04,643.6602783203125,643.6900550422279,638.09747828346,638.999797688006,65219200
2025-09-05,641.796142578125,646.7243720544352,637.9190556866993,646.0004708304714,85178900
2025-09-08,643.3727416992188,644.3742563254497,641.7861629025881,643.1644862104067,63133100
2025-09-09,644.8601684570312,645.3856792185645,641.7762803015634,643.5115612591451,66133900
2025-09-10,646.724365234375,649.0446498954948,645.1576374702139,648.122479271532,78034500
2025-09-11,652.0988159179688,652.7929404681626,648.092817304151,648.6778210448584,69934400
2025-09-12,651.8805541992188,653.5662677492645,651.3748946038203,652.0689585463732,72780100
2025-09-15,655.3511352539062,655.4800466805781,653.7943936028013,654.0918582328915,63772400
2025-09-16,654.4488525390625,656.213910313041,653.6655188822047,655.9064595692537,61169000
2025-09-17,653.6356811523438,656.1542956225366,648.7967216101163,654.4587170331596,101952200
2025-09-18,656.6898803710938,659.2977648370164,654.7166275252608,656.3229972048737,90459200
2025-09-19,659.9423217773438,660.7874850308027,656.6311583459587,658.5800832029405,97945600
2025-09-22,663.0645751953125,663.5119788762895,658.4209716621773,658.4508309420254,69452200
2025-09-23,659.4551391601562,663.5617612775759,658.2320617574377,662.9452156846509,81708900
2025-09-24,657.3569946289062,660.8471316064555,655.9350982101993,660.7477220570149,68082200
2025-09-25,654.3242797851562,655.6765652531099,650.7048739536411,654.2149171420698,89622100
2025-09-26,658.072998046875,658.619871988132,654.1553026157394,655.7760789419195,69179200
2025-09-29,659.9224243164062,661.5134019828115,658.112721358766,660.5985670660314,73499000
2025-09-30,662.4082641601562,662.8756347075731,657.8641309647478,659.1766647693167,86288000
2025-10-01,664.6654052734375,665.5801794564833,659.3059076216911,659.4152702620313,72545400
2025-10-02,665.4309692382812,666.7733621981591,663.004842335434,666.6540464714482,56896000
2025-10-03,665.421142578125,668.8714672806448,664.377038831869,666.1966948783695,70494400
2025-10-06,667.8074951171875,668.7024238148077,665.669704301124,667.8174482099862,54623300
2025-10-07,665.3316040039062,669.1796881705657,663.8898014056139,668.7322238208072,72020100
2025-10-08,669.2990112304688,669.398481470165,665.6299006256374,666.4552183740389,60702200
2025-10-09,667.3600463867188,670.1243359074817,665.4211353124821,669.7166839203261,66501900
2025-10-10,649.32275390625,670.1342452495495,649.14378031214,668.324542434099,159422600
2025-10-13,659.2860107421875,661.3642043859337,656.0345659370097,656.9095884512618,79560500
2025-10-14,658.4805908203125,662.0602448848334,649.4718888267987,653.4492417720955,88779600
2025-10-15,661.4039306640625,666.4352795829697,655.1992699391986,663.0446129876665,81702600
2025-10-16,656.8995971679688,664.9239136533134,653.3895542222015,663.0445999065358,110563300
2025-10-17,660.62841796875,661.9906565438909,654.4138037793879,655.7660892614911,96500900
2025-10-20,667.499267578125,668.4041493887289,663.4921159142255,663.5418206897375,60493400
2025-10-21,667.4893188476562,669.1797060532549,666.1867381348511,667.638493864759,56249000
2025-10-22,664.0191040039062,668.1953369980629,659.5445816579371,668.1953369980629,80564000
2025-10-23,667.9566650390625,668.9012985038863,664.019063764971,664.3372592841532,65604500
2025-10-24,673.4155883789062,674.628651928334,671.8246714345047,672.6300829996666,74356500
2025-10-27,681.3603515625,681.658640907831,678.2580209918731,678.8645527756448,63339800
2025-10-28,683.1700439453125,685.0095454543999,680.9526890414517,683.1600908523567,61738100
2025-10-29,683.4982299804688,685.795149064121,679.0038013689816,684.8206562449755,85657100
2025-10-30,675.9810180664062,682.0564104652303,675.9810180664062,680.0279821977349,76335800
2025-10-31,678.1983032226562,681.2012239761448,675.3942622450203,681.1614116072222,87164100
2025-11-03,679.4711303710938,681.9171636388411,676.0903560257897,681.7878948104295,57315000
2025-11-04,671.4169921875,676.1103005794487,670.7607556049009,672.2820616639051,78427000
2025-11-05,673.7437133789062,677.0051112074705,670.3529860359731,671.1583975728993,74402400
2025-11-06,666.514892578125,673.5448715272548,664.9338680034818,672.6399897028363,85035300
2025-11-07,667.1710815429688,667.2805048704689,657.4663915648358,664.1284090392404,100592400
2025-11-10,677.5818481445312,678.3176487268574,671.2081667723378,673.4056154266486,75842900
2025-11-11,679.1329956054688,679.6997756663966,674.8871520395073,676.1002762110339,58953400
2025-11-12,679.5109252929688,681.0819968300743,677.0946904605516,680.9129156193362,62312500
2025-11-13,668.235107421875,677.0051787486752,666.7237544337754,676.6472315164618,103457800
2025-11-14,668.1256713867188,671.8345335183507,659.5147291242073,661.612768198211,96846700
2025-11-17,661.901123046875,669.8956413839408,658.4209391867944,665.9083353081996,90456100
2025-11-18,656.3427734375,661.354216097308,652.146634691611,658.3512953245886,114467500
2025-11-19,658.8783569335938,663.5617119214406,655.0203196831769,657.0388554539629,94703000
2025-11-20,648.8355712890625,671.7351497651099,648.1991802397498,669.1001291109939,165293500
2025-11-21,655.2987670898438,660.7874729698119,647.1650267848305,651.3412595795126,123956200
2025-11-24,664.9437866210938,666.2662734630499,657.8442577670318,658.9380055466532,80437900
2025-11-25,671.1982421875,672.3815071629971,660.717877921785,664.8444060411854,81077100
2025-11-26,675.8318481445312,677.8404309302599,672.8885849296569,673.7934667684052,71879600
2025-11-28,679.5208129882812,679.7991961322198,676.6471609574353,677.0051081523229,49212000
2025-12-01,676.41845703125,679.1230277654502,674.8970904760725,674.9667014318244,61201200
2025-12-02,677.67138671875,679.9483994968172,675.4838303983408,678.0591325179204,62953800
2025-12-03,680.0180053710938,681.0321891246488,675.8417725523884,676.7167950740063,57238500
2025-12-04,680.51513671875,681.4895687361658,677.4824173401821,681.4199577792665,61970300
2025-12-05,681.8078002929688,684.4925257185774,680.7040993957534,681.5890143183475,79241000
2025-12-08,679.7594604492188,682.7524282821314,677.7111260885928,682.7027235077143,55231500
2025-12-09,679.1727905273438,681.5095218770947,678.7253868572307,679.2822138612034,58310100
2025-12-10,683.6771850585938,685.0692222502689,677.4526176554032,678.6955405173951,85671300
2025-12-11,685.26806640625,685.3476304583654,678.3076987410943,681.2609148661827,86173700
2025-12-12,677.9000854492188,684.9797692517327,675.3247225627367,684.2737672143002,113160300
2025-12-15,676.8758544921875,681.8774049984522,675.4042533093998,681.8574988128718,90811000
2025-12-16,675.0264282226562,677.2239376857725,671.1584377196804,675.3843754405706,122030600
2025-12-17,667.5986938476562,676.5874893555698,667.3998140691156,676.0406154817738,110625200
2025-12-18,672.6399536132812,676.8857972779194,671.0788959983324,673.7635606688432,108650100
2025-12-19,678.7363891601562,679.2350273728672,674.6275542880097,674.747283458469,103599500
2025-12-22,682.96484375,683.4933686131409,678.7364013691785,682.0772531068674,69556700
2025-12-23,686.0863037109375,686.325640311278,682.0074163952171,682.0572680421344,64840000
2025-12-24,688.4996948242188,688.9484813838191,685.9267046355759,686.0763204450832,39445600
2025-12-26,688.4298706054688,689.7761694005526,687.392725060237,688.758988861415,41613300
2025-12-29,685.9765625,687.322922191004,684.2014421207446,685.6674092439482,62559500
2025-12-30,685.138916015625,686.6846823672308,684.7100944386586,685.5777200962995,47160700
2025-12-31,680.062744140625,685.4879304984822,679.8533550408816,685.2685588951464,74144800
2026-01-02,681.309326171875,684.999261161205,677.9684744567207,683.842447277036,89377200
2026-01-05,685.846923828125,687.5522884526621,684.5106074856512,684.6701449336617,71927200
2026-01-06,689.92578125,690.4344019511112,685.9067890249802,686.0563439630641,69273800
2026-01-07,687.701904296875,692.0699799720542,687.4426026835383,690.3047811958188,75588300
2026-01-08,687.632080078125,688.7390423054183,685.6175622141362,686.9439569075789,64019200
2026-01-09,692.1796264648438,693.4162394407576,687.3029303433501,688.7489932725086,80125500
2026-01-12,693.2666625976562,694.1941832506386,688.7490319805348,688.7988836287034,63976000
2026-01-13,691.8804931640625,694.194181802135,689.467040360938,693.595779418591,78309700
2026-01-14,688.479736328125,689.8360176539858,684.1714948792828,689.1180078469732,94676700
2026-01-15,690.3546142578125,693.5558934557131,689.3673203481677,692.678285342935,77862000
2026-01-16,689.7761840820312,692.359156800422,688.22043529661,691.7707369284135,79289200
2026-01-20,675.7345581054688,682.9049778344743,674.7272992054969,679.6338820353151,111623300
2026-01-21,683.5332641601562,686.8641332264262,676.2830453044572,677.7989248999835,127844500
2026-01-22,687.103515625,689.2476843606095,685.0491285530771,687.9711412752974,77112200
2026-01-23,687.352783203125,689.0781127396581,685.2884137823622,686.2757685331861,63059600
2026-01-26,690.84326171875,692.2394730275811,688.0409174669724,688.609372319757,60473800
2026-01-27,693.5957641601562,694.6329705879123,691.6810104865692,692.2893344912051,55506100
2026-01-28,693.5259399414062,695.9393926651097,692.0499903412962,695.1515053497095,61172200
2026-01-29,692.1497192382812,695.1615135683285,682.9648421722587,694.4933553961189,97486200
2026-01-30,690.0853271484375,692.3192774332931,685.2485609149509,689.9058246991844,101835100
2026-02-02,693.5159912109375,695.0318708971434,687.5423149981101,687.7019133171445,79286500
2026-02-03,687.6520385742188,695.0617950648859,682.1670182684101,694.3138377504575,107904600
2026-02-04,684.3211059570312,689.5667896413613,679.9031787408285,688.4697490630058,105204600
2026-02-05,675.7744750976562,681.8279505601881,673.9494421186707,679.0854402743204,113610800
2026-02-06,688.739013671875,690.4244132010324,678.995603890688,679.6039887472712,89127600
2026-02-09,692.0599975585938,693.9747512796714,686.4652913399738,687.5423060693106,73885200
2026-02-10,690.2349243164062,694.64286887948,689.7761552680904,693.0572335194393,65185700
2026-02-11,690.075439453125,695.2413241987686,687.3029816841566,694.4933668556342,76353900
2026-02-12,679.41455078125,693.4561594586687,678.5169776231163,692.3491972008484,118829000
2026-02-13,679.8931884765625,684.410879804094,675.6747287653898,679.833354327075,96267500
2026-02-17,680.9901733398438,683.074507822494,673.9394826742099,678.287593220413,81354700
2026-02-18,684.4208374023438,687.2730943282486,680.9702998190471,682.157061237011,73570300
2026-02-19,682.61572265625,684.311104689823,679.6937101433548,681.9775120282383,58649400
2026-02-20,687.5523071289062,688.1805961724377,679.8732661615737,680.4616860592505,100034000
2026-02-23,680.531494140625,688.1207533479937,678.5169762252317,685.9566804858357,90558100
2026-02-24,685.4779052734375,686.4751816677359,678.1479481229125,680.0427976196477,73798700
2026-02-25,691.26220703125,691.7907319065998,688.2204651135966,688.3002642742074,56369500
2026-02-26,687.422607421875,691.4117130049051,682.486077089091,691.391808867856,71671000
2026-02-27,684.1216430664062,684.9892686841309,679.7835149777827,681.2295779636313,83308900
2026-03-02,684.5106201171875,686.744509644098,676.1734035367807,676.8515442239554,87477200
2026-03-03,678.4771118164062,680.7508704958498,667.8361281509542,673.221445388408,105003100
2026-03-04,683.2639770507812,685.2186606854194,677.7689744100875,679.7735096903759,79182200
2026-03-05,679.4544067382812,683.6629449535216,673.7699188745959,680.2223290726917,106606500
2026-03-06,670.5487060546875,674.2685275228549,667.9358467743081,671.5758690877306,100687000
2026-03-09,676.4227294921875,678.0681991431876,660.5859743093405,664.5750801817165,102667700
2026-03-10,675.3356323242188,681.4987932365287,672.9222404542279,675.87413967305,81505300
2026-03-11,674.4879760742188,678.2277626375325,671.5061293267642,675.7345715953234,68441700
2026-03-12,664.2459106445312,669.8207124533001,664.0564256954588,669.3319958917509,108882200
2026-03-13,660.4862060546875,670.5088831921612,659.5587462493693,667.4472371497842,97200200
2026-03-16,667.2078857421875,670.239584206393,665.3030536555561,666.5596317087426,82023100
2026-03-17,668.9630126953125,672.60309589337,667.8760155087483,670.5586914524959,87128000
2026-03-18,659.6285400390625,667.8959397089973,659.3892034355257,666.5396583763402,82062600
2026-03-19,658.0029907226562,661.1743225351036,653.3855958813168,655.1806813207687,111272500
2026-03-20,648.5700073242188,656.6900024414062,644.719970703125,656.510009765625,163617500
2026-03-23,655.3800048828125,662.6199951171875,653.9400024414062,658.0700073242188,134802700
2026-03-24,653.1799926757812,657.030029296875,649.8800048828125,651.3200073242188,96457500
2026-03-25,656.8200073242188,660.8900146484375,654.239990234375,658.6699829101562,90653800
2026-03-26,645.0900268554688,654.8499755859375,644.8200073242188,652.0599975585938,96494400
2026-03-27,634.0900268554688,642.6599731445312,633.1099853515625,642.5,103649400
2026-03-30,631.969970703125,640.3699951171875,629.280029296875,640.1099853515625,99275900
2026-03-31,650.3400268554688,651.5399780273438,637.97998046875,638.9400024414062,152534100
2026-04-01,655.239990234375,658.52001953125,653.0,653.9000244140625,97841500
2026-04-02,655.8300170898438,658.2000122070312,645.1099853515625,646.4199829101562,68358700
2026-04-06,658.9299926757812,659.719970703125,655.52001953125,655.8599853515625,39105800
2026-04-07,659.219970703125,659.6099853515625,651.0599975585938,656.6500244140625,69980400
2026-04-08,676.010009765625,677.0800170898438,671.4600219726562,676.3900146484375,93606100
2026-04-09,679.9099731445312,681.1599731445312,673.77001953125,674.8400268554688,57134400
2026-04-10,679.4600219726562,682.030029296875,678.4500122070312,681.3200073242188,42253500
2026-04-13,686.0999755859375,686.2999877929688,676.5800170898438,677.4099731445312,54185800
2026-04-14,694.4600219726562,694.5800170898438,687.6599731445312,687.6900024414062,63480500
2026-04-15,699.9400024414062,700.280029296875,694.2000122070312,695.260009765625,58240400
2026-04-16,701.6599731445312,702.780029296875,698.530029296875,701.0599975585938,49972400
2026-04-17,710.1400146484375,712.3900146484375,705.760009765625,706.1400146484375,70661900
2026-04-20,708.719970703125,709.9099731445312,706.1400146484375,708.780029296875,43546800
2026-04-21,704.0800170898438,711.280029296875,702.6400146484375,710.280029296875,58941400
2026-04-22,711.2100219726562,711.4500122070312,708.219970703125,709.1500244140625,42518500
2026-04-23,708.4500122070312,712.3599853515625,702.280029296875,709.5,56174000
2026-04-24,713.9400024414062,714.469970703125,709.010009765625,710.75,45182000
2026-04-27,715.1699829101562,715.6300048828125,712.2999877929688,713.1699829101562,33135900
2026-04-28,711.6900024414062,712.8800048828125,709.25,711.8200073242188,43117400
2026-04-29,711.5800170898438,712.2000122070312,708.3699951171875,711.0,41859200
2026-04-30,718.6599731445312,719.7899780273438,710.4500122070312,714.6300048828125,67240900
2026-05-01,720.6500244140625,724.8699951171875,720.469970703125,721.25,43049800
2026-05-04,718.010009765625,722.1199951171875,714.989990234375,720.0700073242188,51950600
2026-05-05,723.77001953125,725.0399780273438,721.489990234375,721.77001953125,36933200
2026-05-06,733.8300170898438,734.5900268554688,727.8200073242188,728.1599731445312,53288900
2026-05-07,731.5800170898438,736.1300048828125,729.75,735.0499877929688,51724600
2026-05-08,737.6199951171875,738.0800170898438,734.5700073242188,734.9299926757812,47227100
2026-05-11,739.2999877929688,740.7899780273438,736.4500122070312,736.4500122070312,44024000
2026-05-12,738.1799926757812,738.8400268554688,731.8300170898438,736.8900146484375,54185300
2026-05-13,742.3099975585938,743.9099731445312,735.469970703125,738.469970703125,44200200
2026-05-14,748.1699829101562,749.530029296875,743.5599975585938,743.6500244140625,45307600
2026-05-15,739.1699829101562,743.4600219726562,737.9600219726562,741.7899780273438,60290000
